{
"type": "FeatureCollection",
"name": "C:\\Users\\stein\\Documents\\GIS\\Ami4Mayor\\Layers\\Council Districts.geojson",
"crs": { "type": "name", "properties": { "name": "urn:ogc:def:crs:OGC:1.3:CRS84" } },
"features": [
{ "type": "Feature", "properties": { "OBJECTID_1": 1, "OBJECTID": 1, "District": 1, "Shape.STArea()": "73,574,372.18", "Shape.STLength()": "64,428.38", "Label": "District 1", "SHAPE_STAr": "73,574,372.18", "SHAPE_STLe": "64,428.38", "URL": "https:\/\/vwgisportal.cityofsantacruz.com\/img\/Trigueiro.png", "Email": "mailto:gtrigueiro@santacruzca.gov", "TermEnd": "December 2028", "TermBegin": "March 2024", "NameCouncil": "Gabriela Trigueiro" }, "geometry": { "type": "Polygon", "coordinates": [ [ [ -122.019763065965975, 36.976264905623097 ], [ -122.019760144062474, 36.976266328820692 ], [ -122.019695623157205, 36.976166579940262 ], [ -122.019695360079453, 36.976166678893911 ], [ -122.019546046033085, 36.976223091157259 ], [ -122.01944829675368, 36.976260020998652 ], [ -122.019382355315273, 36.976268332854183 ], [ -122.019385553535628, 36.976275789967104 ], [ -122.019206759934619, 36.976291067237256 ], [ -122.019057284372508, 36.976281651974197 ], [ -122.019026708499496, 36.976213922273601 ], [ -122.018709751058708, 36.976305187447565 ], [ -122.018577638212889, 36.976376259378448 ], [ -122.018510329152065, 36.976397876544191 ], [ -122.018335518722964, 36.976485778622475 ], [ -122.018340420804265, 36.976508843765373 ], [ -122.018268662853259, 36.9765578084425 ], [ -122.01810829808106, 36.976668785361113 ], [ -122.018089505752911, 36.976688638883374 ], [ -122.01802178268332, 36.976760185994415 ], [ -122.017934688342123, 36.97690218491627 ], [ -122.017841429143672, 36.977065952858531 ], [ -122.017804927391026, 36.977260419130502 ], [ -122.017791234576777, 36.977317399118093 ], [ -122.017665786721693, 36.977839447035031 ], [ -122.017594216312517, 36.978116769557751 ], [ -122.017590221518489, 36.978132248050095 ], [ -122.017489919974793, 36.978414687278175 ], [ -122.017396151634998, 36.978692844594647 ], [ -122.017346677382918, 36.978839613851001 ], [ -122.017274554955108, 36.978817495216042 ], [ -122.017211859865327, 36.979000630757355 ], [ -122.017281177374144, 36.979020012068545 ], [ -122.017261628383736, 36.979079166133872 ], [ -122.017249610803091, 36.979115528540916 ], [ -122.017246518256002, 36.979131248517696 ], [ -122.017243861724069, 36.979147088988768 ], [ -122.01724380161059, 36.979147449344275 ], [ -122.017239817971969, 36.979179549167256 ], [ -122.017238599552485, 36.979187513483744 ], [ -122.017238500194651, 36.979190156154566 ], [ -122.017238233688389, 36.97919925710157 ], [ -122.017237837412594, 36.979209106820448 ], [ -122.017237616210238, 36.979215335997118 ], [ -122.017237327885852, 36.979221078504892 ], [ -122.017237277134328, 36.9792227914199 ], [ -122.017237260640073, 36.97922336478922 ], [ -122.017237155984617, 36.979235360946241 ], [ -122.017237166962772, 36.979236237658156 ], [ -122.017238954678817, 36.979279231651795 ], [ -122.017239956167771, 36.979290491569373 ], [ -122.017241130730056, 36.979301311258872 ], [ -122.017245449486452, 36.979331370037677 ], [ -122.01724649221174, 36.979336388700581 ], [ -122.017246987344464, 36.979339211986201 ], [ -122.017247364494892, 36.979341032884548 ], [ -122.017248358033967, 36.979346118875064 ], [ -122.01724957526136, 36.979352046367815 ], [ -122.017250096368826, 36.979354709805492 ], [ -122.017250374620318, 36.979355972353346 ], [ -122.017251002701428, 36.979358815538042 ], [ -122.017252268787061, 36.97936499292517 ], [ -122.017253456607904, 36.979369965542411 ], [ -122.01726128799676, 36.979399031480348 ], [ -122.017262242675358, 36.979402305689732 ], [ -122.017273741077915, 36.979493820326653 ], [ -122.017335647348276, 36.979631231828982 ], [ -122.017445237952373, 36.979774583588096 ], [ -122.017631850400235, 36.979888005017358 ], [ -122.017948588865934, 36.979977322041314 ], [ -122.018149817226401, 36.980019122567093 ], [ -122.018296709882321, 36.980051619668018 ], [ -122.018344217114588, 36.980064019800508 ], [ -122.018344572210239, 36.980064137739504 ], [ -122.018388912651744, 36.980082689125368 ], [ -122.018389193035915, 36.980082834171192 ], [ -122.018429347631994, 36.980107191407981 ], [ -122.018444055297422, 36.980118325156681 ], [ -122.018444311456705, 36.980118549822244 ], [ -122.018456578043796, 36.980131506907959 ], [ -122.018456744127292, 36.980131721030681 ], [ -122.018466320676481, 36.980146355098142 ], [ -122.018472603997026, 36.980161778220847 ], [ -122.018472693056921, 36.98016207174954 ], [ -122.018475745747338, 36.980178157848016 ], [ -122.018475764362037, 36.98017841174044 ], [ -122.018475453789264, 36.980194934541345 ], [ -122.018455321806329, 36.980400286063826 ], [ -122.018469725900758, 36.980443280723208 ], [ -122.018508364371158, 36.980558609073007 ], [ -122.018609112259497, 36.980518797801963 ], [ -122.018673240380451, 36.980493455977168 ], [ -122.018681984006662, 36.980506613914578 ], [ -122.018656065621371, 36.980515905571131 ], [ -122.018574065837683, 36.980546906112309 ], [ -122.01843706648188, 36.980596905884482 ], [ -122.01831606592097, 36.980634906105564 ], [ -122.018163066060055, 36.980674906086399 ], [ -122.017868066272641, 36.980738905911274 ], [ -122.017516065661937, 36.980799905765522 ], [ -122.017248065631023, 36.980847906327121 ], [ -122.016963065342651, 36.98089490625847 ], [ -122.016634066240329, 36.980950906398405 ], [ -122.016110065175084, 36.981038905631763 ], [ -122.01602006520028, 36.981054906258763 ], [ -122.01582706509295, 36.981090906293161 ], [ -122.015757065394837, 36.981102905970531 ], [ -122.015474065487169, 36.981168905700777 ], [ -122.015124065416828, 36.981249906572714 ], [ -122.014784065954885, 36.981315906032101 ], [ -122.014459065875329, 36.981370906320045 ], [ -122.014411065897278, 36.981375906601066 ], [ -122.014053065785205, 36.981414906476154 ], [ -122.013938065115411, 36.981423906061352 ], [ -122.013818064950812, 36.981426906335599 ], [ -122.013455065010319, 36.98143890663389 ], [ -122.013112065115578, 36.98143690596833 ], [ -122.012877064984224, 36.981435906111592 ], [ -122.012713065494012, 36.981432906279686 ], [ -122.012224065207462, 36.981423906182897 ], [ -122.012061065446375, 36.981421906308086 ], [ -122.011840065194491, 36.981419906402209 ], [ -122.011470064848865, 36.981416906303011 ], [ -122.011180065333804, 36.981408906068133 ], [ -122.010960065206788, 36.981403906810741 ], [ -122.010858065342049, 36.981400906878115 ], [ -122.010304064873523, 36.981401906631469 ], [ -122.010096064736572, 36.98139990631811 ], [ -122.009475064796703, 36.981393906679614 ], [ -122.009268064361294, 36.981392906688093 ], [ -122.00905906482501, 36.981388906912919 ], [ -122.008432064865502, 36.981379906307474 ], [ -122.008224065053071, 36.981376906843401 ], [ -122.007952065018415, 36.981375906871932 ], [ -122.00713606473667, 36.981374906489975 ], [ -122.006865064366707, 36.981374906703159 ], [ -122.00659806389676, 36.981390906533193 ], [ -122.005799064414262, 36.981440906873566 ], [ -122.005533064054703, 36.981458906398736 ], [ -122.005386063534274, 36.981464906792681 ], [ -122.00494506355939, 36.981485906885581 ], [ -122.004799063456147, 36.981493906877922 ], [ -122.004689063565735, 36.981497906936781 ], [ -122.004359063649517, 36.98151090680841 ], [ -122.004250064389666, 36.981515906478961 ], [ -122.003603063598689, 36.981497907012127 ], [ -122.00297206393428, 36.981471907039229 ], [ -122.001817063732076, 36.98142490684608 ], [ -122.001707063418024, 36.981430907430678 ], [ -122.00110306344591, 36.981475907331841 ], [ -122.000496063093806, 36.981527907046029 ], [ -122.000126063661611, 36.981556907150605 ], [ -121.999861063712487, 36.981579907658293 ], [ -121.999066063172009, 36.98164790705399 ], [ -121.998802063221277, 36.981671907029096 ], [ -121.998659063667276, 36.981688907753998 ], [ -121.998575063309247, 36.981696907185444 ], [ -121.998368063576493, 36.981717907362672 ], [ -121.998230062529103, 36.981734907333056 ], [ -121.997961062906228, 36.981785907806177 ], [ -121.997900062654978, 36.981799907041264 ], [ -121.997842226738371, 36.981814300881695 ], [ -121.997833150501663, 36.981816330646012 ], [ -121.997818539299956, 36.981820196003284 ], [ -121.997671099705883, 36.981859199957796 ], [ -121.997511715230715, 36.981908083556611 ], [ -121.997355344253236, 36.9819628742612 ], [ -121.997202326964199, 36.982023452365297 ], [ -121.997052995534929, 36.982089690156329 ], [ -121.996907676094509, 36.982161438372316 ], [ -121.996708381377459, 36.982276066118821 ], [ -121.996542051834652, 36.98207095955707 ], [ -121.996484050807965, 36.981992959176097 ], [ -121.9964430510433, 36.981930959256928 ], [ -121.996415051821657, 36.981882959147015 ], [ -121.996383051274961, 36.98181595934075 ], [ -121.996364051454364, 36.981769958845625 ], [ -121.996312051632273, 36.98164095911492 ], [ -121.996229051168683, 36.981445958723867 ], [ -121.99614350259202, 36.981252152591772 ], [ -121.996072685128155, 36.98130945610643 ], [ -121.996036471214993, 36.981338769279567 ], [ -121.99602778003549, 36.981345803644295 ], [ -121.995804212136832, 36.981710489778571 ], [ -121.995802893680022, 36.981711519616674 ], [ -121.995093442920208, 36.982265907087132 ], [ -121.995013355918644, 36.982328488930385 ], [ -121.99484635160546, 36.982178399597771 ], [ -121.994844441499225, 36.982176682990534 ], [ -121.994838047790793, 36.98217093697621 ], [ -121.994837203698197, 36.982170179084243 ], [ -121.994837079064268, 36.982170068934735 ], [ -121.994795874817257, 36.982233979917304 ], [ -121.994440316141223, 36.982785475847123 ], [ -121.994391753521725, 36.982930367575278 ], [ -121.994386369156729, 36.982946379393361 ], [ -121.994384111290429, 36.982953095101081 ], [ -121.994384129814904, 36.982953122800467 ], [ -121.994457249869242, 36.983045316096927 ], [ -121.994602222727039, 36.983228088557738 ], [ -121.994602778129689, 36.983228789771395 ], [ -121.994674885111579, 36.983299129604617 ], [ -121.994698828767071, 36.98332248606529 ], [ -121.994699099114001, 36.983322749351323 ], [ -121.994724128808699, 36.983347166101069 ], [ -121.994796373563446, 36.983417643780626 ], [ -121.994843004611994, 36.983463144436044 ], [ -121.994839437936648, 36.983465282692393 ], [ -121.994822636894042, 36.983475353345277 ], [ -121.994694868383078, 36.983571546431499 ], [ -121.994567775109488, 36.983682770573715 ], [ -121.994500248905624, 36.983731892338824 ], [ -121.994484386875101, 36.983743430654066 ], [ -121.994394777882874, 36.983797677343659 ], [ -121.993993711540242, 36.984047591640362 ], [ -121.993687134831106, 36.984246651106794 ], [ -121.993602051774232, 36.984301577287134 ], [ -121.993554436072316, 36.98433231533938 ], [ -121.993496961772735, 36.984380212865339 ], [ -121.993491404640579, 36.984384844905925 ], [ -121.993439459977822, 36.984419617060986 ], [ -121.993427419649947, 36.984425980368137 ], [ -121.993359326357393, 36.984461968563053 ], [ -121.993338447403517, 36.984472672467923 ], [ -121.993278116787451, 36.984503601121034 ], [ -121.993211289750505, 36.984528652477977 ], [ -121.993172663380875, 36.984544399463225 ], [ -121.993134907258082, 36.984559791043843 ], [ -121.993126701497403, 36.984563136736938 ], [ -121.993035979782903, 36.98460044895053 ], [ -121.992951202346006, 36.984629551832789 ], [ -121.992851948821183, 36.984663143971346 ], [ -121.992763335647112, 36.984694764146447 ], [ -121.992508962353313, 36.984778470499052 ], [ -121.99242115159015, 36.984807861430809 ], [ -121.992363544327304, 36.984827143013902 ], [ -121.992355866380166, 36.984830314279186 ], [ -121.992259875773385, 36.984869958864394 ], [ -121.992214704930603, 36.984888614460495 ], [ -121.992191786174445, 36.984900303110066 ], [ -121.992125698856313, 36.984934008348944 ], [ -121.992124950430181, 36.984934390111349 ], [ -121.991925954987593, 36.985071984960818 ], [ -121.991905813653531, 36.985087547362092 ], [ -121.991890978431201, 36.985099010002529 ], [ -121.991735703775944, 36.98517615179837 ], [ -121.991460699618486, 36.985288356436833 ], [ -121.991416641089543, 36.985306535189572 ], [ -121.991363212779447, 36.985315843518002 ], [ -121.991344602541957, 36.985319085996899 ], [ -121.991342357190391, 36.985319606749812 ], [ -121.991299575962969, 36.985329534116417 ], [ -121.991294574981964, 36.985329996375114 ], [ -121.991259704913105, 36.985333219617047 ], [ -121.991241587077866, 36.985375896962864 ], [ -121.991198686041315, 36.985476951653609 ], [ -121.991187289235427, 36.985503796698296 ], [ -121.990986990789935, 36.985617349485203 ], [ -121.990772813980016, 36.985738777194229 ], [ -121.990712341126027, 36.985773055110187 ], [ -121.990677132990669, 36.985792585797391 ], [ -121.990573388543368, 36.985850137236618 ], [ -121.990178170736058, 36.986281544566673 ], [ -121.990098702780926, 36.986332777253338 ], [ -121.990065919976686, 36.986353912416675 ], [ -121.989820268990059, 36.986512278841815 ], [ -121.98981941936141, 36.986512826798105 ], [ -121.989713222713377, 36.986733499449471 ], [ -121.989692291252567, 36.986776995603094 ], [ -121.989679505644958, 36.98680363563691 ], [ -121.989678611270719, 36.986805495384715 ], [ -121.989665347771833, 36.986833131919845 ], [ -121.989575397422186, 36.987020559600566 ], [ -121.989629582985444, 36.987105103343183 ], [ -121.989678859075468, 36.987181983917644 ], [ -121.989678923217184, 36.987181989406771 ], [ -121.989707759209836, 36.987183908356592 ], [ -121.989807313449887, 36.987190534903263 ], [ -121.989809907390693, 36.987190707244281 ], [ -121.989809878708655, 36.987190733744896 ], [ -121.989809811487049, 36.987190799488559 ], [ -121.989699247359923, 36.987297806725472 ], [ -121.989694050422756, 36.987302836809135 ], [ -121.989677729881592, 36.987318630288499 ], [ -121.989434765297887, 36.987595379693303 ], [ -121.989409738942058, 36.987623884631653 ], [ -121.989402252246293, 36.987632412590713 ], [ -121.989165680245151, 36.987901812655224 ], [ -121.98916240541115, 36.987905543003109 ], [ -121.989144495266984, 36.987922764345761 ], [ -121.988772591482743, 36.988280365925441 ], [ -121.988744682585775, 36.988307200664295 ], [ -121.988716999672917, 36.988333818931814 ], [ -121.988714556577321, 36.988336666307056 ], [ -121.988169923485401, 36.988971283145759 ], [ -121.988101227567967, 36.989051328403313 ], [ -121.987962654968399, 36.989212798244516 ], [ -121.987960981377213, 36.989214740012351 ], [ -121.9879177862625, 36.989265074114101 ], [ -121.987912414705733, 36.989271339161036 ], [ -121.987891068498129, 36.989296209213165 ], [ -121.987868024775153, 36.989323061886054 ], [ -121.987835780147577, 36.98936067757775 ], [ -121.987835818280445, 36.989360674387861 ], [ -121.98783591360376, 36.989360665962607 ], [ -121.987836017894139, 36.989360656521818 ], [ -121.987836664958522, 36.989360598703946 ], [ -121.98783740624097, 36.989360533376043 ], [ -121.987848311065335, 36.98935956159918 ], [ -121.987940394342289, 36.989351360573856 ], [ -121.987940301340629, 36.989351486123311 ], [ -121.987939688710071, 36.989352317618582 ], [ -121.987499038641801, 36.989949252919466 ], [ -121.987299911839358, 36.991327015698737 ], [ -121.98706049297455, 36.991449762986463 ], [ -121.986994320819051, 36.991487529743495 ], [ -121.986786068694343, 36.991739253874869 ], [ -121.986828080557089, 36.991892132178464 ], [ -121.986758998251076, 36.992189118751988 ], [ -121.986912521716761, 36.99258134572365 ], [ -121.98691879345661, 36.992597368119434 ], [ -121.986918819913228, 36.992597342549097 ], [ -121.986918858528497, 36.992597306910788 ], [ -121.986918887177893, 36.992597278608947 ], [ -121.986919909554544, 36.992596315731177 ], [ -121.986927385772844, 36.992589261506168 ], [ -121.986928407026042, 36.99258829864263 ], [ -121.987117459114913, 36.992409909458232 ], [ -121.987117393562826, 36.992410003115715 ], [ -121.987117230868193, 36.992410240398392 ], [ -121.987117008112364, 36.992410564960259 ], [ -121.987114693109504, 36.99241393335339 ], [ -121.987096142362091, 36.992440917836859 ], [ -121.987041138681064, 36.992520927573892 ], [ -121.986976299273778, 36.992615244568206 ], [ -121.987004179776307, 36.992672158457133 ], [ -121.987025764815698, 36.992716218811104 ], [ -121.987033012216443, 36.992731016673893 ], [ -121.987052851721444, 36.992761651823137 ], [ -121.987100359237161, 36.992835008113943 ], [ -121.987103059520308, 36.992839177710309 ], [ -121.987103138749987, 36.992839207340523 ], [ -121.987172071375397, 36.992863878042378 ], [ -121.987172442510584, 36.992864011192133 ], [ -121.987172477687665, 36.992864085541882 ], [ -121.987191326031436, 36.992902074339924 ], [ -121.987292480436139, 36.99310595076345 ], [ -121.987293352235284, 36.993107707769717 ], [ -121.987391163802258, 36.993442160378336 ], [ -121.987434209080277, 36.993576152758095 ], [ -121.987442340106156, 36.993601459741654 ], [ -121.987458292163296, 36.993651113394165 ], [ -121.987465028323754, 36.993672079139493 ], [ -121.987530666582629, 36.993737790064195 ], [ -121.987593533409921, 36.993800727306187 ], [ -121.987615840147996, 36.99382306345457 ], [ -121.987666449394183, 36.993873729649486 ], [ -121.987733008452608, 36.993940363250296 ], [ -121.987781083998627, 36.994017876409949 ], [ -121.987811536314553, 36.994066975611275 ], [ -121.987874058944968, 36.994178553047092 ], [ -121.987895759385836, 36.994217278583051 ], [ -121.987906061590152, 36.994241924315219 ], [ -121.987918188409012, 36.994270937339074 ], [ -121.98794423954844, 36.994333265235035 ], [ -121.987961499286783, 36.994374559896777 ], [ -121.987965962084218, 36.994389820384505 ], [ -121.987982906879651, 36.994447757603638 ], [ -121.988055839909748, 36.994697137254747 ], [ -121.988212629280838, 36.99494182262189 ], [ -121.988269240683252, 36.995053081458337 ], [ -121.988288505574474, 36.995090944025748 ], [ -121.988289790365997, 36.99509346897193 ], [ -121.988289845318789, 36.995093577314016 ], [ -121.988238945333194, 36.995093758029675 ], [ -121.988197801128763, 36.995093903491806 ], [ -121.98819772360892, 36.995093903579516 ], [ -121.988197673064164, 36.995093904224262 ], [ -121.988056801596656, 36.995094403451638 ], [ -121.987882833022709, 36.995095020926193 ], [ -121.987882740883208, 36.995095020298919 ], [ -121.98788270494029, 36.99509502075734 ], [ -121.987882541980781, 36.995094904780714 ], [ -121.987710805323488, 36.994972605507279 ], [ -121.987707384289948, 36.994970169077391 ], [ -121.987706918198683, 36.994969837077498 ], [ -121.987706874891543, 36.994969806088314 ], [ -121.987703666705855, 36.994971023043682 ], [ -121.987639465155652, 36.9949953815401 ], [ -121.987587439904445, 36.99501258975603 ], [ -121.98758723228984, 36.995012658189758 ], [ -121.987586298050815, 36.995012967492805 ], [ -121.987585924112693, 36.995013090315993 ], [ -121.987584840291262, 36.99501344838788 ], [ -121.987582495217708, 36.995014225371108 ], [ -121.987532861672292, 36.995030629850277 ], [ -121.987519247530329, 36.995035130019559 ], [ -121.987502306059213, 36.995040731502321 ], [ -121.987480444444486, 36.995047960169693 ], [ -121.987480072716792, 36.995048081161961 ], [ -121.987480073323823, 36.995048111794411 ], [ -121.987480080687973, 36.995048143241988 ], [ -121.987480413339696, 36.99504945202419 ], [ -121.987480462089181, 36.995049644255822 ], [ -121.987481281005245, 36.995052869962649 ], [ -121.98748304302913, 36.995059805530516 ], [ -121.98748351121337, 36.995061660503985 ], [ -121.987484584807433, 36.995065888683854 ], [ -121.987484622519503, 36.995066034194686 ], [ -121.987484918778904, 36.99506720736229 ], [ -121.987485289178579, 36.995068663457268 ], [ -121.987485980567925, 36.995071350080288 ], [ -121.987485990410633, 36.995071393211589 ], [ -121.987486461839723, 36.995073241835364 ], [ -121.987486555381508, 36.995073653384537 ], [ -121.987486562817111, 36.995073688435838 ], [ -121.98748659789004, 36.995073814154281 ], [ -121.987486614882712, 36.995073877921648 ], [ -121.987486622336206, 36.995073913873924 ], [ -121.987486671121417, 36.995074107907413 ], [ -121.987486707728181, 36.995074254333502 ], [ -121.987486747045523, 36.995074424155796 ], [ -121.98748679592002, 36.995074622694084 ], [ -121.987486842887321, 36.995074838379168 ], [ -121.987486861449568, 36.995074924656052 ], [ -121.987486876392254, 36.995074998362519 ], [ -121.987486915959579, 36.995075180798175 ], [ -121.987486962160773, 36.995075414516698 ], [ -121.987488398832653, 36.995082543481267 ], [ -121.987488458156975, 36.995082815783356 ], [ -121.987488886965593, 36.995084951526763 ], [ -121.987489434352952, 36.995087685044986 ], [ -121.987489555587217, 36.995088246738582 ], [ -121.987489683724661, 36.995088930003924 ], [ -121.987489799824885, 36.9950895160949 ], [ -121.987491934095644, 36.995100098510065 ], [ -121.987491986609157, 36.995100367294214 ], [ -121.987492082434756, 36.995100837391135 ], [ -121.98749223705066, 36.995101609535972 ], [ -121.987492242150594, 36.995101640111145 ], [ -121.987492535556498, 36.995104029912234 ], [ -121.987492671158819, 36.995105146551403 ], [ -121.987492704559884, 36.995105414678093 ], [ -121.987492782668809, 36.995106067941038 ], [ -121.987492799752403, 36.99510619298767 ], [ -121.987492809150439, 36.99510627036959 ], [ -121.987492815784179, 36.995106321652436 ], [ -121.987495680192538, 36.995129766355277 ], [ -121.987498098721389, 36.995149476833696 ], [ -121.987498116252937, 36.995149681178724 ], [ -121.987498166185759, 36.99515010319687 ], [ -121.987498173960645, 36.995150155366368 ], [ -121.987498314841602, 36.995151311590263 ], [ -121.987498801450997, 36.995155286812476 ], [ -121.987498857981919, 36.99515575831159 ], [ -121.987498860853279, 36.995155789816387 ], [ -121.987498923722413, 36.995159075629324 ], [ -121.987498937543478, 36.995159829743258 ], [ -121.98749893979317, 36.995159943263666 ], [ -121.987498962560949, 36.995161205530806 ], [ -121.987498963953584, 36.995161275805344 ], [ -121.987498967503441, 36.995161341546471 ], [ -121.987498973434327, 36.995161754212631 ], [ -121.987498975434079, 36.995161855119633 ], [ -121.987499884353383, 36.995210100981133 ], [ -121.987499885772849, 36.995210172607109 ], [ -121.987501792036042, 36.99521236746466 ], [ -121.987503692352902, 36.995214545726135 ], [ -121.987503713070765, 36.995214570695083 ], [ -121.987572443394114, 36.995293259784006 ], [ -121.987589555379827, 36.995312869416992 ], [ -121.987589627767548, 36.995312950501599 ], [ -121.98758967608552, 36.995313007561194 ], [ -121.987589695644559, 36.995313030742572 ], [ -121.987602870027089, 36.995328118881048 ], [ -121.98761832520249, 36.995345818401198 ], [ -121.987618358756222, 36.995345810763872 ], [ -121.987618875544811, 36.995345809581181 ], [ -121.987625310440833, 36.995345782499122 ], [ -121.987657821228211, 36.995345666225703 ], [ -121.987659264798609, 36.995345659533044 ], [ -121.987659315325658, 36.995345657987528 ], [ -121.987659811878416, 36.99534565616154 ], [ -121.987660800419562, 36.995345648962996 ], [ -121.987670093252703, 36.995345608865421 ], [ -121.988653992832056, 36.995341338238312 ], [ -121.988712133887219, 36.995341096483564 ], [ -121.988743371365487, 36.995340961009894 ], [ -121.988743454185155, 36.995341058181999 ], [ -121.988747326597263, 36.995345234414096 ], [ -121.988820658078964, 36.995424267800644 ], [ -121.989130788614119, 36.995758514677696 ], [ -121.989397836782999, 36.996070311692094 ], [ -121.989537211463826, 36.996233040602121 ], [ -121.989537245572052, 36.996233060893857 ], [ -121.989537291055626, 36.996233088249809 ], [ -121.989708856265779, 36.996339771401203 ], [ -121.989881809784322, 36.996447317033883 ], [ -121.989908213740151, 36.996463735540068 ], [ -121.989908255657582, 36.996463753028415 ], [ -121.989951767903918, 36.996482682720938 ], [ -121.990200616765605, 36.996590940199084 ], [ -121.990285340953193, 36.996627798685644 ], [ -121.990285384011983, 36.996627817060457 ], [ -121.990541091070909, 36.996742598202495 ], [ -121.991063735110686, 36.996977199821956 ], [ -121.99106374832553, 36.996977242909871 ], [ -121.991063750397316, 36.9969772906461 ], [ -121.991063812857007, 36.996978511852937 ], [ -121.991088416754152, 36.997469067650563 ], [ -121.99108869394199, 36.997474593771152 ], [ -121.99108874840573, 36.997475695222704 ], [ -121.990951250873096, 36.997639939045285 ], [ -121.990948906727212, 36.997668763173522 ], [ -121.990940840330609, 36.997767834252485 ], [ -121.990940836839812, 36.997767884763391 ], [ -121.990940747506926, 36.997768987151517 ], [ -121.991088141675462, 36.997930463715029 ], [ -121.991191177385275, 36.998043343001584 ], [ -121.991191198087236, 36.998043367068952 ], [ -121.991192171395937, 36.998046041057272 ], [ -121.991239239860832, 36.998176887904535 ], [ -121.991458603689978, 36.998786705853135 ], [ -121.991458641854649, 36.998786817112027 ], [ -121.991458698437341, 36.99878802487622 ], [ -121.991468384832942, 36.999008662251413 ], [ -121.991477886537666, 36.999225204307415 ], [ -121.991478192441761, 36.999232173757548 ], [ -121.991478501080394, 36.99923922427925 ], [ -121.99147855656075, 36.999240461346005 ], [ -121.991478584933759, 36.999240532176813 ], [ -121.991562155032327, 36.999415462758542 ], [ -121.991577730735031, 36.999448070327716 ], [ -121.991821776994087, 36.999958906038977 ], [ -121.991896321852408, 37.000340577977795 ], [ -121.991980431515557, 37.000771259225353 ], [ -121.992001054025295, 37.000876852185677 ], [ -121.992001603774909, 37.000879665861461 ], [ -121.9920302421868, 37.001246985421893 ], [ -121.99203040357466, 37.001249056081328 ], [ -121.992032000351173, 37.001269524080833 ], [ -121.992032065005645, 37.001270346035064 ], [ -121.992035084717173, 37.001309093478817 ], [ -121.992035108421476, 37.001309381554584 ], [ -121.992035184163043, 37.001310365580117 ], [ -121.991983781122954, 37.001411837483438 ], [ -121.99198341136821, 37.001412567664985 ], [ -121.991966443556549, 37.001446066273111 ], [ -121.991870992279559, 37.001634494299637 ], [ -121.991870904729552, 37.001634668446464 ], [ -121.991870822324046, 37.001634847033415 ], [ -121.991870993889094, 37.001635988442203 ], [ -121.991968304921031, 37.002282188992901 ], [ -121.99198710869058, 37.002407055420733 ], [ -121.991994172991781, 37.00241435479424 ], [ -121.992033329499577, 37.002454812882881 ], [ -121.992226503962954, 37.002654406807956 ], [ -121.992226543212979, 37.002654459475828 ], [ -121.992226593112022, 37.002655725902542 ], [ -121.992230008405301, 37.002745443768958 ], [ -121.992232474808333, 37.00281021097048 ], [ -121.992232486784133, 37.002810530737676 ], [ -121.99223979262986, 37.003002395834599 ], [ -121.992239804444537, 37.003002707493224 ], [ -121.992239847521986, 37.003003856853304 ], [ -121.992199727147678, 37.003034749794956 ], [ -121.992037442504341, 37.003159707970276 ], [ -121.99203733624023, 37.003159788633411 ], [ -121.992037251283705, 37.00315986722169 ], [ -121.992037424281136, 37.003161108643475 ], [ -121.992038008419073, 37.003165340343855 ], [ -121.992046337463179, 37.003225685265093 ], [ -121.992100735926101, 37.003619810105683 ], [ -121.99210349264402, 37.003639783844079 ], [ -121.992103594898794, 37.003640518803856 ], [ -121.99210359547196, 37.003640547634426 ], [ -121.992103581810028, 37.00364110383979 ], [ -121.992102711331924, 37.003675709630485 ], [ -121.992099835739566, 37.003789977809419 ], [ -121.99209983453683, 37.003790086868058 ], [ -121.992099832438555, 37.00379015087902 ], [ -121.99209980246097, 37.003791299371045 ], [ -121.992133883814518, 37.003834502463754 ], [ -121.992222431799732, 37.00394674530073 ], [ -121.992222511299175, 37.003946844315408 ], [ -121.992222623130075, 37.003946987074627 ], [ -121.992244525772676, 37.003974773431821 ], [ -121.992244552166952, 37.003975987890598 ], [ -121.992245075853006, 37.004000178890543 ], [ -121.992266381393875, 37.004982763181921 ], [ -121.992266394048741, 37.004983286608123 ], [ -121.992267578596298, 37.005037944506249 ], [ -121.992270839331013, 37.005188316768674 ], [ -121.992291712737369, 37.006150886395687 ], [ -121.992293980031363, 37.006255417762233 ], [ -121.992294009091296, 37.006256709688962 ], [ -121.992294045129071, 37.00625671373394 ], [ -121.99229413050621, 37.006256712642006 ], [ -121.992294560779726, 37.006256708040155 ], [ -121.992295529189477, 37.006256698358087 ], [ -121.99322264632498, 37.006247580364317 ], [ -121.996016161054854, 37.00622006136323 ], [ -121.996049606046412, 37.006219728968219 ], [ -121.99607816746456, 37.006219447465952 ], [ -121.996101689141341, 37.006219217961267 ], [ -121.996101772531972, 37.006219229959179 ], [ -121.996101775550187, 37.006219324995484 ], [ -121.996101774974633, 37.006220536195435 ], [ -121.996101776756618, 37.006222147491243 ], [ -121.996101983892601, 37.006387603291024 ], [ -121.996102034877353, 37.006428490299349 ], [ -121.996102047908977, 37.006438557269263 ], [ -121.99610204851453, 37.006438925846126 ], [ -121.996102271860053, 37.006619511884864 ], [ -121.996102301349865, 37.006644834353359 ], [ -121.996102304123923, 37.006645029874896 ], [ -121.996102305781932, 37.006646522215945 ], [ -121.996102337438117, 37.006671220586114 ], [ -121.996102339191069, 37.006672379487505 ], [ -121.996020747123012, 37.006780509853101 ], [ -121.995186366004987, 37.00788629678145 ], [ -121.994118308575267, 37.009301724167884 ], [ -121.994113123734635, 37.009341175938225 ], [ -121.994082908895535, 37.009570935982886 ], [ -121.994082754747254, 37.009572111299249 ], [ -121.994082784261423, 37.00957212624148 ], [ -121.994082886303033, 37.009572171796478 ], [ -121.994084680552504, 37.009572945469507 ], [ -121.994255385148662, 37.009646677180228 ], [ -121.994403146414257, 37.009710500172844 ], [ -121.99453952675411, 37.009769407698442 ], [ -121.994539560457142, 37.009769407266759 ], [ -121.99454007854014, 37.00976940964285 ], [ -121.994710443368064, 37.009769786798955 ], [ -121.994747179457647, 37.00976986863877 ], [ -121.99474721426617, 37.009769867291702 ], [ -121.994747574816998, 37.009769859068285 ], [ -121.994747724215898, 37.009769856253314 ], [ -121.994748060069114, 37.009769849247427 ], [ -121.994754266932546, 37.009769707555044 ], [ -121.995092982713842, 37.009762048101024 ], [ -121.9955141413147, 37.00975252358905 ], [ -121.995514175017746, 37.009752523157083 ], [ -121.995514693082669, 37.009752524627892 ], [ -121.995514762753558, 37.009752524636127 ], [ -121.995514814431573, 37.009752523973781 ], [ -121.995515108879104, 37.00975252560707 ], [ -121.995515271813076, 37.009752525321176 ], [ -121.995515372940133, 37.009752524926228 ], [ -121.995515444875835, 37.009752525806647 ], [ -121.995518763383529, 37.009752533740709 ], [ -121.996602321345065, 37.009754920984406 ], [ -121.996849204848914, 37.009755463477681 ], [ -121.996849666706225, 37.009755463861197 ], [ -121.996850204993066, 37.009755465066682 ], [ -121.996854205407701, 37.009755463314086 ], [ -121.996854204366031, 37.009755298410539 ], [ -121.996854188157926, 37.009754260453036 ], [ -121.996854183414257, 37.009753909952856 ], [ -121.996844819786418, 37.009071888741971 ], [ -121.996844821188617, 37.009071846368272 ], [ -121.996840809120144, 37.008446969174237 ], [ -121.996840246583133, 37.008359383896924 ], [ -121.996840247985347, 37.008359341523267 ], [ -121.996839776441419, 37.008286177646262 ], [ -121.996839348883015, 37.008219613485338 ], [ -121.996838483566506, 37.008085072236746 ], [ -121.996838481706973, 37.008084922663912 ], [ -121.996838479685053, 37.008084877630587 ], [ -121.996838529600225, 37.00808490132227 ], [ -121.996839036939477, 37.008085154355271 ], [ -121.99684000849723, 37.008085639346056 ], [ -121.997376971847999, 37.008353620287139 ], [ -121.997648449131887, 37.008489105219304 ], [ -121.997648448735106, 37.008488860101991 ], [ -121.997648443250142, 37.008488360014596 ], [ -121.997648440155743, 37.008487867105927 ], [ -121.997648404000827, 37.008483127335396 ], [ -121.997648314935375, 37.00847140045326 ], [ -121.997647424593026, 37.008353527834302 ], [ -121.997647424889408, 37.008353486375974 ], [ -121.997637416027473, 37.007030952468206 ], [ -121.99763691323929, 37.006964538868168 ], [ -121.997636910165454, 37.00696449745314 ], [ -121.997636961841522, 37.006964496789834 ], [ -122.000932865375432, 37.006961030579681 ], [ -122.001151518920281, 37.006960799604471 ], [ -122.001151553198724, 37.00696082800139 ], [ -122.001151655781712, 37.006960900578854 ], [ -122.001175256465658, 37.006978147535456 ], [ -122.001289606284743, 37.007061708578924 ], [ -122.001480644055619, 37.007201305232073 ], [ -122.001480854148539, 37.007201303429781 ], [ -122.001482155436761, 37.007201306510545 ], [ -122.001811836137549, 37.007201732675647 ], [ -122.001811804098622, 37.00720159160182 ], [ -122.001811570268117, 37.007200519496777 ], [ -122.001811551704364, 37.007200434123035 ], [ -122.001810624258383, 37.007196202376058 ], [ -122.001802936217885, 37.007161117230652 ], [ -122.00180291126199, 37.007160993188187 ], [ -122.001788955735861, 37.007080837497043 ], [ -122.001782409697157, 37.00704324136742 ], [ -122.001782388075469, 37.007043115479703 ], [ -122.001779684590403, 37.007022062526943 ], [ -122.001779421161217, 37.007020016620864 ], [ -122.001775430661596, 37.006988948232127 ], [ -122.001774274020391, 37.006979944952263 ], [ -122.001767195766078, 37.00692484833484 ], [ -122.001767181954065, 37.006924719643017 ], [ -122.00176339856678, 37.00687923682451 ], [ -122.001763013584039, 37.006874597968917 ], [ -122.00175973889921, 37.0068352195443 ], [ -122.001759669387397, 37.006834385039689 ], [ -122.001757377206246, 37.006806819330123 ], [ -122.001757316580296, 37.006806091952242 ], [ -122.001757308376227, 37.006805962737673 ], [ -122.001757291218837, 37.006805498397213 ], [ -122.001757107953367, 37.006800719965099 ], [ -122.00175370455446, 37.006711332790651 ], [ -122.001752849966564, 37.006689009701333 ], [ -122.001752783061079, 37.006687126182939 ], [ -122.001752778236266, 37.006686997375411 ], [ -122.001717611755609, 37.006006278781278 ], [ -122.00171756622025, 37.006005407019451 ], [ -122.001717555189899, 37.006005276940101 ], [ -122.001717517906144, 37.006004957949607 ], [ -122.001626772350889, 37.00524374793622 ], [ -122.001626756382805, 37.005243623778078 ], [ -122.001626302190644, 37.005240523236239 ], [ -122.001619825054007, 37.005196306107308 ], [ -122.001618321795419, 37.005186038418735 ], [ -122.001616822610458, 37.005175805824031 ], [ -122.001609011592407, 37.005122484960758 ], [ -122.001608402810831, 37.005118341032968 ], [ -122.001608382902049, 37.005118216474962 ], [ -122.001608250870746, 37.005117598608955 ], [ -122.001608135654209, 37.005117062985086 ], [ -122.001607038727201, 37.005111940343546 ], [ -122.001605456195961, 37.005104561975351 ], [ -122.001591386778088, 37.005038958287848 ], [ -122.001581725219907, 37.00499389717551 ], [ -122.001581694657276, 37.004993773655784 ], [ -122.00152028792381, 37.004786627477529 ], [ -122.001520258962415, 37.004786527818588 ], [ -122.00152024311501, 37.004786465840709 ], [ -122.001520235798026, 37.004786437096946 ], [ -122.001515841960298, 37.004769569373735 ], [ -122.001509420242115, 37.004744909961126 ], [ -122.001503699639187, 37.004722944181609 ], [ -122.001502004300903, 37.004716441414217 ], [ -122.001501911589514, 37.004716075824732 ], [ -122.001499173286959, 37.004705574400411 ], [ -122.001499164396066, 37.004705523147244 ], [ -122.00149915327647, 37.004705472823929 ], [ -122.001493434625203, 37.004669001534104 ], [ -122.001493242478844, 37.004667765777647 ], [ -122.001489053841496, 37.004641047255902 ], [ -122.001489047521716, 37.004641012190973 ], [ -122.001486305368246, 37.004623522121015 ], [ -122.001486288214124, 37.004623394823994 ], [ -122.001486281404496, 37.004623279109282 ], [ -122.00148620579327, 37.00462208330773 ], [ -122.001486071782239, 37.004619878028535 ], [ -122.001483705959103, 37.004581490026851 ], [ -122.001483528297385, 37.004578619333152 ], [ -122.001483267214581, 37.004574387120257 ], [ -122.001483265045806, 37.004574334879401 ], [ -122.001483216823075, 37.00457355327076 ], [ -122.001483135354462, 37.00457223318098 ], [ -122.001482739353833, 37.004565806514776 ], [ -122.001482666385968, 37.004564630505314 ], [ -122.001482661579757, 37.004564502598797 ], [ -122.001482694339316, 37.004563275663486 ], [ -122.001483003482818, 37.004551600429458 ], [ -122.001483074750183, 37.004548928398037 ], [ -122.001483075807329, 37.004548868906163 ], [ -122.001483106200382, 37.004547748341217 ], [ -122.001483502906893, 37.004532811490648 ], [ -122.001483852599975, 37.004519568572903 ], [ -122.001483884596681, 37.004518359671181 ], [ -122.001484014733634, 37.004513406882396 ], [ -122.00148404477838, 37.004512325072916 ], [ -122.001484219681842, 37.004505678380134 ], [ -122.001484228953586, 37.00450555209482 ], [ -122.001484239997595, 37.004505458229424 ], [ -122.001484782418501, 37.00450072543147 ], [ -122.00148511182249, 37.004497869840954 ], [ -122.001485134403055, 37.004497650562236 ], [ -122.001485140205858, 37.004497603625929 ], [ -122.001485214993977, 37.004496961019299 ], [ -122.001487037840405, 37.004481081199586 ], [ -122.001490539409403, 37.00445059859247 ], [ -122.001490609962175, 37.004449912783471 ], [ -122.001490731131028, 37.004448948757847 ], [ -122.001490736717585, 37.004448891010078 ], [ -122.001490816953748, 37.004448127574449 ], [ -122.001490958816859, 37.004446962318156 ], [ -122.001490972020335, 37.004446835982272 ], [ -122.001491164477386, 37.004445953047153 ], [ -122.001491176858138, 37.004445897915474 ], [ -122.001491667816396, 37.004443647645132 ], [ -122.001492000360173, 37.004442128472562 ], [ -122.001494844648406, 37.004429115697398 ], [ -122.001494938840395, 37.004428656682961 ], [ -122.001496928010653, 37.004419574168587 ], [ -122.001503127303664, 37.004391162915425 ], [ -122.00150531565653, 37.004381140604579 ], [ -122.001505943528656, 37.004378264050523 ], [ -122.001506066975352, 37.00437769471494 ], [ -122.001506076400574, 37.004377660348602 ], [ -122.00150740817098, 37.004371551194964 ], [ -122.001507495706974, 37.004371152645597 ], [ -122.0015075287223, 37.004371033714797 ], [ -122.001507665007011, 37.004370628680363 ], [ -122.001507770072465, 37.004370320023945 ], [ -122.001507851794045, 37.004370080158111 ], [ -122.001507882550698, 37.004369988742518 ], [ -122.001511389224717, 37.004359643964179 ], [ -122.001511486841238, 37.004359356130927 ], [ -122.001511568472694, 37.004359111760273 ], [ -122.001511605302539, 37.004358986922703 ], [ -122.001511764865072, 37.004358537881231 ], [ -122.001511861772826, 37.004358270784287 ], [ -122.001512012895105, 37.004357793013483 ], [ -122.001515320310261, 37.004348047384198 ], [ -122.001515407179852, 37.004347784021277 ], [ -122.001521315823055, 37.004330343937042 ], [ -122.001521736336699, 37.004329121924776 ], [ -122.001523046709607, 37.004325256998655 ], [ -122.001524053648566, 37.004322288151279 ], [ -122.001524096113215, 37.004322164142366 ], [ -122.001525896598281, 37.004316849209424 ], [ -122.001528311507727, 37.004309726701607 ], [ -122.00152838900614, 37.004309500407842 ], [ -122.001532663846135, 37.004296889174256 ], [ -122.001532697197732, 37.004296758974313 ], [ -122.001532720956149, 37.004296710905713 ], [ -122.001534047148922, 37.004293861412137 ], [ -122.001536186881665, 37.004289272073599 ], [ -122.001542093137715, 37.004276599291281 ], [ -122.0015459383484, 37.004268349016556 ], [ -122.001553111567773, 37.004252955470463 ], [ -122.001564042658615, 37.004229495713282 ], [ -122.001564119244051, 37.004229336118996 ], [ -122.001565832278033, 37.00422565976524 ], [ -122.00156629121355, 37.004224673368974 ], [ -122.001743272893364, 37.003868563935413 ], [ -122.001757398959285, 37.003839406293842 ], [ -122.001788257934194, 37.00377570260612 ], [ -122.001788277361129, 37.003775662703866 ], [ -122.00178859350261, 37.003775008879778 ], [ -122.001789088817802, 37.003773987769286 ], [ -122.001789462224892, 37.003773219658704 ], [ -122.001792708609926, 37.003766547849814 ], [ -122.001792759171593, 37.003766435451986 ], [ -122.001794554176072, 37.003761971304506 ], [ -122.001794708053666, 37.003761631379241 ], [ -122.001794811207347, 37.00376139574319 ], [ -122.00179509706004, 37.003760688237833 ], [ -122.001799908848085, 37.00374885952121 ], [ -122.001800106913308, 37.003748369430326 ], [ -122.001800498784817, 37.003747401018842 ], [ -122.001800670208752, 37.003746983365744 ], [ -122.001811007876256, 37.003721558526962 ], [ -122.001821068292656, 37.003696822157046 ], [ -122.001827975817122, 37.003679836013262 ], [ -122.001828075312091, 37.003679586005326 ], [ -122.001828119187635, 37.003679476397096 ], [ -122.001828405220039, 37.0036787779012 ], [ -122.001828528346849, 37.003678473517915 ], [ -122.001829118480799, 37.003677024925878 ], [ -122.001829495345845, 37.003676092754873 ], [ -122.001832574344007, 37.003668524617261 ], [ -122.001832667477501, 37.003668293616123 ], [ -122.001835077126259, 37.003662370647461 ], [ -122.001835120857507, 37.003662253831557 ], [ -122.001838206676908, 37.003652949021181 ], [ -122.001838952708368, 37.003650699971892 ], [ -122.001839516450389, 37.003648999387558 ], [ -122.001839872529231, 37.003647926899049 ], [ -122.001839950933061, 37.003647689779221 ], [ -122.001844484301387, 37.003634020818517 ], [ -122.001853074069288, 37.003608115613069 ], [ -122.001858111818592, 37.003592924365066 ], [ -122.001862603785938, 37.00357937669542 ], [ -122.001862780818868, 37.003578846321837 ], [ -122.001862854963534, 37.003578620972185 ], [ -122.001863269291846, 37.003577371101478 ], [ -122.001863482282772, 37.003576728517992 ], [ -122.001866892384101, 37.003566447153204 ], [ -122.001866990869075, 37.00356614669186 ], [ -122.001867191209243, 37.003565545725749 ], [ -122.001867228164386, 37.003565427194701 ], [ -122.001870197403605, 37.003556473544144 ], [ -122.001870234358705, 37.003556355013103 ], [ -122.001871877182154, 37.003550013851118 ], [ -122.001872083665901, 37.003549214545082 ], [ -122.001872518546804, 37.00354753184061 ], [ -122.001872706288722, 37.003546806673022 ], [ -122.001896200128215, 37.003456006284686 ], [ -122.001896235382986, 37.003455858937656 ], [ -122.0018966610902, 37.003454223212856 ], [ -122.001896714323919, 37.003454019760831 ], [ -122.001896723622608, 37.003453979087737 ], [ -122.00189688751054, 37.003453353357656 ], [ -122.001896941615186, 37.003453137277774 ], [ -122.001896957203201, 37.003453073994116 ], [ -122.001897966978959, 37.003449181391495 ], [ -122.001897994866141, 37.003449058921845 ], [ -122.001899715954451, 37.003439891084298 ], [ -122.00189973205282, 37.003439797153703 ], [ -122.00190029555813, 37.003436793457567 ], [ -122.001900927115372, 37.003433428411199 ], [ -122.001901452134575, 37.003430635186767 ], [ -122.001905301028344, 37.003410107999514 ], [ -122.001905742749912, 37.003407756527103 ], [ -122.001911728933734, 37.003375838776996 ], [ -122.001911734898499, 37.003375799949232 ], [ -122.001914139087319, 37.003362979373819 ], [ -122.001915466172335, 37.003355908710461 ], [ -122.00191549118523, 37.003355811060395 ], [ -122.001915536890991, 37.003355512179581 ], [ -122.001915661083075, 37.003354868035487 ], [ -122.001916477217762, 37.003350507506411 ], [ -122.001917685330312, 37.003344061093792 ], [ -122.001917701590884, 37.003343975271818 ], [ -122.001918293573382, 37.003340822513401 ], [ -122.001918315246058, 37.003340698321388 ], [ -122.001919064604664, 37.003334320446506 ], [ -122.001920148535817, 37.003325093672181 ], [ -122.001920500089298, 37.003322110728085 ], [ -122.001920655818822, 37.003320796597073 ], [ -122.001921647486768, 37.003312349634818 ], [ -122.001921750411455, 37.003311484974049 ], [ -122.001927375711645, 37.003263611870203 ], [ -122.001927411943868, 37.003263288779358 ], [ -122.001927665666074, 37.003261144296076 ], [ -122.001928732295823, 37.003252063736433 ], [ -122.001928740837215, 37.003251985223336 ], [ -122.001928918562882, 37.003250478856636 ], [ -122.001930088861485, 37.003240514701744 ], [ -122.001931122051559, 37.00323172835914 ], [ -122.001931134103728, 37.003231600686178 ], [ -122.001931480136193, 37.003224411528961 ], [ -122.001931542442634, 37.003223145462179 ], [ -122.001931604316354, 37.003221857772573 ], [ -122.001931648214338, 37.0032209632313 ], [ -122.001931869655365, 37.003216363432557 ], [ -122.001934814152534, 37.003155304443943 ], [ -122.001935551056832, 37.003140022564253 ], [ -122.001936396657086, 37.003122480012792 ], [ -122.001936408530867, 37.003122231132764 ], [ -122.001936415473921, 37.003122100822026 ], [ -122.001936497083818, 37.003120479890228 ], [ -122.001936701708303, 37.003116640007491 ], [ -122.001936838920159, 37.003114035616953 ], [ -122.001938385045861, 37.00308467130597 ], [ -122.001939973236119, 37.003054433204589 ], [ -122.001940824679949, 37.003038249565982 ], [ -122.001942371258707, 37.003008851905285 ], [ -122.00194237394355, 37.003008817625684 ], [ -122.001942743087682, 37.00300177281126 ], [ -122.001942752349521, 37.003001646075447 ], [ -122.001946707118577, 37.002968022845586 ], [ -122.001946710980889, 37.002967991254408 ], [ -122.001947045070267, 37.002965146416443 ], [ -122.00194892444614, 37.002949178446443 ], [ -122.001951418960573, 37.00292795855831 ], [ -122.001953046572439, 37.002914120627409 ], [ -122.001955099465121, 37.002896660763696 ], [ -122.001955107207678, 37.00289659848228 ], [ -122.001955113863005, 37.002896538017133 ], [ -122.001956855983963, 37.002881740651702 ], [ -122.001956873127057, 37.002881614715591 ], [ -122.001963448957326, 37.002845729112025 ], [ -122.001963454940068, 37.002845691185186 ], [ -122.00196499988823, 37.002837267740546 ], [ -122.001974190790335, 37.002787113793936 ], [ -122.001974197950503, 37.002787078555528 ], [ -122.001974783516218, 37.002783886227284 ], [ -122.001974797656175, 37.00278380674095 ], [ -122.00197480775357, 37.002783749836262 ], [ -122.001978710950937, 37.002762457742129 ], [ -122.001978735440701, 37.002762333964434 ], [ -122.001985406025284, 37.002735647794822 ], [ -122.001985445412231, 37.002735482370774 ], [ -122.001991475174052, 37.002711361114009 ], [ -122.001997458060515, 37.002687424302259 ], [ -122.002000724625219, 37.002674352908009 ], [ -122.002001621370638, 37.002670764557877 ], [ -122.002003326608659, 37.002663950369168 ], [ -122.002008250305479, 37.002644243839967 ], [ -122.002008283871902, 37.002644124451393 ], [ -122.002013816655236, 37.002626724325673 ], [ -122.002026305121461, 37.002587452997034 ], [ -122.002029045148049, 37.002578839336373 ], [ -122.002036697464959, 37.002554778295554 ], [ -122.002045397269413, 37.002527418947174 ], [ -122.002045436470425, 37.002527300387207 ], [ -122.002045732539585, 37.002526542283249 ], [ -122.002045798759909, 37.002526370205452 ], [ -122.002048731746982, 37.002518808447405 ], [ -122.002048811578774, 37.002518586629201 ], [ -122.002070463715896, 37.002462784929662 ], [ -122.002070774627583, 37.00246198247644 ], [ -122.00208645889164, 37.002421547120612 ], [ -122.002086856428619, 37.00242052546519 ], [ -122.002089242088289, 37.002414361281943 ], [ -122.002089634369199, 37.002413357717892 ], [ -122.002090086946993, 37.002412166832165 ], [ -122.002364438220212, 37.001800826141938 ], [ -122.002742443587763, 37.001084891886428 ], [ -122.002884202333448, 37.000868160177326 ], [ -122.003191430415626, 37.000488936801609 ], [ -122.003192578364931, 37.000487628809871 ], [ -122.003193424156706, 37.000486661754572 ], [ -122.003193443906881, 37.000486638069283 ], [ -122.003195878128423, 37.000483859892448 ], [ -122.00320551289235, 37.000472865654601 ], [ -122.003205935815103, 37.000472383478311 ], [ -122.003213964553439, 37.000463219512987 ], [ -122.003224289168159, 37.000451438662012 ], [ -122.003245959863179, 37.000426705772448 ], [ -122.003246317972724, 37.00042629742719 ], [ -122.003249240976473, 37.000422959623421 ], [ -122.003251104037517, 37.000420835855962 ], [ -122.003252137670486, 37.000419654601302 ], [ -122.003265314052754, 37.000406589761631 ], [ -122.003266074219823, 37.000405835587721 ], [ -122.003267508651334, 37.000404413959274 ], [ -122.003273425918906, 37.000398547598444 ], [ -122.003279059930762, 37.000392956143905 ], [ -122.003300831941928, 37.000371376088431 ], [ -122.003306437393732, 37.000365817443225 ], [ -122.003306993775027, 37.000365266859198 ], [ -122.003312002076939, 37.000360298975195 ], [ -122.003312105879914, 37.000360208420268 ], [ -122.003312212890364, 37.000360109713412 ], [ -122.003312306637866, 37.000360021991611 ], [ -122.003316510346593, 37.00035583408728 ], [ -122.003318539624388, 37.000353819022791 ], [ -122.003328737039624, 37.000345001097593 ], [ -122.0033292163737, 37.000344586684122 ], [ -122.003336141287775, 37.000338598292736 ], [ -122.003336174391009, 37.000338568127027 ], [ -122.003342516167109, 37.000333084703712 ], [ -122.003347644125114, 37.00032864967946 ], [ -122.003355099175266, 37.000322202961847 ], [ -122.003363678570125, 37.000314784696648 ], [ -122.003369859066609, 37.000309439429024 ], [ -122.003375709328424, 37.000304379586296 ], [ -122.003376887813076, 37.00030336228221 ], [ -122.003379138660648, 37.000301414654032 ], [ -122.003387119386986, 37.000294511468901 ], [ -122.00339033446312, 37.000291732237805 ], [ -122.003394415330064, 37.000288648063744 ], [ -122.003394747390786, 37.000288397761132 ], [ -122.003411898913242, 37.00027544299364 ], [ -122.003421848265461, 37.000267928667647 ], [ -122.003421920196615, 37.0002678736696 ], [ -122.003423577129269, 37.000266622199696 ], [ -122.003439438032629, 37.000254640217122 ], [ -122.003448902560791, 37.000247490808235 ], [ -122.003462644988545, 37.000237109592035 ], [ -122.003462780008732, 37.00023700691932 ], [ -122.003463087717535, 37.000236774954061 ], [ -122.003467194071277, 37.00023367332637 ], [ -122.003482700371805, 37.000223453219554 ], [ -122.003483799367132, 37.00022273072522 ], [ -122.003487640741767, 37.000220199357329 ], [ -122.003489256476598, 37.000219134962826 ], [ -122.003496261665788, 37.000214518934264 ], [ -122.003500587618717, 37.000211666807488 ], [ -122.003509211856496, 37.000205983637194 ], [ -122.003523605906096, 37.000196497905655 ], [ -122.003524412106131, 37.000195966630841 ], [ -122.00353668364464, 37.000187879855012 ], [ -122.003537129431692, 37.000187585730693 ], [ -122.003542811640045, 37.000183841072769 ], [ -122.003548768868228, 37.000179915336716 ], [ -122.003563077475576, 37.000171717594561 ], [ -122.003564444903759, 37.000170933964206 ], [ -122.003564995900817, 37.000170619558986 ], [ -122.00358341236857, 37.000160069048889 ], [ -122.003609634628575, 37.000145046285262 ], [ -122.003616672841801, 37.000141013792067 ], [ -122.003617376032423, 37.000140612713722 ], [ -122.003620551886854, 37.000138792843281 ], [ -122.003629094138148, 37.000133897455768 ], [ -122.003631506883977, 37.000132516384326 ], [ -122.003634682755788, 37.000130697414491 ], [ -122.003641659558355, 37.000127245173722 ], [ -122.003643765620552, 37.000126203295608 ], [ -122.003644112747551, 37.0001260321025 ], [ -122.003645017263523, 37.000125585172334 ], [ -122.003710544394323, 37.000093170299721 ], [ -122.003716852555655, 37.000090049296688 ], [ -122.003718968617051, 37.000089001881257 ], [ -122.003720054549461, 37.000088468802041 ], [ -122.00372454588917, 37.000086245365218 ], [ -122.00403859994266, 36.999935214689025 ], [ -122.004069443659418, 36.999916845618102 ], [ -122.004098596331417, 36.999899483335795 ], [ -122.004098626299012, 36.999899464925747 ], [ -122.004098920539249, 36.999899289907113 ], [ -122.004101703047766, 36.999897634604196 ], [ -122.004101804002843, 36.999897570219701 ], [ -122.004106743886084, 36.999894630850839 ], [ -122.004111731986384, 36.999891069943068 ], [ -122.004112645841516, 36.999890416517324 ], [ -122.004119959019079, 36.999885193586593 ], [ -122.004121080057644, 36.999884394201182 ], [ -122.004121628374222, 36.999884002325842 ], [ -122.004155771800868, 36.999859624840973 ], [ -122.004156065228301, 36.999859409279317 ], [ -122.004156595933082, 36.999859035654595 ], [ -122.004163584586294, 36.99985404670737 ], [ -122.004166633055803, 36.999851870693313 ], [ -122.004170140100982, 36.999849366142435 ], [ -122.004173939123277, 36.99984612516301 ], [ -122.004174208654618, 36.999845894589242 ], [ -122.004178008835964, 36.999842655397117 ], [ -122.004178321471258, 36.999842389121319 ], [ -122.004184926419242, 36.999836755364754 ], [ -122.004187375555247, 36.999834668183937 ], [ -122.004219821518305, 36.999806998003088 ], [ -122.004227545911007, 36.999800429700301 ], [ -122.004227604488065, 36.999800381182212 ], [ -122.004228229559274, 36.999799838719895 ], [ -122.004228291415899, 36.999799785653629 ], [ -122.004228413680821, 36.999799663318349 ], [ -122.0042286074967, 36.999799467064484 ], [ -122.004228796927734, 36.999799276274302 ], [ -122.004228978622137, 36.999799091892164 ], [ -122.004231090250684, 36.999796927053943 ], [ -122.00423121485251, 36.999796809194478 ], [ -122.004242201044988, 36.999785591072701 ], [ -122.004242546894616, 36.999785244162943 ], [ -122.004242662510066, 36.999785126419347 ], [ -122.004244254276344, 36.999783483761838 ], [ -122.004263227642042, 36.999764121376145 ], [ -122.004275034203005, 36.999752070792375 ], [ -122.004275054006811, 36.999752049809764 ], [ -122.004275341405446, 36.999751757724717 ], [ -122.004277240715808, 36.99974981911722 ], [ -122.004280676363237, 36.99974633138855 ], [ -122.004280739054167, 36.999746263892497 ], [ -122.004283343128009, 36.999743050031924 ], [ -122.004283499040838, 36.999742868685644 ], [ -122.004283685213821, 36.999742627470972 ], [ -122.004284001207608, 36.99974224850336 ], [ -122.004287419746674, 36.999738019319082 ], [ -122.004290713734292, 36.999733966570659 ], [ -122.004291271834063, 36.999733278078246 ], [ -122.004310486096827, 36.999709622933835 ], [ -122.004317309775942, 36.999701225115771 ], [ -122.004317814116391, 36.999700601300574 ], [ -122.004322962246704, 36.99969426266766 ], [ -122.004325272644806, 36.999691420276548 ], [ -122.004327069950804, 36.999689213528853 ], [ -122.004327827879322, 36.999688068262031 ], [ -122.004329447703455, 36.999685639407467 ], [ -122.004329555748285, 36.999685480306816 ], [ -122.004331782713223, 36.999682119007126 ], [ -122.004332045569171, 36.999681723601995 ], [ -122.004332192824222, 36.999681502715134 ], [ -122.004337067826313, 36.999674150164402 ], [ -122.004366917168213, 36.999629106115869 ], [ -122.00448544650628, 36.999434454472436 ], [ -122.004530215499159, 36.999360935167857 ], [ -122.004733496496925, 36.999027508016852 ], [ -122.004733895281419, 36.999026831489985 ], [ -122.004734027534042, 36.999026590969997 ], [ -122.004734192076072, 36.999026279741059 ], [ -122.004743887826208, 36.999009044774049 ], [ -122.004768814678798, 36.998964746303848 ], [ -122.004774391305062, 36.998955967119208 ], [ -122.004774444701638, 36.998955884422571 ], [ -122.004774494764533, 36.998955803571327 ], [ -122.004775103634913, 36.998954845868276 ], [ -122.004779980993831, 36.998947167038494 ], [ -122.004792974946369, 36.998926710143309 ], [ -122.004795224162919, 36.998923171914925 ], [ -122.004799073320697, 36.998917111358182 ], [ -122.004800203889928, 36.998915331352812 ], [ -122.004806300051968, 36.998905734398249 ], [ -122.004807787854375, 36.998903391049872 ], [ -122.004812291459942, 36.998897021055441 ], [ -122.004812366816083, 36.998896912842362 ], [ -122.004816066255032, 36.998891678801272 ], [ -122.004836574933222, 36.998862666443081 ], [ -122.00484420432889, 36.998851871860147 ], [ -122.00484426442884, 36.998851787274646 ], [ -122.004845042303657, 36.99885068500393 ], [ -122.004849583486092, 36.998844788547053 ], [ -122.00485865028574, 36.998833003944277 ], [ -122.004870752892828, 36.998817294269145 ], [ -122.00487491838193, 36.998811881186946 ], [ -122.004875740984673, 36.998810824299561 ], [ -122.004876740517076, 36.998809513699065 ], [ -122.004887868820347, 36.998795756842661 ], [ -122.004888291069278, 36.99879529809963 ], [ -122.004888337180816, 36.998795244334872 ], [ -122.004888669073907, 36.99879487417234 ], [ -122.004888709731617, 36.998794828588593 ], [ -122.004888988484666, 36.998794497862491 ], [ -122.00488927486569, 36.998794155322642 ], [ -122.004889835232319, 36.998793524473847 ], [ -122.004890738435734, 36.998792508902419 ], [ -122.004901637830272, 36.99878016805684 ], [ -122.004921499768017, 36.998757680500731 ], [ -122.004928544134415, 36.998749706059641 ], [ -122.004939530339783, 36.998737268564874 ], [ -122.004939958803817, 36.99873678360705 ], [ -122.004941957209368, 36.998734521986691 ], [ -122.004949328934785, 36.998726175637749 ], [ -122.004960449762407, 36.998715297258357 ], [ -122.004960923608508, 36.998714834244709 ], [ -122.00496610381019, 36.99870976493947 ], [ -122.004974189884521, 36.998701855461142 ], [ -122.004993624901758, 36.998682845668768 ], [ -122.005000282838481, 36.998676332524532 ], [ -122.005010660913626, 36.998666179263246 ], [ -122.005011203046692, 36.998665647779525 ], [ -122.005016738104615, 36.998660233246071 ], [ -122.005023289290818, 36.998654672228675 ], [ -122.005023794186982, 36.998654244861669 ], [ -122.005030536535742, 36.99864852367034 ], [ -122.005040565481977, 36.998640010562553 ], [ -122.005049158243821, 36.998632716360753 ], [ -122.005061505010232, 36.99862223850436 ], [ -122.005068053997476, 36.99861668021633 ], [ -122.005068891413686, 36.99861597009302 ], [ -122.005070427009102, 36.998614666093147 ], [ -122.005071254496556, 36.998613965109755 ], [ -122.005089761337089, 36.998598257504632 ], [ -122.00509679750644, 36.998593069625663 ], [ -122.005100057084121, 36.998590667368831 ], [ -122.005100629519859, 36.998590246339639 ], [ -122.005119083075044, 36.998576644587487 ], [ -122.005128334771285, 36.9985698258157 ], [ -122.005145093168835, 36.998557471541382 ], [ -122.005157035314895, 36.99854866879221 ], [ -122.005157689661104, 36.998548186326524 ], [ -122.005162616661693, 36.998544554966912 ], [ -122.005165334817946, 36.998542551709072 ], [ -122.005168041885938, 36.998540555803757 ], [ -122.005309204726601, 36.998445844788058 ], [ -122.005309923112065, 36.998445418270002 ], [ -122.005309965253957, 36.998445390690684 ], [ -122.005310369261295, 36.998445143058909 ], [ -122.005310932106397, 36.998444804160343 ], [ -122.005311008726224, 36.998444759013651 ], [ -122.005311548217733, 36.998444432131805 ], [ -122.005315954374908, 36.998441778063039 ], [ -122.005368489436066, 36.998410122845485 ], [ -122.005369060053127, 36.998409779340406 ], [ -122.005370359998494, 36.998408994756694 ], [ -122.005380881890602, 36.998402655227196 ], [ -122.005387407015419, 36.998399438509786 ], [ -122.00538764732724, 36.998399320057189 ], [ -122.00539122196497, 36.998397558074693 ], [ -122.005394847766723, 36.99839577019867 ], [ -122.005403341004424, 36.998391583642295 ], [ -122.005416871873066, 36.998384913299297 ], [ -122.005427038376084, 36.998379901292296 ], [ -122.005428288888126, 36.998379284966369 ], [ -122.005441573806394, 36.998372732244675 ], [ -122.005441603863403, 36.99837271833907 ], [ -122.005441917677871, 36.998372567396373 ], [ -122.00545725866705, 36.998365004948063 ], [ -122.005466834048988, 36.998361218968732 ], [ -122.005468277595966, 36.998360647914289 ], [ -122.005468445943649, 36.998360582658904 ], [ -122.005469023347928, 36.998360353516382 ], [ -122.005484658356551, 36.998354174195612 ], [ -122.005491687758465, 36.998351396150888 ], [ -122.005495686250384, 36.998349816142344 ], [ -122.005497861072712, 36.998348957184575 ], [ -122.005499228833742, 36.998348416846881 ], [ -122.005512778189626, 36.998343061084306 ], [ -122.005512935358794, 36.998342998676684 ], [ -122.00552090556296, 36.99833984801537 ], [ -122.005528652849037, 36.998336786744041 ], [ -122.005537675350922, 36.998333220573301 ], [ -122.005545123682268, 36.998330939079821 ], [ -122.005545320219724, 36.998330878867698 ], [ -122.005546601064921, 36.998330486544326 ], [ -122.005547533512598, 36.998330201452113 ], [ -122.005553600519164, 36.998328344218471 ], [ -122.005561257688612, 36.998325999649516 ], [ -122.00556291486798, 36.998325492524778 ], [ -122.005563010908219, 36.998325463348642 ], [ -122.005580289478175, 36.998320171200568 ], [ -122.005580876934218, 36.998319995097724 ], [ -122.005591602733986, 36.998316708839184 ], [ -122.005611962251081, 36.998310473037179 ], [ -122.005612416834083, 36.998310338301103 ], [ -122.005621429614806, 36.998307576107173 ], [ -122.005626279617417, 36.998306493374038 ], [ -122.005629995422282, 36.998305664092165 ], [ -122.005633166475988, 36.998304955389777 ], [ -122.005633687710827, 36.99830483871839 ], [ -122.005651348403632, 36.998300897011973 ], [ -122.005659194988922, 36.998299145676022 ], [ -122.005659321393324, 36.998299117910278 ], [ -122.005659368371482, 36.998299107390963 ], [ -122.005694546550799, 36.998291254653765 ], [ -122.005695071155259, 36.998291137938622 ], [ -122.00570359777133, 36.998289232732219 ], [ -122.005705019489838, 36.998288917893397 ], [ -122.005705053061149, 36.998288911151832 ], [ -122.005705319294748, 36.998288852743435 ], [ -122.00570780015066, 36.998288295334149 ], [ -122.005713217245031, 36.998287365689585 ], [ -122.005714896714281, 36.998287073658453 ], [ -122.005714932550219, 36.998287067788823 ], [ -122.005717838122493, 36.998286567079695 ], [ -122.005717872817058, 36.998286560323628 ], [ -122.005721014764845, 36.998286025022225 ], [ -122.005733136238419, 36.998283926524707 ], [ -122.005792953918004, 36.998273610929637 ], [ -122.005809897980185, 36.99827068777676 ], [ -122.005844367265254, 36.998264743843819 ], [ -122.005856068862414, 36.998263166231268 ], [ -122.005856382562001, 36.998263121628867 ], [ -122.005856418397883, 36.998263115759208 ], [ -122.00585809913143, 36.998262886792709 ], [ -122.005858136126719, 36.99826288271047 ], [ -122.005867472376707, 36.998261627611228 ], [ -122.005868061693434, 36.998261544305052 ], [ -122.005872905727372, 36.998260892405511 ], [ -122.005907182521184, 36.998256274780765 ], [ -122.005912312280856, 36.998255584045296 ], [ -122.005914821133288, 36.998255246159545 ], [ -122.00593425096487, 36.998252627045062 ], [ -122.005944174282376, 36.998251288662189 ], [ -122.005944350218499, 36.998251265663946 ], [ -122.005982124076269, 36.998246173011054 ], [ -122.006003279531768, 36.998244106566744 ], [ -122.006003518370434, 36.998244082756408 ], [ -122.006003554224336, 36.99824407778766 ], [ -122.006009760949041, 36.998243473177475 ], [ -122.00600989440008, 36.998243460640609 ], [ -122.006012343442762, 36.998243221754088 ], [ -122.0060124028671, 36.998243215579876 ], [ -122.006012891722804, 36.998243165111298 ], [ -122.006012927612844, 36.99824316194443 ], [ -122.006016929713596, 36.998242770535654 ], [ -122.006019582846108, 36.998242511891924 ], [ -122.006040045299756, 36.998240512963761 ], [ -122.006040081189894, 36.998240509796958 ], [ -122.006040677788121, 36.99824045343145 ], [ -122.006040783211859, 36.998240443959908 ], [ -122.006055798104214, 36.998238975856736 ], [ -122.006112202076679, 36.998233461525771 ], [ -122.006116016989665, 36.998233092356109 ], [ -122.006116052879804, 36.998233089189199 ], [ -122.006116322010243, 36.998233063185239 ], [ -122.006118702641814, 36.998232830586801 ], [ -122.006120789503512, 36.998232627915051 ], [ -122.006121756106182, 36.998232589302233 ], [ -122.006121812214943, 36.998232585874391 ], [ -122.006123917170655, 36.998232501024383 ], [ -122.006124148399479, 36.998232489928668 ], [ -122.00612418543092, 36.998232487648224 ], [ -122.006124276360723, 36.998232483770778 ], [ -122.006124350441695, 36.998232480110879 ], [ -122.006130600195718, 36.998232228203676 ], [ -122.006138133076689, 36.998231921881569 ], [ -122.006143628379476, 36.998231698638314 ], [ -122.00617653276386, 36.998230358241507 ], [ -122.006199471536291, 36.998229424059431 ], [ -122.00619950858578, 36.998229422679948 ], [ -122.00619985996731, 36.998229408230493 ], [ -122.00620083780251, 36.998229369472007 ], [ -122.006211739687856, 36.99822892502592 ], [ -122.006225101263468, 36.998229220238422 ], [ -122.006227775361324, 36.998229278536769 ], [ -122.006235755007339, 36.998229455784475 ], [ -122.006238589857958, 36.998229518315497 ], [ -122.006239610483206, 36.998229540284903 ], [ -122.006286934068314, 36.998230584779954 ], [ -122.006288699957409, 36.998230624162453 ], [ -122.00628874153611, 36.998230624526805 ], [ -122.006289540734528, 36.998230642145131 ], [ -122.006289583472622, 36.998230644296875 ], [ -122.00629289828089, 36.998230716851218 ], [ -122.006302774150541, 36.998230933596304 ], [ -122.006311467334001, 36.998231674780619 ], [ -122.0063170811666, 36.998232151121634 ], [ -122.006323655074837, 36.998232711493458 ], [ -122.006325939794962, 36.998232906390108 ], [ -122.006327316236181, 36.998233022895192 ], [ -122.006337307088415, 36.998233874390188 ], [ -122.006374630087706, 36.998237053109932 ], [ -122.006377026191728, 36.998237255579276 ], [ -122.006377083604605, 36.998237261146301 ], [ -122.006385302938597, 36.99823796068047 ], [ -122.006390911155862, 36.99823843709045 ], [ -122.006393333185343, 36.998238643730645 ], [ -122.006397217702471, 36.998239223503276 ], [ -122.006401399736774, 36.998239848098258 ], [ -122.00640869207723, 36.998240936295893 ], [ -122.006409580081339, 36.998241068118517 ], [ -122.006411516153051, 36.99824135763393 ], [ -122.006462745143736, 36.998249004186953 ], [ -122.006467139039231, 36.998249660289005 ], [ -122.006468075488399, 36.998249798695184 ], [ -122.006468503737793, 36.998249863457914 ], [ -122.006482825853212, 36.998252000879063 ], [ -122.006482863029291, 36.998252005806123 ], [ -122.006490112054507, 36.998253566779525 ], [ -122.006506841008729, 36.998257169087843 ], [ -122.006511118855258, 36.998258088932005 ], [ -122.006533911971786, 36.998262996251199 ], [ -122.006536239909579, 36.998263496988947 ], [ -122.00654202874685, 36.998264743375813 ], [ -122.006547736329765, 36.998265971886752 ], [ -122.006552658542958, 36.99826703210428 ], [ -122.006555800077066, 36.998267707979835 ], [ -122.006564424689429, 36.998269566600477 ], [ -122.006570583638918, 36.998270892016883 ], [ -122.006570818344059, 36.998270942156026 ], [ -122.006580858355534, 36.998273794529901 ], [ -122.006581249318529, 36.998273904833049 ], [ -122.006604341932928, 36.998280466453579 ], [ -122.006610485741106, 36.998282212917339 ], [ -122.006655240399681, 36.998294929257142 ], [ -122.0066563602428, 36.998295248234179 ], [ -122.006656506065838, 36.998295292311539 ], [ -122.006656657432814, 36.998295332712509 ], [ -122.006723535257137, 36.99831836758046 ], [ -122.006867845673099, 36.998368074145574 ], [ -122.006900149864279, 36.998379200196553 ], [ -122.007041624124852, 36.998427928446553 ], [ -122.00704672328466, 36.998429686579399 ], [ -122.007047972286912, 36.998430058856755 ], [ -122.007055229004536, 36.998432225293179 ], [ -122.007055307016202, 36.998432249518707 ], [ -122.007105631795525, 36.998447284582767 ], [ -122.007109250010359, 36.998448366127967 ], [ -122.007130184945737, 36.998454620277322 ], [ -122.007130648378194, 36.99845475848042 ], [ -122.007133124970025, 36.99845549970518 ], [ -122.007137576222817, 36.998456829128564 ], [ -122.007151072550641, 36.998460027919293 ], [ -122.007151958780909, 36.998460239063675 ], [ -122.007156336776916, 36.998461277448442 ], [ -122.00715756728502, 36.998461567955587 ], [ -122.007157659881102, 36.998461591091448 ], [ -122.007167194833102, 36.998463852453547 ], [ -122.007208128727214, 36.99847355931626 ], [ -122.007208189690999, 36.998473573848827 ], [ -122.007208263064996, 36.998473590924654 ], [ -122.007208299172277, 36.998473598568893 ], [ -122.007208388344239, 36.998473619045349 ], [ -122.007208421117923, 36.998473628534995 ], [ -122.00721612380741, 36.998475454860056 ], [ -122.007220325689659, 36.998476451359494 ], [ -122.007223011412208, 36.998477088046556 ], [ -122.007230550397054, 36.998478875030997 ], [ -122.007243006781152, 36.998481089633025 ], [ -122.007243201974191, 36.998481130368226 ], [ -122.007243373361604, 36.998481160596768 ], [ -122.007244239248479, 36.998481309821443 ], [ -122.007248761955211, 36.998482112925942 ], [ -122.007249291987776, 36.998482210615968 ], [ -122.007249596680182, 36.998482276972105 ], [ -122.007249838035634, 36.9984823225181 ], [ -122.007250296995068, 36.998482405806115 ], [ -122.007250436840593, 36.998482431936218 ], [ -122.007250469578068, 36.998482439623942 ], [ -122.007263075592661, 36.998484664006178 ], [ -122.007293590288398, 36.998490094140692 ], [ -122.007304649705503, 36.998492065440388 ], [ -122.007305046541759, 36.99849213240833 ], [ -122.007306321838215, 36.998492359252225 ], [ -122.007320488840193, 36.99849488157961 ], [ -122.007324126439102, 36.998495529397175 ], [ -122.007325202158086, 36.998495720969572 ], [ -122.007338780612599, 36.998497357823126 ], [ -122.007341517489721, 36.998497688344401 ], [ -122.007343342044322, 36.99849790719032 ], [ -122.007348920515469, 36.998498579496299 ], [ -122.007348956568421, 36.998498584437584 ], [ -122.007349170603746, 36.998498612312602 ], [ -122.007356822540444, 36.998499533591975 ], [ -122.007397961160265, 36.998504494800187 ], [ -122.007399241749241, 36.998504649479763 ], [ -122.007400496430819, 36.998504800889357 ], [ -122.007402835710636, 36.998505082475226 ], [ -122.007406337347248, 36.998505505849174 ], [ -122.007421078144091, 36.998507283580302 ], [ -122.00742622054527, 36.998507613659051 ], [ -122.00742780226102, 36.998507713079938 ], [ -122.007427950893756, 36.998507729183217 ], [ -122.007438844304943, 36.998508427436605 ], [ -122.007447883772613, 36.998509009959712 ], [ -122.007468200300423, 36.998510316415953 ], [ -122.00749652470806, 36.99851214121535 ], [ -122.007507049165199, 36.998512818095335 ], [ -122.007517236154683, 36.998513475002888 ], [ -122.007517721005257, 36.9985135047854 ], [ -122.007517761442799, 36.99851350426286 ], [ -122.007634335504164, 36.99851443290143 ], [ -122.008000045025682, 36.998517342208991 ], [ -122.008000569825299, 36.99851734714106 ], [ -122.00803176245698, 36.998517594609616 ], [ -122.008031798401433, 36.998517594144985 ], [ -122.008035833725984, 36.998517625795138 ], [ -122.008039733026919, 36.998517653796249 ], [ -122.008144997738682, 36.998518487491481 ], [ -122.008157562931828, 36.998518343086211 ], [ -122.008159529821398, 36.99851832036385 ], [ -122.008191807753477, 36.998517949965056 ], [ -122.008215795743624, 36.998517674108918 ], [ -122.008217207704561, 36.998517656757024 ], [ -122.008232321673788, 36.998517483900365 ], [ -122.008232375554329, 36.998517481401421 ], [ -122.00823303721107, 36.998517475551346 ], [ -122.008238806457754, 36.998517409079383 ], [ -122.008248818316503, 36.998516730826552 ], [ -122.008249598152176, 36.998516679290447 ], [ -122.008253461295368, 36.998516417569874 ], [ -122.008259511272087, 36.998516007720305 ], [ -122.008321758092634, 36.998511793799032 ], [ -122.008321790649191, 36.998511792476947 ], [ -122.008323847328668, 36.998511653239134 ], [ -122.008324519403331, 36.998511606700482 ], [ -122.008327889994476, 36.998511379282078 ], [ -122.008332304044117, 36.998511079796131 ], [ -122.008337767697967, 36.998510399056201 ], [ -122.008337813661257, 36.998510393956046 ], [ -122.008340867693249, 36.99851001292226 ], [ -122.008345945831351, 36.998509381324233 ], [ -122.008345981685267, 36.99850937635474 ], [ -122.00834718314448, 36.998509227445993 ], [ -122.0083472190165, 36.998509223377482 ], [ -122.008347262715134, 36.998509217405385 ], [ -122.008349731706915, 36.998508908820575 ], [ -122.008349820263675, 36.998508898663779 ], [ -122.008352589638321, 36.998508553752615 ], [ -122.008354277489545, 36.998508343583026 ], [ -122.008354309991759, 36.998508339558107 ], [ -122.008356351997691, 36.998508085157539 ], [ -122.008357028928174, 36.99850800070606 ], [ -122.008393161927813, 36.998503500739602 ], [ -122.008408768411869, 36.998501558771622 ], [ -122.008410069551573, 36.998501394154466 ], [ -122.008410273478603, 36.998501366284628 ], [ -122.00841035973454, 36.998501353453975 ], [ -122.008418968366257, 36.998500288696327 ], [ -122.008419026631145, 36.998500280733531 ], [ -122.008420956581816, 36.998500041298378 ], [ -122.008425001350943, 36.998499536607042 ], [ -122.008436780170584, 36.998497385483589 ], [ -122.008441396756908, 36.998496541761803 ], [ -122.008443786776709, 36.998496105326375 ], [ -122.008443901005563, 36.998496086726874 ], [ -122.008447149617098, 36.998495492296918 ], [ -122.008482977480753, 36.998488947850923 ], [ -122.008495549956621, 36.998486650380528 ], [ -122.008497069046413, 36.998486372999587 ], [ -122.008505640667252, 36.998484808555538 ], [ -122.008505792924041, 36.998484781353639 ], [ -122.008511975648872, 36.998483653331334 ], [ -122.008512178235236, 36.998483614664408 ], [ -122.008515810839356, 36.99848295128325 ], [ -122.00851647800468, 36.9984828282061 ], [ -122.008518313928818, 36.998482382712254 ], [ -122.008520751416214, 36.998481792459771 ], [ -122.008531158711747, 36.998479267044495 ], [ -122.008544242749281, 36.998476092408154 ], [ -122.008544276338483, 36.998476086566704 ], [ -122.008566254864533, 36.998470753028393 ], [ -122.008571823019636, 36.998469402245838 ], [ -122.008571985150397, 36.998469363200712 ], [ -122.00858372191783, 36.998466517791307 ], [ -122.008583782302466, 36.998466503492729 ], [ -122.008583839299135, 36.998466488336724 ], [ -122.008584183652488, 36.998466403678393 ], [ -122.008585633842785, 36.998466052388743 ], [ -122.008604036755301, 36.998461590564951 ], [ -122.008604430224338, 36.998461489951353 ], [ -122.008606277343787, 36.99846104250895 ], [ -122.008607471085853, 36.998460677412531 ], [ -122.008611417572553, 36.998459475566023 ], [ -122.008612983169982, 36.998458996617579 ], [ -122.008614194811685, 36.99845862768489 ], [ -122.008672459948997, 36.998440843628643 ], [ -122.008693440608695, 36.998434441546145 ], [ -122.008693619280351, 36.998434386966849 ], [ -122.008693964322077, 36.998434280670836 ], [ -122.008694188449894, 36.998434195764546 ], [ -122.008738232824129, 36.998417422860214 ], [ -122.008771625418944, 36.998404706950907 ], [ -122.008771705659996, 36.998404674371685 ], [ -122.008773233264264, 36.998404094078339 ], [ -122.008773690415069, 36.998403919644474 ], [ -122.008776887173227, 36.998402702254779 ], [ -122.008781221255219, 36.998401052006194 ], [ -122.008784791953445, 36.998399433258271 ], [ -122.008785038021088, 36.998399321933668 ], [ -122.008786987593368, 36.998398437890351 ], [ -122.008794360617358, 36.998395097366881 ], [ -122.008800712574399, 36.998392216135173 ], [ -122.008854319761454, 36.998367912663106 ], [ -122.008857258040464, 36.998366580558667 ], [ -122.008857367160161, 36.998366531384505 ], [ -122.008858192234257, 36.998366159338055 ], [ -122.008858309126211, 36.998366105557452 ], [ -122.008865313550075, 36.998362929306545 ], [ -122.00886870523054, 36.998361124523285 ], [ -122.008869187709038, 36.998360868654686 ], [ -122.008870461690748, 36.998360191608448 ], [ -122.008871955723663, 36.99835939456203 ], [ -122.008895559718113, 36.998346838557232 ], [ -122.008921777177932, 36.998332889756988 ], [ -122.008930377014138, 36.998328314953568 ], [ -122.008942962152929, 36.998321619480478 ], [ -122.008943766971427, 36.998321190019453 ], [ -122.008945806890807, 36.998320105642705 ], [ -122.008947242947784, 36.99831921922646 ], [ -122.008948488067972, 36.998318447928092 ], [ -122.008949367004092, 36.998317904860087 ], [ -122.008955758086643, 36.998313952504191 ], [ -122.008992348889464, 36.998291321766082 ], [ -122.00901897854007, 36.998274852400634 ], [ -122.00901900515413, 36.998274834933838 ], [ -122.009019572238842, 36.998274484246892 ], [ -122.009022301097048, 36.998272795273436 ], [ -122.009024828855885, 36.998270995351625 ], [ -122.009025885592806, 36.998270242710369 ], [ -122.009082548405971, 36.998229887326445 ], [ -122.009089751720921, 36.998224757420267 ], [ -122.009093163374686, 36.998222326047383 ], [ -122.009093603167869, 36.998222014856381 ], [ -122.009095520557338, 36.998220648188138 ], [ -122.009096507523864, 36.998219946013975 ], [ -122.009098659385657, 36.998218170778813 ], [ -122.009099720379012, 36.998217294619266 ], [ -122.009100254218268, 36.998216855144463 ], [ -122.009106914290939, 36.998211361876486 ], [ -122.009111839140999, 36.998207298706838 ], [ -122.009158339138807, 36.99816894470473 ], [ -122.009159528363568, 36.99816796415061 ], [ -122.009160068796803, 36.99816751738075 ], [ -122.009161913443918, 36.998165997549449 ], [ -122.009165693323496, 36.998162881015261 ], [ -122.009169499763345, 36.998159241449216 ], [ -122.009170056483825, 36.998158710658281 ], [ -122.009170617733531, 36.998158181611103 ], [ -122.009171008899898, 36.998157798953955 ], [ -122.009190700464544, 36.998138978883972 ], [ -122.00921907091724, 36.998111862864796 ], [ -122.009221335189892, 36.998109699564104 ], [ -122.009222358170831, 36.998108721159895 ], [ -122.009224997213181, 36.998106197943557 ], [ -122.009225466536051, 36.998105734970743 ], [ -122.009225929825959, 36.998105307222239 ], [ -122.009229486081239, 36.998101909705021 ], [ -122.009232334629473, 36.998098742133479 ], [ -122.009234691932917, 36.998096120727489 ], [ -122.009235306246694, 36.998095436890644 ], [ -122.009236718472721, 36.998093868580852 ], [ -122.00927238148121, 36.998054218230365 ], [ -122.009273690347882, 36.99805276210315 ], [ -122.009276427943504, 36.998049720329604 ], [ -122.009277880659397, 36.998048098325427 ], [ -122.009278454444612, 36.998047466380342 ], [ -122.00927874348406, 36.998047145423449 ], [ -122.009286269306799, 36.998038778776461 ], [ -122.009286474790372, 36.998038549019221 ], [ -122.009287548533464, 36.998037357277667 ], [ -122.009288921443414, 36.998035565981553 ], [ -122.009289198453033, 36.998035205528076 ], [ -122.009292608932711, 36.998030760913593 ], [ -122.009293006384468, 36.998030243897908 ], [ -122.009306922011191, 36.998012108632857 ], [ -122.009339564091604, 36.997969571189707 ], [ -122.009339635671964, 36.997969610817023 ], [ -122.009339847043307, 36.997969729742657 ], [ -122.00934017767915, 36.997969912911984 ], [ -122.009340650352371, 36.997970175350481 ], [ -122.009355431313509, 36.997978366962784 ], [ -122.009410684066196, 36.998008985482947 ], [ -122.009545439709441, 36.998083707647488 ], [ -122.009545483987594, 36.998083730505442 ], [ -122.009575512046567, 36.998100381606811 ], [ -122.00962252323572, 36.998126450236796 ], [ -122.009695084743015, 36.998166688317554 ], [ -122.009695209733053, 36.998166757893927 ], [ -122.009695805079872, 36.998167086332629 ], [ -122.009695785422949, 36.998167114523781 ], [ -122.009668122339761, 36.998205595383972 ], [ -122.009552233554956, 36.998366816730673 ], [ -122.009552212792798, 36.998366845837289 ], [ -122.009551704537358, 36.99836755173434 ], [ -122.009551736604763, 36.998367581959819 ], [ -122.009558491178609, 36.998374218315881 ], [ -122.009600508659787, 36.998415497814257 ], [ -122.009610584923109, 36.998425396739464 ], [ -122.009696645391401, 36.998509945430108 ], [ -122.009697066037617, 36.998510358137466 ], [ -122.009697162367004, 36.998510455120325 ], [ -122.009697166588538, 36.998510497421449 ], [ -122.009697152119017, 36.998511677262002 ], [ -122.009696553475763, 36.99856140257431 ], [ -122.009696552080996, 36.99856144494813 ], [ -122.009695790015599, 36.998624439645049 ], [ -122.009695785235778, 36.998625039897227 ], [ -122.009695737825567, 36.99862905079128 ], [ -122.009695738659175, 36.998629092235106 ], [ -122.009695578571552, 36.998642415647659 ], [ -122.009692118397112, 36.998929440608769 ], [ -122.009692117401244, 36.998929558677091 ], [ -122.009692117129646, 36.99892960103643 ], [ -122.009690084245406, 36.999097832030564 ], [ -122.009690069649096, 36.999099061438066 ], [ -122.009690111681323, 36.999099084325032 ], [ -122.009690195818294, 36.999099133702757 ], [ -122.009717106298638, 36.999113711832962 ], [ -122.009747096342394, 36.99912995875615 ], [ -122.009747224703887, 36.999130028288832 ], [ -122.009747386002729, 36.999130115419007 ], [ -122.009747386800143, 36.999130155060918 ], [ -122.009747186882194, 36.999131276020634 ], [ -122.009728230684033, 36.999237491863028 ], [ -122.009727572664985, 36.999241197946951 ], [ -122.009697410533221, 36.99941022911608 ], [ -122.009697395296939, 36.999410309518801 ], [ -122.009697391637431, 36.999410351020749 ], [ -122.009696487900712, 36.999451500085044 ], [ -122.009696486505874, 36.999451542458843 ], [ -122.009693691624406, 36.999578706327569 ], [ -122.009693671573331, 36.99957966454852 ], [ -122.009693674689771, 36.999579707765101 ], [ -122.009693776601807, 36.999580026367639 ], [ -122.009719407195732, 36.999659384843959 ], [ -122.009719421544986, 36.999659427915226 ], [ -122.009756237352676, 36.999773416638668 ], [ -122.009756249419141, 36.999773457937131 ], [ -122.009763836428775, 36.999796949221086 ], [ -122.009763849618508, 36.999796990504962 ], [ -122.00979079410385, 36.999891779207758 ], [ -122.009796359796326, 36.9999113593625 ], [ -122.009796368493014, 36.999911400704541 ], [ -122.009804321723109, 36.999990463432987 ], [ -122.009805172740215, 36.999998920871853 ], [ -122.009810345325036, 37.000050345040755 ], [ -122.009810394626129, 37.000050840956632 ], [ -122.009810398865966, 37.000050884158718 ], [ -122.0098104336749, 37.000051665037162 ], [ -122.009811888699915, 37.000085177564053 ], [ -122.009812431367493, 37.000097688025257 ], [ -122.009812485021669, 37.000098903031883 ], [ -122.009827474262025, 37.000130830056129 ], [ -122.009833336571077, 37.000143314932714 ], [ -122.009853969734579, 37.000187258335792 ], [ -122.009873751835769, 37.00022938784641 ], [ -122.009914150723944, 37.000315424010957 ], [ -122.009936810290725, 37.000363692105694 ], [ -122.009937598257522, 37.00036538424974 ], [ -122.009965264098028, 37.000424297252366 ], [ -122.009965290604413, 37.000424330253225 ], [ -122.00996579770289, 37.000424850884578 ], [ -122.009972946709965, 37.000432428361648 ], [ -122.009979884465011, 37.000439781473339 ], [ -122.009982190950652, 37.000442227182326 ], [ -122.009982224214923, 37.000442260996891 ], [ -122.010002732168346, 37.00046399985343 ], [ -122.01006139054688, 37.00052618044333 ], [ -122.010061427253589, 37.000526217818063 ], [ -122.010151745044524, 37.000621959732683 ], [ -122.010166595404712, 37.000637702298647 ], [ -122.010166632111535, 37.000637739673387 ], [ -122.010180917652505, 37.000652884852151 ], [ -122.010276404453236, 37.000754108374991 ], [ -122.010276441160173, 37.000754145749688 ], [ -122.010278887716908, 37.000756739236913 ], [ -122.010287093081743, 37.000765439418046 ], [ -122.010289446675998, 37.000767935879033 ], [ -122.010289484379328, 37.000767966932543 ], [ -122.01028953222864, 37.000767999657043 ], [ -122.010361096418052, 37.000819560172722 ], [ -122.01039455780861, 37.000843667214674 ], [ -122.010394603375119, 37.000843698166342 ], [ -122.010394696899837, 37.00084376724817 ], [ -122.010467893876807, 37.000896503338993 ], [ -122.010474643405132, 37.000901366176578 ], [ -122.010543375776194, 37.000950886010152 ], [ -122.010543415635695, 37.00095091252971 ], [ -122.010543514867791, 37.000950986043478 ], [ -122.010619400527375, 37.001005661732421 ], [ -122.010619442669807, 37.001005690024762 ], [ -122.010619540724335, 37.001005760850148 ], [ -122.010642890555289, 37.001022585580074 ], [ -122.010644644069103, 37.001023848869508 ], [ -122.010644684128096, 37.001023885299539 ], [ -122.010657446515822, 37.001037034188947 ], [ -122.010662822047962, 37.001042573574054 ], [ -122.010662858755197, 37.001042610948588 ], [ -122.010759429876686, 37.001142105094715 ], [ -122.01092684020243, 37.001314580035405 ], [ -122.010948992975756, 37.001337403188977 ], [ -122.010949004119354, 37.001337454412365 ], [ -122.0109490095751, 37.001337557978204 ], [ -122.010949075512983, 37.001338712445971 ], [ -122.010955700335728, 37.001457709499924 ], [ -122.01095570345295, 37.001457752716512 ], [ -122.010959066694639, 37.001518157179554 ], [ -122.01096448827839, 37.001615504380474 ], [ -122.010964552640019, 37.001616636339037 ], [ -122.010849901836849, 37.001707195289185 ], [ -122.010849834366809, 37.001707248431707 ], [ -122.010849781264042, 37.001707289672794 ], [ -122.010849699408567, 37.001707353815895 ], [ -122.010803672630104, 37.001701184619392 ], [ -122.010764474450141, 37.001695930905527 ], [ -122.010712812218486, 37.001689006454576 ], [ -122.010686827339072, 37.001685524582975 ], [ -122.010686168261785, 37.00168543668979 ], [ -122.010685772819073, 37.001685384134056 ], [ -122.010582034683566, 37.001712891458872 ], [ -122.010479236408571, 37.001740149510631 ], [ -122.010438947873652, 37.001787801365168 ], [ -122.010425812085799, 37.00180333665682 ], [ -122.01042577036084, 37.001803384959885 ], [ -122.010425332475819, 37.001803903403996 ], [ -122.010425345593802, 37.001803941084063 ], [ -122.010425862075422, 37.001804704011413 ], [ -122.010493997205543, 37.001904903557914 ], [ -122.010534885400943, 37.001965037594914 ], [ -122.01053496994156, 37.001965162666565 ], [ -122.010535358165257, 37.001965749720156 ], [ -122.010473992843174, 37.002055830183004 ], [ -122.010448493953504, 37.00206784868876 ], [ -122.010412959790884, 37.002084597662027 ], [ -122.010396838361288, 37.002092196997864 ], [ -122.010275546977269, 37.002149376658437 ], [ -122.010274313726413, 37.002149958567593 ], [ -122.010245068256452, 37.002163744089039 ], [ -122.010223607287202, 37.002180886694582 ], [ -122.010145405803598, 37.002243354451139 ], [ -122.010101548263918, 37.002278388900841 ], [ -122.010094236390074, 37.002297238138567 ], [ -122.010072456630326, 37.002353380099755 ], [ -122.010068456327929, 37.002364872442122 ], [ -122.01004635830266, 37.002428374004829 ], [ -122.010035290189123, 37.0024601813559 ], [ -122.010035259316709, 37.00246026646704 ], [ -122.010034846779121, 37.002461486606222 ], [ -122.01003499277482, 37.002461482914292 ], [ -122.010035388148154, 37.002461475994835 ], [ -122.010036358644513, 37.00246146073075 ], [ -122.010036463113579, 37.002461459378651 ], [ -122.010038008732977, 37.002461435769895 ], [ -122.010046071507801, 37.002461309789474 ], [ -122.010664666887834, 37.002451665440987 ], [ -122.011283660851987, 37.002442010845655 ], [ -122.011300859093282, 37.002441741212422 ], [ -122.012772077352011, 37.002418788082792 ], [ -122.012935822991039, 37.002416228692418 ], [ -122.013440413411075, 37.002408352495522 ], [ -122.013463807531352, 37.002407985050205 ], [ -122.014895457500259, 37.002385617525825 ], [ -122.015100496392307, 37.002382414396877 ], [ -122.016676566248222, 37.002357766501547 ], [ -122.01668146479102, 37.002357690207056 ], [ -122.016681498754608, 37.002357702832789 ], [ -122.01668150186606, 37.002357745598736 ], [ -122.016681502721752, 37.002357787943481 ], [ -122.016681550981346, 37.002359008425785 ], [ -122.01668243445441, 37.002381320267304 ], [ -122.01668349193001, 37.002408016829847 ], [ -122.016683492676478, 37.002408053768825 ], [ -122.016683541731751, 37.002409258019405 ], [ -122.0166835908107, 37.002410519044517 ], [ -122.016988283670102, 37.002738436525732 ], [ -122.016988349138273, 37.002738506868376 ], [ -122.016988687107812, 37.00273843939096 ], [ -122.016989623725564, 37.002738248777895 ], [ -122.017093510937755, 37.002717100697524 ], [ -122.017116154204345, 37.002712490479141 ], [ -122.017737621438826, 37.002585951192529 ], [ -122.017818623252396, 37.002569457405727 ], [ -122.017986558580176, 37.002535258792975 ], [ -122.018239898814798, 37.002483675864092 ], [ -122.01824313838226, 37.002483018196997 ], [ -122.018523269466243, 37.002425977186903 ], [ -122.018528926710303, 37.002424747332391 ], [ -122.018531445862095, 37.002424247729628 ], [ -122.018535346014303, 37.002423474215256 ], [ -122.018535540742889, 37.00242343563329 ], [ -122.018536226786267, 37.002423300537899 ], [ -122.018536217350871, 37.002423334004675 ], [ -122.018536158897263, 37.002423443809263 ], [ -122.01853605720612, 37.002423637987071 ], [ -122.018535434520388, 37.002424794205275 ], [ -122.018534851848031, 37.002425873301675 ], [ -122.018533159600452, 37.002428979192757 ], [ -122.018491959697869, 37.002505327870338 ], [ -122.018475164395554, 37.002536454509972 ], [ -122.018340494637926, 37.002786018555973 ], [ -122.018320490194739, 37.002823090618243 ], [ -122.018297391648318, 37.00286590205517 ], [ -122.018295971803838, 37.002868533076402 ], [ -122.018295891684929, 37.002868682815055 ], [ -122.018295767957667, 37.002868926394164 ], [ -122.018295981310672, 37.002870002790644 ], [ -122.018297342154611, 37.002876841321665 ], [ -122.018342241455144, 37.003102583244143 ], [ -122.0183447718791, 37.003115303029041 ], [ -122.018346473109176, 37.003123859300793 ], [ -122.018346977162537, 37.003124336679384 ], [ -122.018454098708773, 37.003225888039239 ], [ -122.018454125037536, 37.003225912028626 ], [ -122.018454220115188, 37.003226001811271 ], [ -122.018491265542167, 37.003261126529893 ], [ -122.018504346065924, 37.003273528767131 ], [ -122.018514142160171, 37.003282817788225 ], [ -122.01852072590485, 37.003289057541565 ], [ -122.018536508754309, 37.003304013718434 ], [ -122.018536535064939, 37.003304036806888 ], [ -122.01853663012453, 37.003304125688501 ], [ -122.018634007756191, 37.003396443966906 ], [ -122.018634437348496, 37.003396350960095 ], [ -122.018635240585027, 37.003396176488977 ], [ -122.018639919175342, 37.003395166641347 ], [ -122.018787460128095, 37.003363313188366 ], [ -122.019050474178059, 37.003306534316195 ], [ -122.019146782319737, 37.003290027778199 ], [ -122.019321801006598, 37.003233131420352 ], [ -122.019332375544522, 37.003229693567938 ], [ -122.019398790941509, 37.003208101358375 ], [ -122.019464152824696, 37.003186866183299 ], [ -122.019507561592732, 37.003101270128205 ], [ -122.019507597594043, 37.00310127236289 ], [ -122.019508112334734, 37.003101278275814 ], [ -122.019509060104809, 37.00310130558487 ], [ -122.019511412767471, 37.003101350644791 ], [ -122.019511936567781, 37.003101360044447 ], [ -122.019512776279299, 37.003101377946514 ], [ -122.019549226614259, 37.003102260419162 ], [ -122.01955043972751, 37.003102295987539 ], [ -122.019556539533184, 37.003102444545149 ], [ -122.019721079330651, 37.003106460203085 ], [ -122.019755028399601, 37.003107283270019 ], [ -122.019809638557135, 37.003108597799454 ], [ -122.019871031041944, 37.003110084396504 ], [ -122.01987155493353, 37.00311009829931 ], [ -122.020056545409872, 37.003114588758436 ], [ -122.020057100736551, 37.003114601349694 ], [ -122.020096082850102, 37.003115550699114 ], [ -122.020096085417165, 37.00311551101337 ], [ -122.020096088093766, 37.003115476733349 ], [ -122.020096117069713, 37.003115132101811 ], [ -122.020096779248533, 37.003106883908139 ], [ -122.02013915066388, 37.002579061797256 ], [ -122.020139149933954, 37.002579025759189 ], [ -122.020139141398076, 37.002578382421838 ], [ -122.020138013077272, 37.002473911528483 ], [ -122.020138029660615, 37.002472566739236 ], [ -122.020138027341446, 37.002472063906254 ], [ -122.020138044547849, 37.002470139644664 ], [ -122.020138078764816, 37.00246983189362 ], [ -122.020139382361563, 37.002457137890822 ], [ -122.020139408887488, 37.002456894224338 ], [ -122.020139590104648, 37.002455134545706 ], [ -122.020140076628195, 37.002450474469519 ], [ -122.020141111042747, 37.002440411839494 ], [ -122.020276180624506, 37.002072455800132 ], [ -122.020276279654382, 37.002072185955583 ], [ -122.020278809806982, 37.002065296745144 ], [ -122.020329145531051, 37.001911047689774 ], [ -122.020332086603332, 37.001902035330644 ], [ -122.02033527107146, 37.001892280825238 ], [ -122.020335443531422, 37.001891753185078 ], [ -122.020353090521425, 37.001837651985113 ], [ -122.020356713977549, 37.001825773064567 ], [ -122.020356758181791, 37.001825625594833 ], [ -122.020356766602504, 37.001825597548255 ], [ -122.020356834114253, 37.001825380383266 ], [ -122.020356871961908, 37.001825251921339 ], [ -122.020357243679115, 37.001824021911773 ], [ -122.020357384439478, 37.001822373155569 ], [ -122.020357419149789, 37.00182197888391 ], [ -122.020357426292946, 37.001821887770788 ], [ -122.020357723278039, 37.001818410720425 ], [ -122.020357828222089, 37.001817212574579 ], [ -122.020357863252713, 37.001816778646443 ], [ -122.02035790242978, 37.001816327541654 ], [ -122.020358166987648, 37.00181324653564 ], [ -122.020358232480774, 37.001812485980288 ], [ -122.020358249425342, 37.001812268573111 ], [ -122.020358441886046, 37.001810010390372 ], [ -122.020358402849396, 37.001809691878336 ], [ -122.020356654323734, 37.001796037325896 ], [ -122.020356571905864, 37.001795795980158 ], [ -122.020351935344237, 37.001782511600126 ], [ -122.020348184559978, 37.001776179160707 ], [ -122.020344419876864, 37.001769826174964 ], [ -122.020334331117454, 37.001758349431256 ], [ -122.020333196963975, 37.001757440491936 ], [ -122.020332290090593, 37.001756713334707 ], [ -122.020327769312985, 37.001753082778229 ], [ -122.020325189159777, 37.001751013025597 ], [ -122.020322078957847, 37.001748514004632 ], [ -122.020322052720203, 37.001748494520328 ], [ -122.02032195334975, 37.001748414708267 ], [ -122.020319453808469, 37.00174699636554 ], [ -122.020318368272427, 37.001746379678899 ], [ -122.020312207589598, 37.001742887645349 ], [ -122.020311573354959, 37.001742529126112 ], [ -122.020311317617185, 37.001742384663629 ], [ -122.020309364812391, 37.00174127641472 ], [ -122.020307651909519, 37.001740307427518 ], [ -122.020306884155204, 37.001740013731258 ], [ -122.02030685473018, 37.001740003300412 ], [ -122.020306384742341, 37.001739821076256 ], [ -122.020306347399341, 37.001739808045023 ], [ -122.020292405647837, 37.001734480747842 ], [ -122.020291991176734, 37.001734321231105 ], [ -122.020291872316733, 37.001734277720473 ], [ -122.020291840608593, 37.001734265517001 ], [ -122.020292296681248, 37.00173320608485 ], [ -122.020292317093435, 37.00173315985829 ], [ -122.0202963789216, 37.001723785037413 ], [ -122.020350286731286, 37.001599287222817 ], [ -122.020351200214108, 37.001599508727047 ], [ -122.020351676786831, 37.001599627782042 ], [ -122.020351708403652, 37.001599635480773 ], [ -122.020352304594454, 37.00159978001264 ], [ -122.020353108568955, 37.001599975908263 ], [ -122.020353141309073, 37.001599983592321 ], [ -122.020353272306309, 37.001600016130439 ], [ -122.02035342366905, 37.001600055612712 ], [ -122.020354133478222, 37.001600206774732 ], [ -122.020355459095484, 37.001600472473861 ], [ -122.020360342864549, 37.001601444298892 ], [ -122.020360475998899, 37.00160147140204 ], [ -122.020365787673612, 37.001602544892265 ], [ -122.02036582039554, 37.001602551675354 ], [ -122.02036618026375, 37.001602622685709 ], [ -122.020366518716173, 37.001602690370369 ], [ -122.020368615760347, 37.001603098317631 ], [ -122.020369061401496, 37.00160318803642 ], [ -122.020369562131236, 37.001603223867193 ], [ -122.020369637557096, 37.001603230995016 ], [ -122.020370829622166, 37.001603338022662 ], [ -122.020371951439884, 37.001603416226537 ], [ -122.020376488300386, 37.001603736506368 ], [ -122.020382757902141, 37.001604174791687 ], [ -122.020384453647097, 37.001604296884153 ], [ -122.020384979126163, 37.001604334194731 ], [ -122.020385107383987, 37.001604342436451 ], [ -122.02038658327443, 37.001604261021754 ], [ -122.020386926568591, 37.001604234919689 ], [ -122.020387434861277, 37.001604200359097 ], [ -122.020387993035754, 37.001604187678261 ], [ -122.020388673267448, 37.001604154481882 ], [ -122.020388857398714, 37.001604147576501 ], [ -122.020388893326313, 37.001604146207129 ], [ -122.020389255953972, 37.001604131568527 ], [ -122.020392320623188, 37.001603939331076 ], [ -122.02039257988821, 37.001603925138248 ], [ -122.020392621414118, 37.001603922794715 ], [ -122.020396741682376, 37.001603701481116 ], [ -122.02039809189003, 37.001603628012369 ], [ -122.020398543076496, 37.001603603207862 ], [ -122.020398578985848, 37.001603600937528 ], [ -122.020400448865317, 37.001603499969434 ], [ -122.02040052401739, 37.001603493582955 ], [ -122.020401076100768, 37.001603457550488 ], [ -122.020401186093721, 37.001603451611189 ], [ -122.02040460129659, 37.001602814124318 ], [ -122.020404980820302, 37.001602746095401 ], [ -122.020405084977668, 37.00160272941784 ], [ -122.020405575179595, 37.001602633812155 ], [ -122.020405611015946, 37.001602627938027 ], [ -122.020406411425071, 37.001602481428122 ], [ -122.020409123855288, 37.001601984672732 ], [ -122.020409157444988, 37.00160197882785 ], [ -122.020409644404737, 37.001601889572747 ], [ -122.020411679551529, 37.001601516094198 ], [ -122.020411827298929, 37.001601488034396 ], [ -122.020414661585505, 37.001600960852883 ], [ -122.020414697403581, 37.001600954077823 ], [ -122.020415772001002, 37.001600753528137 ], [ -122.020415805590716, 37.00160074768332 ], [ -122.020416254504028, 37.001600666133434 ], [ -122.020416470481109, 37.001600622765459 ], [ -122.020416829913074, 37.001600561306645 ], [ -122.020416886873249, 37.001600544342992 ], [ -122.020420245880771, 37.001599462400797 ], [ -122.02042150175393, 37.001599058523787 ], [ -122.020423528904885, 37.001598401274933 ], [ -122.020426213668671, 37.00159753719479 ], [ -122.020427831193771, 37.001597015055005 ], [ -122.020427892574119, 37.001596994428972 ], [ -122.020427999718109, 37.001596958787545 ], [ -122.020431041439849, 37.001595966592745 ], [ -122.020431177917629, 37.001595936877386 ], [ -122.020431278102734, 37.001595890512391 ], [ -122.020431830580975, 37.001595707580904 ], [ -122.020433162568523, 37.001595067501682 ], [ -122.020433211556039, 37.001595045234787 ], [ -122.02043334844528, 37.001594980367663 ], [ -122.020433508668447, 37.001594902579882 ], [ -122.02043643189198, 37.001593496481284 ], [ -122.020436968325356, 37.001593242565008 ], [ -122.020439515429828, 37.001592017099512 ], [ -122.020441556211054, 37.001591034343654 ], [ -122.020443013726847, 37.001590323236947 ], [ -122.020444958797938, 37.001589385886483 ], [ -122.020445202411366, 37.00158926465609 ], [ -122.020445380497918, 37.001589181228347 ], [ -122.020445649728387, 37.001589048849844 ], [ -122.020446945590692, 37.001588178536977 ], [ -122.020448605079437, 37.001587065571599 ], [ -122.020450916348636, 37.00158551334426 ], [ -122.020451222493861, 37.001585317401492 ], [ -122.020453889380263, 37.001583515416492 ], [ -122.020455279445912, 37.001582580792679 ], [ -122.02045632036031, 37.001581882324359 ], [ -122.020456365777079, 37.001581850190931 ], [ -122.020456403495047, 37.001581826268485 ], [ -122.020456440053167, 37.001581800558796 ], [ -122.020456478766562, 37.001581770315063 ], [ -122.020457600660308, 37.001581020324906 ], [ -122.020457674863366, 37.001580967088962 ], [ -122.020457734244317, 37.001580903231925 ], [ -122.020457791058448, 37.001580879060619 ], [ -122.020457928486906, 37.001580785348409 ], [ -122.020457992817441, 37.00158074395663 ], [ -122.020458943568514, 37.00157986552442 ], [ -122.020461005121206, 37.001577966890004 ], [ -122.020462740124927, 37.001576366298544 ], [ -122.02046276767831, 37.001576339805055 ], [ -122.020462984990957, 37.001576140513947 ], [ -122.020466227849496, 37.001573152268087 ], [ -122.020467029691758, 37.00157241095468 ], [ -122.020467850338122, 37.001571654977148 ], [ -122.020467905481382, 37.001571603791973 ], [ -122.020467931874919, 37.001571575511164 ], [ -122.020468169133352, 37.001571362442306 ], [ -122.020468203171049, 37.001571323247617 ], [ -122.020468351120698, 37.001571194251973 ], [ -122.020468377550728, 37.001571167773058 ], [ -122.020468562579552, 37.001570983321727 ], [ -122.02047192659191, 37.001566654330723 ], [ -122.020471946318622, 37.001566629741589 ], [ -122.020472181897773, 37.001566333785256 ], [ -122.020473564048118, 37.001564564763832 ], [ -122.020474554147697, 37.001563299208854 ], [ -122.020476157310526, 37.001561236223289 ], [ -122.020476786164863, 37.001560386318005 ], [ -122.020476939339432, 37.00156018245562 ], [ -122.020477071846457, 37.001560012206532 ], [ -122.020477529611298, 37.001559147408294 ], [ -122.020478070786169, 37.001558129222211 ], [ -122.020478259123351, 37.001557775304278 ], [ -122.020483289192811, 37.001548276111031 ], [ -122.020483373561888, 37.001548114599963 ], [ -122.020513881886302, 37.001474861326741 ], [ -122.020538091965591, 37.001416729161129 ], [ -122.020538426931893, 37.001415903812905 ], [ -122.020538113836352, 37.001415534801325 ], [ -122.020538004603537, 37.001415411860911 ], [ -122.020454246290399, 37.001320928777275 ], [ -122.020298937342801, 37.001145733036388 ], [ -122.020299288328758, 37.001144921899204 ], [ -122.02029930662188, 37.001144882008525 ], [ -122.020351643421208, 37.001024221196175 ], [ -122.020352107023285, 37.001023145444279 ], [ -122.020352121654469, 37.001023091182333 ], [ -122.020340838613308, 37.001019601916546 ], [ -122.020226723012641, 37.000984272647628 ], [ -122.020226689076452, 37.000984261374356 ], [ -122.020221144124875, 37.000978436247998 ], [ -122.020106902412721, 37.000858430142358 ], [ -122.020102274755487, 37.000853569046235 ], [ -122.020102174875532, 37.000853464007299 ], [ -122.019975082534032, 37.000812494509908 ], [ -122.019932613279011, 37.000798804504235 ], [ -122.019847606943443, 37.000771401899698 ], [ -122.019845618689402, 37.000770760920886 ], [ -122.019845135794782, 37.000770606799918 ], [ -122.019591780061319, 37.000807713206875 ], [ -122.019587614901383, 37.000808323489451 ], [ -122.01958630193721, 37.000808515420772 ], [ -122.019454650370832, 37.000681406084425 ], [ -122.019452483304221, 37.000679313811034 ], [ -122.019452389278996, 37.000679220410781 ], [ -122.019308359935749, 37.000627338394047 ], [ -122.019307887966079, 37.00062716880845 ], [ -122.018958150600625, 37.000682025150816 ], [ -122.018949092046256, 37.000685236864427 ], [ -122.018833649077479, 37.000726173061658 ], [ -122.018641956726, 37.000794147804321 ], [ -122.018641145704535, 37.000794435926906 ], [ -122.018640725370489, 37.000794263864123 ], [ -122.018564851689803, 37.000763232229666 ], [ -122.018479968726226, 37.000728515690845 ], [ -122.018479925640037, 37.000728496425495 ], [ -122.018293180347101, 37.000628574341157 ], [ -122.018143453911406, 37.000548458720225 ], [ -122.018143378972255, 37.00054842004311 ], [ -122.018143335849786, 37.000548398975702 ], [ -122.018096383485116, 37.000413029655469 ], [ -122.018096372628364, 37.000412992848027 ], [ -122.018080409247347, 37.000405353014308 ], [ -122.017667664799291, 37.000208110500445 ], [ -122.017667619539836, 37.000208094867801 ], [ -122.017528579525219, 37.000169194982512 ], [ -122.017241409330339, 37.000088852628053 ], [ -122.017241352856431, 37.000088838042288 ], [ -122.017241316729198, 37.000088829500221 ], [ -122.017140853672913, 36.999888040498291 ], [ -122.016972067679305, 36.99958340644978 ], [ -122.01696578816896, 36.999572072751775 ], [ -122.016965680068466, 36.999571866433506 ], [ -122.016965700835357, 36.999570753647149 ], [ -122.016972068161834, 36.9992418211136 ], [ -122.016972384613823, 36.999225457736635 ], [ -122.01697239183946, 36.999225426101148 ], [ -122.017355195532147, 36.998985031700357 ], [ -122.017985206582608, 36.998589388513707 ], [ -122.018457913846106, 36.998264453529188 ], [ -122.018648010095575, 36.997589952955892 ], [ -122.018690101581853, 36.997371650537509 ], [ -122.018690169729766, 36.997371298187069 ], [ -122.018690266751236, 36.997370762519694 ], [ -122.018690113342203, 36.997370510381629 ], [ -122.018690003024503, 36.99737033338247 ], [ -122.018686185008391, 36.997364158577859 ], [ -122.018626038994114, 36.99726689225723 ], [ -122.018531686402966, 36.997114338083094 ], [ -122.018530893091182, 36.997113056105441 ], [ -122.018530833855536, 36.997112960449343 ], [ -122.018530774437608, 36.99711285578374 ], [ -122.018357476553888, 36.997138949545246 ], [ -122.01822028270297, 36.997159619385194 ], [ -122.018218925124543, 36.997159824499057 ], [ -122.017991888975175, 36.996869963942586 ], [ -122.017827999954207, 36.996660705553325 ], [ -122.017828153000764, 36.996659717662666 ], [ -122.017828161743466, 36.996659649959838 ], [ -122.017841606811146, 36.996572660911156 ], [ -122.017878826603976, 36.996331876738139 ], [ -122.017907228850206, 36.996148126299623 ], [ -122.017907299416535, 36.996147671182825 ], [ -122.017907360168579, 36.996147258549598 ], [ -122.017907281451855, 36.996146782845408 ], [ -122.017907209805699, 36.996146351207479 ], [ -122.017843964257253, 36.995770507324764 ], [ -122.017839789822716, 36.995745671731235 ], [ -122.017839552263652, 36.995744258154829 ], [ -122.017839534315854, 36.995744148443428 ], [ -122.0178395141034, 36.995744037860277 ], [ -122.017605060561138, 36.995780690554696 ], [ -122.017163675639623, 36.995849716442876 ], [ -122.016589527500244, 36.995939501491371 ], [ -122.016258556362672, 36.995991257374875 ], [ -122.015918926157127, 36.996044031423871 ], [ -122.015397240464821, 36.996125090272116 ], [ -122.015354015986915, 36.996131805934318 ], [ -122.015177004241977, 36.996159309424939 ], [ -122.015087360265809, 36.995607024760908 ], [ -122.015042913039522, 36.995332670461579 ], [ -122.015019889369796, 36.995191362292417 ], [ -122.014975887021023, 36.994920266303573 ], [ -122.014931681088839, 36.994647918497698 ], [ -122.014887477723889, 36.994375570650263 ], [ -122.014843272378613, 36.994103220116827 ], [ -122.014798175088174, 36.993824957653523 ], [ -122.014791560151991, 36.993768681497528 ], [ -122.014791354823217, 36.993767414390952 ], [ -122.014791347356748, 36.993767378440381 ], [ -122.014791472845161, 36.993767361490796 ], [ -122.014791580435158, 36.993767348378327 ], [ -122.014802819937785, 36.993765908331994 ], [ -122.01539075580807, 36.993690555638736 ], [ -122.015394506413685, 36.993690075250356 ], [ -122.015394386823871, 36.993688881829506 ], [ -122.01539437826581, 36.993688791821967 ], [ -122.015377349681259, 36.993546610111324 ], [ -122.015351193117837, 36.993282063906591 ], [ -122.014951552974239, 36.99293717738886 ], [ -122.014941782605689, 36.992915380186851 ], [ -122.014938502734225, 36.992908065487548 ], [ -122.014937650985999, 36.992906165130414 ], [ -122.014937224959866, 36.992906933067168 ], [ -122.014936698132914, 36.992907883451501 ], [ -122.014928126400775, 36.992923321254025 ], [ -122.014765753931329, 36.993215756152551 ], [ -122.014751364981095, 36.993230536809918 ], [ -122.014739893824341, 36.993242317377877 ], [ -122.014697342059733, 36.993286020517345 ], [ -122.014539086245804, 36.993297807110892 ], [ -122.014268247292989, 36.993178534439771 ], [ -122.014268020613372, 36.993178324701987 ], [ -122.01425553095531, 36.993166798424106 ], [ -122.014105027969251, 36.993027901752377 ], [ -122.014104629578625, 36.993027533831615 ], [ -122.013995001417399, 36.993132888727999 ], [ -122.013977885581113, 36.993149336727122 ], [ -122.013352451924234, 36.993750383229766 ], [ -122.013341839335709, 36.993760573639605 ], [ -122.013285788808076, 36.993814413980971 ], [ -122.013288200145254, 36.993816882594295 ], [ -122.01337330933471, 36.99390400835663 ], [ -122.013412497653022, 36.993944125489705 ], [ -122.013419307502303, 36.993943253114061 ], [ -122.013451148016443, 36.993939172216407 ], [ -122.013459860148657, 36.993997764314962 ], [ -122.013451950432298, 36.993998638345033 ], [ -122.01343554134283, 36.994000450827905 ], [ -122.013351824523014, 36.994009699806192 ], [ -122.012290613216024, 36.994126945471542 ], [ -122.012227820645109, 36.994133883008104 ], [ -122.012308266011885, 36.994259853468769 ], [ -122.012351095530889, 36.994326920606177 ], [ -122.012368423823915, 36.994354052394833 ], [ -122.012402102655301, 36.994406793018378 ], [ -122.012558861263528, 36.994479029298489 ], [ -122.012601724075736, 36.994498780902866 ], [ -122.01265965925819, 36.994525477164579 ], [ -122.01269941940626, 36.99454379822668 ], [ -122.012723484635004, 36.994554887997211 ], [ -122.012723671945707, 36.994624779822111 ], [ -122.012723694953934, 36.994633558886605 ], [ -122.012724125763995, 36.994793858230118 ], [ -122.012666805565246, 36.994854777326935 ], [ -122.012639520373796, 36.994883776237174 ], [ -122.01248796754868, 36.995044843915707 ], [ -122.012408251993307, 36.995129565193416 ], [ -122.012369888953955, 36.995170335665129 ], [ -122.012328331958287, 36.995295819442177 ], [ -122.012294477449601, 36.995398041952761 ], [ -122.012245215285574, 36.995546786082713 ], [ -122.012268200324925, 36.995546908990882 ], [ -122.012270819509865, 36.995546922802035 ], [ -122.012234705539157, 36.9956602483675 ], [ -122.012190417936793, 36.995799229417358 ], [ -122.01218115059244, 36.995828310983171 ], [ -122.012170523215417, 36.995861658371645 ], [ -122.012167604558371, 36.995870816213959 ], [ -122.0121174931257, 36.995942017855391 ], [ -122.012089146893771, 36.995982290713386 ], [ -122.012077869355139, 36.995998313992494 ], [ -122.01193792310886, 36.996136100627304 ], [ -122.011901977118455, 36.996166273197325 ], [ -122.011884400220396, 36.996181028115231 ], [ -122.011863418198871, 36.996198641564462 ], [ -122.011777447168967, 36.996270810619933 ], [ -122.011722567352777, 36.996316877592719 ], [ -122.011570634403242, 36.996444413991867 ], [ -122.011523989876096, 36.996483567502985 ], [ -122.011479539301661, 36.996541511153616 ], [ -122.011464492530095, 36.99656112576983 ], [ -122.011399011910342, 36.996646477480382 ], [ -122.011362152466617, 36.996694526840017 ], [ -122.011289123541729, 36.996728811392288 ], [ -122.011262121906128, 36.996741485801842 ], [ -122.011137347822512, 36.996800057948477 ], [ -122.010986714934617, 36.996870770418866 ], [ -122.010965660053429, 36.996880654265816 ], [ -122.010923339904551, 36.996900520198665 ], [ -122.010883958168193, 36.996944741384375 ], [ -122.010867853452567, 36.996962825889177 ], [ -122.010764660168718, 36.997078700373351 ], [ -122.010702403264276, 36.997148609553783 ], [ -122.010670943979889, 36.997183931593227 ], [ -122.010558294656931, 36.997310426255638 ], [ -122.01037667334225, 36.997215718994312 ], [ -122.010153623387026, 36.997099407375885 ], [ -122.010140832606282, 36.997092739244792 ], [ -122.010088884735978, 36.997065648800756 ], [ -122.010004800424866, 36.997021802171119 ], [ -122.010003651343425, 36.99702120243446 ], [ -122.009932364703374, 36.996984028316383 ], [ -122.010038663884757, 36.996801048076087 ], [ -122.010173957728568, 36.996591446255451 ], [ -122.01017615100487, 36.996588047426492 ], [ -122.010205664325071, 36.996546806484815 ], [ -122.010226224270923, 36.996519583142252 ], [ -122.010231672065927, 36.996512370716303 ], [ -122.010235993727804, 36.996506648110497 ], [ -122.010282820115677, 36.996448524592793 ], [ -122.010289665753902, 36.996440595648551 ], [ -122.0103006406746, 36.996427881116631 ], [ -122.010324358172824, 36.996400404199257 ], [ -122.010355121145139, 36.996366611569222 ], [ -122.01035832037104, 36.996363344804514 ], [ -122.010422475794982, 36.996297851373505 ], [ -122.010625132293512, 36.996092020675441 ], [ -122.010705854101985, 36.996010031733704 ], [ -122.010755296010259, 36.995959587407043 ], [ -122.010844344849545, 36.995864416117463 ], [ -122.011125381019824, 36.995564052398827 ], [ -122.011320865032545, 36.995355122252988 ], [ -122.011424849739271, 36.995244843276161 ], [ -122.011442581153077, 36.995225102862115 ], [ -122.011455012102005, 36.995210480015785 ], [ -122.01145731630757, 36.995207768681865 ], [ -122.0114611334225, 36.995203277278506 ], [ -122.011481388900634, 36.995177433763011 ], [ -122.01148376805132, 36.995174399283279 ], [ -122.011491885795735, 36.9951640422087 ], [ -122.011500591424365, 36.995151579554147 ], [ -122.011504770635966, 36.995145598302159 ], [ -122.0115126036509, 36.995134380677058 ], [ -122.011514777864619, 36.99513126774508 ], [ -122.011517503570673, 36.995127366338799 ], [ -122.011521041759991, 36.995122302688898 ], [ -122.011523970540949, 36.995118108469242 ], [ -122.011531344825883, 36.995106260548489 ], [ -122.011534486737048, 36.995101212846798 ], [ -122.011546612487223, 36.995081729789199 ], [ -122.011553647945576, 36.995069013007054 ], [ -122.011560580325181, 36.995056477797384 ], [ -122.01156066166314, 36.995056332553617 ], [ -122.011565452174011, 36.995047679470922 ], [ -122.011570914726249, 36.99503780828789 ], [ -122.011587390570412, 36.995004205843181 ], [ -122.011594108214766, 36.994988986074851 ], [ -122.011596443046173, 36.994983695595288 ], [ -122.011600425060806, 36.994974673587208 ], [ -122.011612382236848, 36.99494453437098 ], [ -122.011620651252599, 36.994921439755885 ], [ -122.011624613556734, 36.994909096227978 ], [ -122.011626298662307, 36.994903844806814 ], [ -122.011630012578195, 36.99489227771538 ], [ -122.011632360003915, 36.994883763526879 ], [ -122.011635085273895, 36.994873871935042 ], [ -122.011640058520001, 36.994855827917782 ], [ -122.011645915529485, 36.994830789152878 ], [ -122.011646823250999, 36.994826322824977 ], [ -122.011646903186218, 36.994825940587226 ], [ -122.011647381472798, 36.994823581391252 ], [ -122.011647614593485, 36.994822437468123 ], [ -122.011650421876681, 36.994808640872236 ], [ -122.011654818175117, 36.994782757697173 ], [ -122.011655564645338, 36.994778373664275 ], [ -122.011656560928344, 36.994772503040984 ], [ -122.011660074585734, 36.994746195128229 ], [ -122.011660159621755, 36.994745564096831 ], [ -122.01166024456704, 36.994744928560671 ], [ -122.011663161564115, 36.994716329451748 ], [ -122.011664716457247, 36.994695352206215 ], [ -122.011665459085009, 36.994674208853233 ], [ -122.011665974050175, 36.994659556994705 ], [ -122.011666440144197, 36.99464627196857 ], [ -122.011666361727507, 36.99463557229334 ], [ -122.01166635581653, 36.994634832495578 ], [ -122.011666241735014, 36.994619126288967 ], [ -122.011665441080169, 36.994596329429648 ], [ -122.011664928015023, 36.994588370488223 ], [ -122.01166459317345, 36.994583180386641 ], [ -122.011663898876478, 36.994572414794469 ], [ -122.011663731311529, 36.99456984047287 ], [ -122.011663500525216, 36.994566246827077 ], [ -122.011662166326389, 36.994551377411497 ], [ -122.011661251796525, 36.994542507165271 ], [ -122.011659465911578, 36.994527189404401 ], [ -122.011657507889751, 36.994512529036797 ], [ -122.011656711862557, 36.994507255693591 ], [ -122.011656460321504, 36.994505588152784 ], [ -122.011655462291984, 36.9944989314019 ], [ -122.011651954303815, 36.994478993942536 ], [ -122.01164795250078, 36.994460030756272 ], [ -122.011647697803994, 36.994458820158016 ], [ -122.011646716704703, 36.994454175537683 ], [ -122.011645247745676, 36.994448067403233 ], [ -122.011644944822109, 36.994446805161033 ], [ -122.011643774981891, 36.994441937689622 ], [ -122.011639948592077, 36.994427333072835 ], [ -122.011636331884063, 36.994414604713334 ], [ -122.011629740787356, 36.994393483391228 ], [ -122.011628676623104, 36.994390460180831 ], [ -122.011627425284374, 36.994386901387195 ], [ -122.011620488452905, 36.994367189494632 ], [ -122.011614710934026, 36.994352268608878 ], [ -122.011610218643952, 36.994341306204468 ], [ -122.011606703989798, 36.994333198708553 ], [ -122.011605846129584, 36.994331214596635 ], [ -122.011603602793926, 36.994326040211988 ], [ -122.011597166280538, 36.994312036260446 ], [ -122.011589291319353, 36.994295893505736 ], [ -122.011583127991088, 36.994283906474394 ], [ -122.011577496534471, 36.994273057959632 ], [ -122.011568099082098, 36.994253838453069 ], [ -122.011555280195424, 36.994227625008612 ], [ -122.011505271092531, 36.994125346622688 ], [ -122.011436785107421, 36.993985289240698 ], [ -122.01142519068415, 36.993961575131564 ], [ -122.0114118562486, 36.9939343031498 ], [ -122.01139402588997, 36.993897837831454 ], [ -122.011386324869775, 36.993880174311577 ], [ -122.011377598626311, 36.993858407452734 ], [ -122.011372107302321, 36.993843523402212 ], [ -122.011370757133122, 36.993839574771592 ], [ -122.011369507750757, 36.993835888882977 ], [ -122.011368579881733, 36.993833161296358 ], [ -122.01136575335488, 36.993824855629981 ], [ -122.011362172031497, 36.993813490300404 ], [ -122.011358686912246, 36.993801713684462 ], [ -122.011355156349154, 36.993788907600823 ], [ -122.011351840764448, 36.993775897767385 ], [ -122.011350655439074, 36.993770761940645 ], [ -122.011350201325996, 36.993768797829709 ], [ -122.011347985839734, 36.993759201858296 ], [ -122.011341906195469, 36.993727652574321 ], [ -122.01133874964512, 36.993706861637264 ], [ -122.011338545011242, 36.993705012349743 ], [ -122.011338229263117, 36.993702164184569 ], [ -122.011335187881073, 36.993674761551517 ], [ -122.011333624350456, 36.993652125073844 ], [ -122.011332510886106, 36.993627178431396 ], [ -122.011311305830262, 36.993199731948103 ], [ -122.011311305249777, 36.993199703117625 ], [ -122.011312631318262, 36.992658465713362 ], [ -122.011313927458673, 36.992437650100825 ], [ -122.011313928795005, 36.992437493277045 ], [ -122.011313928720966, 36.992437433799687 ], [ -122.011314108982489, 36.992386235055584 ], [ -122.011314131968433, 36.992379341581774 ], [ -122.011314294907336, 36.992332750829192 ], [ -122.011315096975295, 36.992315671964825 ], [ -122.011316053482176, 36.992295327002033 ], [ -122.011316417453912, 36.992287569378774 ], [ -122.011316779325867, 36.992279874865773 ], [ -122.011317263191799, 36.99226959056454 ], [ -122.011319552465693, 36.99223977669098 ], [ -122.011321530669079, 36.992218562364748 ], [ -122.011324475292156, 36.992191501236555 ], [ -122.011330400668371, 36.992146650820381 ], [ -122.011333032402717, 36.992129382433937 ], [ -122.011333209681851, 36.992129371125372 ], [ -122.011333283756457, 36.992129367462148 ], [ -122.01141860965177, 36.992125024046736 ], [ -122.01150688272574, 36.992120530635759 ], [ -122.011984137013869, 36.992119709848062 ], [ -122.012028324560873, 36.992119633684844 ], [ -122.012023623511539, 36.992150898204308 ], [ -122.011987132014838, 36.992393611949318 ], [ -122.01198077149219, 36.992435915883469 ], [ -122.012312720631229, 36.992417677140239 ], [ -122.012590763649655, 36.992402399290391 ], [ -122.012609633912746, 36.992401366979557 ], [ -122.012711214082017, 36.992395783610718 ], [ -122.012713433826946, 36.992395661103728 ], [ -122.012771033029054, 36.992392497213828 ], [ -122.012790202022586, 36.992455343428247 ], [ -122.013031228588332, 36.9927182723032 ], [ -122.012959099821032, 36.992757245967262 ], [ -122.013052797061633, 36.992926448799537 ], [ -122.013059430123604, 36.992981128796345 ], [ -122.013071814829502, 36.993083211422331 ], [ -122.013102962397824, 36.993339936779712 ], [ -122.013103226806848, 36.993341516735661 ], [ -122.013103233058445, 36.993341548196078 ], [ -122.013103275136061, 36.993341796377919 ], [ -122.013103504787736, 36.99334315689503 ], [ -122.013171029752272, 36.993305785693877 ], [ -122.013187173782043, 36.99329685099962 ], [ -122.013196117978438, 36.993291900116581 ], [ -122.013197126878211, 36.993291343614416 ], [ -122.013197479113657, 36.993291149796285 ], [ -122.013713427053531, 36.993005601073612 ], [ -122.013881619841499, 36.992913004271983 ], [ -122.013928854188322, 36.992886999457724 ], [ -122.013928078455407, 36.992886471516101 ], [ -122.013688359856928, 36.992723519571335 ], [ -122.013470452276266, 36.992572830509474 ], [ -122.013395863397704, 36.992521250859653 ], [ -122.013394501745609, 36.992522197647922 ], [ -122.013393363904669, 36.992522989232079 ], [ -122.013178757053524, 36.992390632022278 ], [ -122.013142088326134, 36.992355077297354 ], [ -122.013135607396862, 36.992348796277 ], [ -122.013033206954447, 36.992249528556158 ], [ -122.012846369848532, 36.992064703962626 ], [ -122.012825948255454, 36.992044501940427 ], [ -122.012816560310767, 36.992035400037096 ], [ -122.012786205888915, 36.992012561074667 ], [ -122.012767676569624, 36.991998619380695 ], [ -122.012746310387698, 36.991973465857541 ], [ -122.012737652052792, 36.991963272161648 ], [ -122.012735495262831, 36.991962392634427 ], [ -122.012707928355752, 36.991951157233927 ], [ -122.012698117505792, 36.991947158818789 ], [ -122.012578926015522, 36.991898576704479 ], [ -122.012543297506582, 36.99191238883845 ], [ -122.012485117611405, 36.991934944675641 ], [ -122.012434595346662, 36.991947361083234 ], [ -122.012370375182968, 36.991963145252782 ], [ -122.012214934569599, 36.992001343858874 ], [ -122.012076878687211, 36.992035271495155 ], [ -122.012078950831622, 36.992032116617743 ], [ -122.012121308993486, 36.99196760945761 ], [ -122.011635484331379, 36.991792564465001 ], [ -122.011620351678019, 36.991787111914384 ], [ -122.011656169069667, 36.991726608040572 ], [ -122.011795291933467, 36.991491591613716 ], [ -122.012297341421643, 36.991483136833146 ], [ -122.012310693194024, 36.991482891649646 ], [ -122.012738540591911, 36.991475034607433 ], [ -122.012854588095962, 36.991477127248068 ], [ -122.012871080372989, 36.991477127850324 ], [ -122.013123885326152, 36.991477143794775 ], [ -122.01343632759361, 36.991476714439791 ], [ -122.01383757105431, 36.991477186627023 ], [ -122.014261167734148, 36.991477206869376 ], [ -122.01430303316971, 36.99154932523296 ], [ -122.01439866998814, 36.991714578046242 ], [ -122.014481360095758, 36.991893787028786 ], [ -122.014482262348977, 36.99189574170552 ], [ -122.014568540596812, 36.992082716441679 ], [ -122.014697517482489, 36.992370455387999 ], [ -122.014701993840191, 36.99238044460138 ], [ -122.014936765138174, 36.992904189516409 ], [ -122.014937034547131, 36.992904790714462 ], [ -122.014937650985999, 36.992906165130414 ], [ -122.015057930846794, 36.992769445759862 ], [ -122.015075618837685, 36.992749243932671 ], [ -122.015160572892597, 36.992652204700235 ], [ -122.015241427274859, 36.992559844446951 ], [ -122.015377525647935, 36.992404375542769 ], [ -122.01553089685288, 36.992295933127664 ], [ -122.015715205024932, 36.992165934081711 ], [ -122.015980831259611, 36.992393696556299 ], [ -122.016205482585079, 36.992708268880619 ], [ -122.016201570391573, 36.992748468524496 ], [ -122.016183323007198, 36.992935966105208 ], [ -122.016165715598149, 36.993116884809432 ], [ -122.016164636289545, 36.993127970824588 ], [ -122.016173375725899, 36.993567925961067 ], [ -122.01663144020452, 36.993817426917225 ], [ -122.016812326258304, 36.993915952309891 ], [ -122.017537437263513, 36.994531685974351 ], [ -122.017539715257769, 36.994531607677928 ], [ -122.017546704206154, 36.994531368970172 ], [ -122.017765952131896, 36.994523845901199 ], [ -122.017829300428005, 36.994521672643508 ], [ -122.017829248985606, 36.994520462116554 ], [ -122.017806454141208, 36.993988624036938 ], [ -122.01780050336555, 36.9938494886933 ], [ -122.017760490388184, 36.992916179282361 ], [ -122.017755534047467, 36.992800463238837 ], [ -122.017754321695037, 36.992772203349979 ], [ -122.017746309005858, 36.992585257101965 ], [ -122.01770760752926, 36.991682268274857 ], [ -122.017697830414249, 36.991453857024652 ], [ -122.017697827584982, 36.991453828223463 ], [ -122.017694689075697, 36.991380447506842 ], [ -122.017694686246486, 36.991380418705624 ], [ -122.017694641570756, 36.991378931426297 ], [ -122.01769383487391, 36.991352340668662 ], [ -122.017693911773563, 36.991352337865827 ], [ -122.017695363297221, 36.991352561401008 ], [ -122.01796613572688, 36.991394038247044 ], [ -122.018134290056352, 36.991419790475078 ], [ -122.018470799767059, 36.991471330342691 ], [ -122.018622139332479, 36.991494507961214 ], [ -122.018773479027871, 36.991517687185365 ], [ -122.018863957011831, 36.991531546419424 ], [ -122.018940958988651, 36.991543340697653 ], [ -122.01919487045015, 36.991575468141079 ], [ -122.019432649502249, 36.991605550385607 ], [ -122.019536472121629, 36.991618688268034 ], [ -122.019601800981846, 36.991626955513958 ], [ -122.019754068614318, 36.991646219242796 ], [ -122.019945731223117, 36.991670466741589 ], [ -122.019945782591009, 36.991670284933527 ], [ -122.01994616481457, 36.991668910147908 ], [ -122.02001181051665, 36.991432756015783 ], [ -122.020042187055708, 36.991338501043998 ], [ -122.020394207208426, 36.99133630090747 ], [ -122.020556610604217, 36.991335283623677 ], [ -122.020665067640579, 36.99121090639786 ], [ -122.020795067375502, 36.991058906183277 ], [ -122.021005067932933, 36.990789906902968 ], [ -122.021281067694815, 36.99044090693463 ], [ -122.021640067641584, 36.989981906075009 ], [ -122.021764067319921, 36.98982490661102 ], [ -122.021807066968833, 36.989767906062198 ], [ -122.0218500677924, 36.989712906118982 ], [ -122.02195706725503, 36.989561906640553 ], [ -122.02228206701318, 36.989110906478707 ], [ -122.022390067949289, 36.988959906133864 ], [ -122.022503067860043, 36.988756905870325 ], [ -122.022519478538314, 36.988724829276144 ], [ -122.022821988735473, 36.988334086128795 ], [ -122.02302177592253, 36.988058039336181 ], [ -122.023112069830049, 36.987906466520393 ], [ -122.023194793023805, 36.987752136622682 ], [ -122.023269813441374, 36.987595293803892 ], [ -122.023337013715604, 36.987436186537735 ], [ -122.023396288873229, 36.987275064937151 ], [ -122.023447542983646, 36.987112181699295 ], [ -122.023490697111555, 36.986947796507302 ], [ -122.023525685727805, 36.986782165263058 ], [ -122.023552447962103, 36.986615551916536 ], [ -122.023570947580382, 36.986448216489613 ], [ -122.023579971643215, 36.986299820731041 ], [ -122.023594067611143, 36.986289905589118 ], [ -122.02366506715083, 36.986244905606547 ], [ -122.023736067663251, 36.986198906149433 ], [ -122.023829067515535, 36.986143905674453 ], [ -122.023939067002061, 36.986085905572871 ], [ -122.024071067330851, 36.986024906239365 ], [ -122.024222067881354, 36.985960906253467 ], [ -122.024349067700356, 36.985913906113453 ], [ -122.024484067230674, 36.985870906196865 ], [ -122.02550506706676, 36.985585905729714 ], [ -122.027309067741143, 36.98509890527977 ], [ -122.02733106797497, 36.985092905484528 ], [ -122.027471067342816, 36.985054905791856 ], [ -122.027611067692035, 36.985016905916588 ], [ -122.027604068151888, 36.984947905247409 ], [ -122.027591068150926, 36.984733905298668 ], [ -122.027583067628896, 36.984698905168806 ], [ -122.027547067869108, 36.984595905733229 ], [ -122.027530067342738, 36.984562905142631 ], [ -122.027476067258618, 36.984504905252095 ], [ -122.027417067403647, 36.984385905364036 ], [ -122.027378067576564, 36.984300905857054 ], [ -122.027311067703195, 36.984155905944242 ], [ -122.02711106738964, 36.983722905274291 ], [ -122.02704506731159, 36.983578905074019 ], [ -122.026902068019965, 36.983269905774414 ], [ -122.026784067657317, 36.983011905391749 ], [ -122.026504067554882, 36.982384905810029 ], [ -122.026484067372095, 36.982339905365187 ], [ -122.026356177929912, 36.982052618331259 ], [ -122.026017936175649, 36.9813415140476 ], [ -122.02435697676637, 36.978473060841743 ], [ -122.024336816091846, 36.978438241985486 ], [ -122.024336017643535, 36.978436868196027 ], [ -122.024017428149705, 36.977886636966517 ], [ -122.023900826459339, 36.977615178110348 ], [ -122.023325635656477, 36.976240706314016 ], [ -122.023230877936925, 36.975960284044866 ], [ -122.023092786892278, 36.975634388645119 ], [ -122.022917522889372, 36.975277189110706 ], [ -122.022785585799284, 36.974942077703716 ], [ -122.022789694426478, 36.974544786079441 ], [ -122.02282303760299, 36.974214838786033 ], [ -122.022834271638715, 36.974094662062257 ], [ -122.022781066059991, 36.974071905158134 ], [ -122.022614065734459, 36.974151904812409 ], [ -122.022232065984255, 36.974361905023727 ], [ -122.021588065998202, 36.974677905406281 ], [ -122.020314066112647, 36.975261904848495 ], [ -122.020179065364275, 36.975378905618818 ], [ -122.020068066047401, 36.975532905263577 ], [ -122.020037065998807, 36.975717905721311 ], [ -122.020006066185218, 36.97595890502653 ], [ -122.019908065380633, 36.976137905258987 ], [ -122.019763065965975, 36.976264905623097 ] ] ] } },
{ "type": "Feature", "properties": { "OBJECTID_1": 2, "OBJECTID": 2, "District": 2, "Shape.STArea()": "38,882,745.18", "Shape.STLength()": "31,021.06", "Label": "District 2", "SHAPE_STAr": "38,882,745.18", "SHAPE_STLe": "31,021.06", "URL": "https:\/\/vwgisportal.cityofsantacruz.com\/img\/brunner.png", "Email": "mailto:sbrunner@santacruzca.gov", "TermEnd": "December 2028", "TermBegin": "March 2024", "NameCouncil": "Sonja Brunner" }, "geometry": { "type": "Polygon", "coordinates": [ [ [ -122.019763065965975, 36.976264905623097 ], [ -122.019908065380633, 36.976137905258987 ], [ -122.020006066185218, 36.97595890502653 ], [ -122.020037065998807, 36.975717905721311 ], [ -122.020068066047401, 36.975532905263577 ], [ -122.020179065364275, 36.975378905618818 ], [ -122.020314066112647, 36.975261904848495 ], [ -122.021588065998202, 36.974677905406281 ], [ -122.022232065984255, 36.974361905023727 ], [ -122.022614065734459, 36.974151904812409 ], [ -122.022781066059991, 36.974071905158134 ], [ -122.022834271638715, 36.974094662062257 ], [ -122.022838217271641, 36.974052457506872 ], [ -122.022853449019721, 36.973839983950867 ], [ -122.022854519834439, 36.97373650555496 ], [ -122.022846719244583, 36.973606921148821 ], [ -122.022846712395747, 36.973606804985089 ], [ -122.022844171572643, 36.97356454363883 ], [ -122.022834623659648, 36.973405901636411 ], [ -122.023009449030155, 36.973154558553532 ], [ -122.023032592235893, 36.971352985789927 ], [ -122.023033021137579, 36.971319424483688 ], [ -122.023035521833108, 36.971124438903622 ], [ -122.023036010711436, 36.971086304190827 ], [ -122.023043969958124, 36.970466360114287 ], [ -122.022795652688117, 36.969765197959731 ], [ -122.022794847353126, 36.969762924867325 ], [ -122.022730475015535, 36.969581152447773 ], [ -122.022023029582741, 36.968701076281022 ], [ -122.021799745033718, 36.968605831978181 ], [ -122.02107898574431, 36.968298375947192 ], [ -122.019024845688236, 36.968213236074618 ], [ -122.016517714275423, 36.968064591824501 ], [ -122.01448303691113, 36.967887001624554 ], [ -122.014221629977868, 36.967720977693858 ], [ -122.014168776178224, 36.967687405378314 ], [ -122.014085258576515, 36.967599473316646 ], [ -122.014067693333914, 36.96758097923643 ], [ -122.013548185742309, 36.967033992111126 ], [ -122.013539814067258, 36.967036155466154 ], [ -122.013530063641483, 36.967022904815003 ], [ -122.013524063530156, 36.967013905045867 ], [ -122.013470063570864, 36.966915905333138 ], [ -122.013342063809276, 36.966726905342725 ], [ -122.013270063376538, 36.966595905219258 ], [ -122.013173063917492, 36.96647590487423 ], [ -122.013152063295138, 36.96644390501644 ], [ -122.013068063447705, 36.966277905234314 ], [ -122.013047063912339, 36.966247905075463 ], [ -122.01292306371289, 36.966204905167999 ], [ -122.012843063960716, 36.966169904606986 ], [ -122.012768063364732, 36.966130904567997 ], [ -122.012735063631752, 36.966105904793991 ], [ -122.01270706404317, 36.96607790499116 ], [ -122.012636063177482, 36.965986905064511 ], [ -122.012620064013802, 36.965953904812714 ], [ -122.012563063082439, 36.965743904685738 ], [ -122.012531063832128, 36.965677905076497 ], [ -122.012510063017515, 36.965608905152898 ], [ -122.012509063092907, 36.965536905313691 ], [ -122.012515063894028, 36.96550190475476 ], [ -122.012602062888831, 36.965188904986348 ], [ -122.012587063078399, 36.964688904825074 ], [ -122.012594687794746, 36.964144668535369 ], [ -122.012544040497346, 36.964237872671582 ], [ -122.012269547723989, 36.964185588007439 ], [ -122.01222959159027, 36.964177978367914 ], [ -122.012154953140495, 36.964163762171069 ], [ -122.012205246155062, 36.963908007043884 ], [ -122.01221944008789, 36.963644672442868 ], [ -122.012215526916975, 36.963508019726987 ], [ -122.012209324508476, 36.963291428244027 ], [ -122.012189594655553, 36.963129457275507 ], [ -122.012184516735132, 36.963113583864782 ], [ -122.01218366348192, 36.963110919311134 ], [ -122.012183426103789, 36.963110173504646 ], [ -122.012182453510121, 36.963108330576901 ], [ -122.012182325038225, 36.963108085318169 ], [ -122.012178668264113, 36.963101160269197 ], [ -122.012177248464198, 36.963098468817186 ], [ -122.012174719540567, 36.963093679370054 ], [ -122.012174586414446, 36.963093426061022 ], [ -122.012173750406234, 36.963091840903324 ], [ -122.012172171347046, 36.963089773334062 ], [ -122.012171110238299, 36.963088386652487 ], [ -122.01216370292326, 36.963078691331319 ], [ -122.012163362681875, 36.963078246953209 ], [ -122.012160782439182, 36.963074868525801 ], [ -122.012159780562428, 36.96307391364482 ], [ -122.012159429025388, 36.963073577555427 ], [ -122.012148273051466, 36.963062934132857 ], [ -122.012148164468712, 36.963062840015276 ], [ -122.012148083266979, 36.963062767171074 ], [ -122.01214803520503, 36.963062722735081 ], [ -122.012148005397179, 36.963062692481301 ], [ -122.012147757861356, 36.963062446062921 ], [ -122.012145868558818, 36.963060642958837 ], [ -122.012144810579926, 36.963059634734115 ], [ -122.012142700726585, 36.963058144497531 ], [ -122.012142452396773, 36.963057970184245 ], [ -122.012126189770413, 36.963046477374618 ], [ -122.012106109396242, 36.963053749876977 ], [ -122.012106080279864, 36.963053809732713 ], [ -122.01210546510228, 36.963054992854907 ], [ -122.012103040316958, 36.963059669004195 ], [ -122.012101416544255, 36.963062798246447 ], [ -122.012100229803167, 36.963064430360596 ], [ -122.012100035290473, 36.963064697831214 ], [ -122.012097774401823, 36.963067809200396 ], [ -122.012097161348152, 36.963068651647049 ], [ -122.012095262141983, 36.963071264477001 ], [ -122.012092775689879, 36.963073826344541 ], [ -122.012092222293902, 36.963074396760931 ], [ -122.012089373864256, 36.963077331005579 ], [ -122.012089256180985, 36.963077454191477 ], [ -122.012087757696449, 36.963078997525756 ], [ -122.01208439473595, 36.963081643754585 ], [ -122.012080037949275, 36.963085073383056 ], [ -122.012080014734693, 36.963085091707775 ], [ -122.012079141345524, 36.963085777119076 ], [ -122.012079037441353, 36.963085859573034 ], [ -122.012068355215007, 36.96309244065678 ], [ -122.012068208792044, 36.963092530871528 ], [ -122.012066841794976, 36.963093130762282 ], [ -122.012064922657146, 36.963093973021614 ], [ -122.01205716144878, 36.963097376500357 ], [ -122.012056792980658, 36.963097538084277 ], [ -122.012056229703205, 36.96309778510318 ], [ -122.012053499842423, 36.963102592274282 ], [ -122.012053368388024, 36.963107441452756 ], [ -122.012053195443499, 36.963113688005919 ], [ -122.01205465082954, 36.963119541256077 ], [ -122.012019446179266, 36.963161873092226 ], [ -122.012002081242244, 36.963182754307894 ], [ -122.011991396398258, 36.963191660475566 ], [ -122.011984310833824, 36.963197776767551 ], [ -122.011978936795771, 36.963204619752538 ], [ -122.011973560402424, 36.963211457360721 ], [ -122.011968126061802, 36.963220381061966 ], [ -122.011963558961455, 36.963229317850605 ], [ -122.011960716256851, 36.963238281846422 ], [ -122.011957874728708, 36.963247248530422 ], [ -122.011955036568068, 36.963256215170745 ], [ -122.011953960113743, 36.963263827018039 ], [ -122.011952884781891, 36.963271438850846 ], [ -122.011952675569233, 36.963279063785855 ], [ -122.011953366435478, 36.963285320767511 ], [ -122.011954939785241, 36.963290897628028 ], [ -122.01195733984504, 36.963297876827788 ], [ -122.011959976181615, 36.963305212536831 ], [ -122.011961060719855, 36.963309101507228 ], [ -122.011973355926344, 36.96335312178411 ], [ -122.011975277305382, 36.96343666645901 ], [ -122.01197147733329, 36.963443098821514 ], [ -122.01196781361422, 36.963450664910397 ], [ -122.011964970956143, 36.963459631609282 ], [ -122.011962129420112, 36.963468598293566 ], [ -122.011960154059565, 36.963477580782808 ], [ -122.011943746413706, 36.963611324799317 ], [ -122.011912819248522, 36.963698173751105 ], [ -122.011909659551861, 36.963727761869322 ], [ -122.011909468078201, 36.963729574832442 ], [ -122.011908115162413, 36.963733998266541 ], [ -122.011907945391158, 36.963740235766615 ], [ -122.011906884184938, 36.963747155305867 ], [ -122.011906673843512, 36.963754780255613 ], [ -122.011906639427565, 36.963756082914131 ], [ -122.011893792249978, 36.963876636979215 ], [ -122.011892523064446, 36.963888398578227 ], [ -122.011891630262085, 36.963896765940667 ], [ -122.011891155691401, 36.963898016629905 ], [ -122.011886952801177, 36.963908590652487 ], [ -122.011886588338612, 36.96390950917926 ], [ -122.011885113548516, 36.96391189571272 ], [ -122.011880239977273, 36.963919781183606 ], [ -122.011879914742863, 36.963920305383944 ], [ -122.011876659865592, 36.963924027121152 ], [ -122.011871386169503, 36.963930055930874 ], [ -122.011871270875105, 36.963930186295137 ], [ -122.01187068326081, 36.96393067514618 ], [ -122.011861704442381, 36.963938199294496 ], [ -122.01186087059132, 36.963938896808045 ], [ -122.011860463495537, 36.963939148109404 ], [ -122.011860360331781, 36.96393921162867 ], [ -122.011856227389202, 36.963941769603807 ], [ -122.011855901238135, 36.963941969389381 ], [ -122.011848991564861, 36.963946227852169 ], [ -122.011848957104348, 36.963946245421418 ], [ -122.0118472139213, 36.963947015103351 ], [ -122.01183579419984, 36.96395205839098 ], [ -122.011802427171716, 36.963958341463609 ], [ -122.011790547750948, 36.963960577206834 ], [ -122.011781020053149, 36.963962370619704 ], [ -122.011777533152937, 36.963962600566575 ], [ -122.011777481579131, 36.963962604839949 ], [ -122.011758316547954, 36.963963869829087 ], [ -122.011726520657973, 36.963965969938556 ], [ -122.011724963936416, 36.963966072126908 ], [ -122.011721959949341, 36.963965911907117 ], [ -122.011713022234545, 36.963965437494259 ], [ -122.011690184364141, 36.963964223161838 ], [ -122.011675145361139, 36.963963423205918 ], [ -122.011668839478759, 36.963963087700591 ], [ -122.011656743317687, 36.963960972615141 ], [ -122.011650533515791, 36.963959886978621 ], [ -122.011623942978275, 36.963955240000914 ], [ -122.011623695030963, 36.963955196353382 ], [ -122.011613881066751, 36.963953480644285 ], [ -122.011605651491692, 36.963950972982509 ], [ -122.011605366745997, 36.963950886554997 ], [ -122.011561682191299, 36.963937579964657 ], [ -122.011561295745693, 36.963937462412623 ], [ -122.011450862450431, 36.963950778632153 ], [ -122.011411053088437, 36.963940909344487 ], [ -122.01135825518304, 36.963921468373343 ], [ -122.01127152785142, 36.963895208952131 ], [ -122.011210753118604, 36.963871975469118 ], [ -122.011147894262237, 36.963856062251438 ], [ -122.011049074069973, 36.963841682886134 ], [ -122.010986413343588, 36.963828859881325 ], [ -122.010921991496289, 36.963808881724042 ], [ -122.010841957656652, 36.963786468933804 ], [ -122.010767810952899, 36.963775170732916 ], [ -122.010729303668057, 36.963776815005879 ], [ -122.010672481572868, 36.963777996305794 ], [ -122.010640549653104, 36.963775509049029 ], [ -122.010609443000462, 36.963775804765895 ], [ -122.010515926194387, 36.963784324748168 ], [ -122.010423481315087, 36.963781762419906 ], [ -122.010356192666833, 36.963775357780548 ], [ -122.010257546421727, 36.963781730680715 ], [ -122.010142508357518, 36.963785815884975 ], [ -122.010057636546435, 36.963794443435511 ], [ -122.009957962009452, 36.96380843449483 ], [ -122.009859869619589, 36.963830068658176 ], [ -122.009809683085209, 36.963832904711651 ], [ -122.009737878492501, 36.963836152195732 ], [ -122.009682468623339, 36.963840995167324 ], [ -122.009638203713777, 36.963850136675156 ], [ -122.009594836658508, 36.963857909359028 ], [ -122.009579255984178, 36.963859826007727 ], [ -122.009566432278831, 36.96386056516446 ], [ -122.009562844981261, 36.963860772913947 ], [ -122.009560199810622, 36.96386058456293 ], [ -122.009559718442517, 36.963860549339707 ], [ -122.009547014412647, 36.963859644085538 ], [ -122.009546468957524, 36.963859605185945 ], [ -122.009522250388926, 36.963856295925993 ], [ -122.009488784147038, 36.963844074693867 ], [ -122.009439941582087, 36.963822649522683 ], [ -122.009394280538089, 36.963815132587918 ], [ -122.009364010545397, 36.9638168256946 ], [ -122.009312904599923, 36.963822417541444 ], [ -122.009220089620186, 36.96383926876284 ], [ -122.009176007028259, 36.963838709186575 ], [ -122.009099307329478, 36.963827327615711 ], [ -122.009039956280816, 36.963812702527989 ], [ -122.009014060939649, 36.963811678636795 ], [ -122.008968155473838, 36.963816641598683 ], [ -122.008927514105878, 36.96381681962788 ], [ -122.008917172964885, 36.963815299763063 ], [ -122.008867205785776, 36.963807032682539 ], [ -122.008846470827592, 36.963807463183414 ], [ -122.008821269061855, 36.9638140732213 ], [ -122.008807393946995, 36.963816867982501 ], [ -122.0087726742657, 36.963823860697858 ], [ -122.008723461887229, 36.963820461901861 ], [ -122.00866565170999, 36.963815562098375 ], [ -122.008560643024651, 36.96378318203157 ], [ -122.008542287660489, 36.963756549765655 ], [ -122.008284910030454, 36.963706046721889 ], [ -122.008279077440278, 36.963677945728264 ], [ -122.008258266963566, 36.963577662533389 ], [ -122.008200875444729, 36.963587277871902 ], [ -122.008194559712209, 36.963666798960787 ], [ -122.008190718865919, 36.963715273779741 ], [ -122.008162948632901, 36.963711368529964 ], [ -122.00811454505579, 36.96371144209585 ], [ -122.008075029027097, 36.963699150005617 ], [ -122.008014788300756, 36.963685895792921 ], [ -122.007944958340872, 36.963676684800085 ], [ -122.007827086130561, 36.963649521556867 ], [ -122.007765897898665, 36.963640418607817 ], [ -122.007754913558315, 36.963640085705997 ], [ -122.007743025809617, 36.963639728436299 ], [ -122.007726164443639, 36.963639218285145 ], [ -122.007682930960272, 36.963640054817745 ], [ -122.007644144034131, 36.963634705793602 ], [ -122.00761496797945, 36.963623928133984 ], [ -122.00754810394298, 36.963596027650141 ], [ -122.007497711660932, 36.96356556300487 ], [ -122.007463532201925, 36.963545705671407 ], [ -122.007430861844114, 36.963536967458253 ], [ -122.007391990043502, 36.963535778413728 ], [ -122.00726581695902, 36.963534862560834 ], [ -122.007175997248325, 36.963531637409645 ], [ -122.007102679376487, 36.96352376779943 ], [ -122.007048448925545, 36.963512670352273 ], [ -122.006974408854646, 36.963497855556575 ], [ -122.006914896377211, 36.963491548511556 ], [ -122.006834784498253, 36.963478039502291 ], [ -122.006757195740889, 36.963468038589937 ], [ -122.006608033166302, 36.963449488209754 ], [ -122.00652187015271, 36.963435905766502 ], [ -122.006456516694769, 36.963419121081721 ], [ -122.006268007837789, 36.963364628359614 ], [ -122.006194593873431, 36.963357497492915 ], [ -122.006147262721299, 36.963359235299521 ], [ -122.006141868301427, 36.96335943384166 ], [ -122.006105546907278, 36.963365574103364 ], [ -122.0060726536814, 36.963377963948169 ], [ -122.006048365146668, 36.963396627544299 ], [ -122.006002500257139, 36.963414528917305 ], [ -122.005957476378001, 36.963433824356976 ], [ -122.005924632966924, 36.96343582106163 ], [ -122.00588140955243, 36.963439170199955 ], [ -122.005839060529169, 36.963436280849415 ], [ -122.005800201335219, 36.963428547615337 ], [ -122.005782971680475, 36.963415324430713 ], [ -122.005713041093713, 36.963398491193431 ], [ -122.005661225772755, 36.963381696177066 ], [ -122.005639685330934, 36.963374714357684 ], [ -122.005568038846121, 36.963354409298674 ], [ -122.005515376199355, 36.963341784122086 ], [ -122.005481691009763, 36.963337530143747 ], [ -122.005451457411823, 36.963337447335107 ], [ -122.005411678012678, 36.96334357975347 ], [ -122.005360654425445, 36.963351764215183 ], [ -122.005320893923681, 36.963350268737507 ], [ -122.005269925121667, 36.963345276241782 ], [ -122.005227618453745, 36.963336148128271 ], [ -122.005191373174029, 36.963323565927126 ], [ -122.005129223157354, 36.963306060563717 ], [ -122.005067891923161, 36.963299652592745 ], [ -122.004976364419889, 36.963280677977075 ], [ -122.004886609233495, 36.963259636533522 ], [ -122.004872652753733, 36.963256523714456 ], [ -122.00483304632877, 36.963247694952159 ], [ -122.004764905329651, 36.963216301961992 ], [ -122.004741598057848, 36.963201452011738 ], [ -122.004729606698831, 36.963191660378044 ], [ -122.004716778345028, 36.963179777982653 ], [ -122.004703844249278, 36.963176909689921 ], [ -122.004679766584559, 36.963165645565788 ], [ -122.004651419354261, 36.963150186543899 ], [ -122.004629118311755, 36.963134773866322 ], [ -122.004601516417424, 36.963129721098305 ], [ -122.004517835677859, 36.963115951955288 ], [ -122.00445919900595, 36.963106303391477 ], [ -122.004428063445445, 36.963103067898928 ], [ -122.004395829007649, 36.963100308881742 ], [ -122.004354394652424, 36.963096760145461 ], [ -122.004312825858477, 36.963094909156673 ], [ -122.004280419018755, 36.963093466257618 ], [ -122.00423131518447, 36.963079248167311 ], [ -122.004211465446858, 36.963077720771771 ], [ -122.004167368204122, 36.9630794872552 ], [ -122.004114680931139, 36.963075646508635 ], [ -122.004036149946614, 36.963065380187253 ], [ -122.003979144501628, 36.963062204274181 ], [ -122.00392308581911, 36.96305140472559 ], [ -122.003841211711602, 36.963030711436701 ], [ -122.003738598053445, 36.963009870086488 ], [ -122.003670580281238, 36.962986503522423 ], [ -122.003627456787711, 36.962978569521788 ], [ -122.003595541644913, 36.962972795312822 ], [ -122.003549029192513, 36.962958594892406 ], [ -122.003531858696448, 36.962956657944531 ], [ -122.003495531158663, 36.962952563630765 ], [ -122.003483430135461, 36.962951194846703 ], [ -122.003402295102049, 36.962941602416819 ], [ -122.003317828999158, 36.962920892615585 ], [ -122.003201287885162, 36.962908969119589 ], [ -122.003184869237103, 36.962908853634211 ], [ -122.003135659088173, 36.96290434310577 ], [ -122.00303122327368, 36.962891811909728 ], [ -122.002982133596703, 36.962876206194409 ], [ -122.002902857469877, 36.962854838026757 ], [ -122.002827102728205, 36.962827947932155 ], [ -122.002790235855315, 36.962801331663805 ], [ -122.002738463660478, 36.962767220368754 ], [ -122.002738427264291, 36.962767197406983 ], [ -122.002741756448259, 36.962779795406156 ], [ -122.001855822473047, 36.962726208189693 ], [ -122.001562325836744, 36.962725304325964 ], [ -122.00155181240666, 36.962687464737819 ], [ -122.001507803373002, 36.962529073487481 ], [ -122.001491324208175, 36.96246976251647 ], [ -122.001478650487428, 36.962387006925987 ], [ -122.001453359212775, 36.962221829359073 ], [ -122.001448969248557, 36.962131003351928 ], [ -122.001446597645057, 36.962081923905494 ], [ -122.001441060058397, 36.962018960139467 ], [ -122.001436379650926, 36.961965728930316 ], [ -122.001434315733476, 36.961942259854482 ], [ -122.001418521959351, 36.961818646035482 ], [ -122.001416606173819, 36.961803652483241 ], [ -122.001416520845794, 36.961802979496824 ], [ -122.001405244365699, 36.961735783768006 ], [ -122.001405158822038, 36.961735268491431 ], [ -122.001393234854532, 36.961664220429711 ], [ -122.001340075702842, 36.961435405932058 ], [ -122.001337455071635, 36.961424250581508 ], [ -122.001337310433343, 36.961423644145015 ], [ -122.001336653746179, 36.961420849018779 ], [ -122.00133659602534, 36.961420601936524 ], [ -122.001336281923656, 36.961419888638687 ], [ -122.001334304260638, 36.961415391963349 ], [ -122.001333558382598, 36.96141369652775 ], [ -122.001333533652868, 36.961413639170424 ], [ -122.001333506569665, 36.961413576436279 ], [ -122.001331392512299, 36.961408773312279 ], [ -122.001331163136541, 36.961408253579187 ], [ -122.001330590132497, 36.961406947932531 ], [ -122.001330345477101, 36.961406394151197 ], [ -122.001327775552838, 36.961402549446987 ], [ -122.001326149079233, 36.961400115564338 ], [ -122.001326118898078, 36.961400066387839 ], [ -122.001324463582264, 36.961397594125629 ], [ -122.001324442743069, 36.961397562852554 ], [ -122.001324347708788, 36.961397415380809 ], [ -122.00132431068333, 36.961397360885371 ], [ -122.001322472395628, 36.96139461161205 ], [ -122.001322289495647, 36.961394338204748 ], [ -122.001322068411469, 36.961394008514517 ], [ -122.001321472239439, 36.961393116809234 ], [ -122.001319333396367, 36.961390837317175 ], [ -122.00131396447145, 36.96138511453568 ], [ -122.001313941512905, 36.961385089598124 ], [ -122.001313884098522, 36.961385026353319 ], [ -122.00131255197482, 36.96138360972143 ], [ -122.001312456664436, 36.961383504608904 ], [ -122.001311178406937, 36.961382142255651 ], [ -122.001311157783874, 36.961382121793953 ], [ -122.001310509511327, 36.9613814326244 ], [ -122.001310367215225, 36.961381280354125 ], [ -122.001310180160743, 36.961381079996102 ], [ -122.001309535616755, 36.961380577323453 ], [ -122.001307040551453, 36.961378623238623 ], [ -122.001298351948918, 36.961371828432192 ], [ -122.001298289263261, 36.961371782377739 ], [ -122.0012979070314, 36.961371480896489 ], [ -122.001296733138645, 36.961370564186311 ], [ -122.001296139116903, 36.961370229384421 ], [ -122.001296096982259, 36.961370200187815 ], [ -122.00129606844618, 36.961370177124451 ], [ -122.00129568234793, 36.961369963107742 ], [ -122.001281442680124, 36.961361815897554 ], [ -122.001281336010706, 36.961361760496288 ], [ -122.00127913729456, 36.961360755146181 ], [ -122.001277499579118, 36.961360005719058 ], [ -122.001274410001884, 36.961358590985505 ], [ -122.001273974792753, 36.96135839201991 ], [ -122.00127391022194, 36.961358364013364 ], [ -122.00127213177764, 36.961357540698543 ], [ -122.001272019854895, 36.961357503388577 ], [ -122.001269629666112, 36.96135680690567 ], [ -122.001269513270586, 36.961356770554438 ], [ -122.001269460323044, 36.961356762224263 ], [ -122.001269425212882, 36.961356747356184 ], [ -122.001269313326134, 36.961356711848133 ], [ -122.001267733037281, 36.961356250961316 ], [ -122.001264236925621, 36.961355228970135 ], [ -122.001263903673006, 36.96135513052559 ], [ -122.001263842722494, 36.961355115088963 ], [ -122.001262052132745, 36.961354583012543 ], [ -122.001261947306546, 36.961354563634877 ], [ -122.001259888491418, 36.961354264813266 ], [ -122.001259762315712, 36.961354244809264 ], [ -122.001259726262901, 36.961354238965164 ], [ -122.001258881547074, 36.961354115563829 ], [ -122.001258817336478, 36.961354105576326 ], [ -122.001257710200861, 36.961353944099031 ], [ -122.001253817707024, 36.961353373296291 ], [ -122.001253647655517, 36.961353349351221 ], [ -122.001253321025118, 36.96135330128768 ], [ -122.001253251201007, 36.961353291372404 ], [ -122.001251495187304, 36.96135302830443 ], [ -122.001251397403522, 36.961353024156189 ], [ -122.001249571085452, 36.961353008016303 ], [ -122.001249519404809, 36.961353006879335 ], [ -122.001248008676157, 36.961352992083555 ], [ -122.001242822821197, 36.961352943495029 ], [ -122.001242679060297, 36.961352942642243 ], [ -122.00124250274088, 36.961352942208634 ], [ -122.001240765134852, 36.961352925827718 ], [ -122.001240678722255, 36.961352928742571 ], [ -122.001238532528106, 36.961353202395685 ], [ -122.001237072987749, 36.961353388805819 ], [ -122.00123176569393, 36.961354062726748 ], [ -122.001231730962019, 36.961354066778611 ], [ -122.001231687320413, 36.961354074549895 ], [ -122.001231577528984, 36.961354087678721 ], [ -122.001230166157129, 36.961354268061562 ], [ -122.001230094555908, 36.961354281599945 ], [ -122.001226996171766, 36.961355122640079 ], [ -122.001226352805148, 36.9613552967404 ], [ -122.001221381309122, 36.961356645829973 ], [ -122.001220970277345, 36.961356757461118 ], [ -122.00121999744043, 36.961357022316555 ], [ -122.001219936087722, 36.961357042932441 ], [ -122.001216572641667, 36.961358500189213 ], [ -122.001216121744633, 36.961358696143613 ], [ -122.001211740679125, 36.961360593661716 ], [ -122.001211698376395, 36.961360612229967 ], [ -122.001210550498698, 36.961361109140427 ], [ -122.001210504935898, 36.961361133157766 ], [ -122.001207601397965, 36.961362957583368 ], [ -122.001206765159225, 36.961363482924504 ], [ -122.001203149558862, 36.961365752689517 ], [ -122.001203037606061, 36.961365826225418 ], [ -122.001202099284669, 36.961366413259917 ], [ -122.001202066107666, 36.961366438920166 ], [ -122.00120012387309, 36.96136815183992 ], [ -122.001199932958343, 36.961368320115383 ], [ -122.001198570114141, 36.961369523617272 ], [ -122.001195803605881, 36.961371967193735 ], [ -122.001195579604172, 36.961372165634174 ], [ -122.001194866707124, 36.961372793924589 ], [ -122.001193410755562, 36.961374620441376 ], [ -122.001191758737804, 36.961376694604056 ], [ -122.001189794474257, 36.961379159394028 ], [ -122.00118957538956, 36.961379435272931 ], [ -122.001189089009586, 36.961380047129495 ], [ -122.001188251496956, 36.961381632278275 ], [ -122.001186544213112, 36.961384874184567 ], [ -122.001185743557699, 36.961386393072466 ], [ -122.001185346472042, 36.96138714616643 ], [ -122.001185204782246, 36.961387417444257 ], [ -122.001184911622488, 36.961387976347055 ], [ -122.001184550991496, 36.961389204796383 ], [ -122.001182639509636, 36.96139571431808 ], [ -122.001182546144307, 36.961396043550707 ], [ -122.001182508302293, 36.961396172907079 ], [ -122.001182450137378, 36.961396352991272 ], [ -122.001175256979181, 36.961423356273798 ], [ -122.001175064709869, 36.961424074739035 ], [ -122.00117320737418, 36.961431045870455 ], [ -122.001173024892523, 36.961433433651543 ], [ -122.001173011725996, 36.961433617662401 ], [ -122.00117194650683, 36.961447687129542 ], [ -122.001170851730137, 36.961462131869339 ], [ -122.001170524951092, 36.961466458150667 ], [ -122.001170813767644, 36.961469052543784 ], [ -122.001171226633772, 36.961472740277472 ], [ -122.001174292241473, 36.961500201318927 ], [ -122.001174470072783, 36.961501794123826 ], [ -122.001217382846775, 36.961743884358889 ], [ -122.00120599308039, 36.961756454698893 ], [ -122.001190417006512, 36.961773644324388 ], [ -122.001160483400298, 36.961806680439487 ], [ -122.001160357379845, 36.961806724417372 ], [ -122.001160324040555, 36.961806741969049 ], [ -122.001160152186898, 36.961806796449977 ], [ -122.001116854052597, 36.961821481677916 ], [ -122.001111730806315, 36.961823218422289 ], [ -122.001109168639672, 36.961824087702553 ], [ -122.001104389161554, 36.961825156750535 ], [ -122.001100387852276, 36.96182605356816 ], [ -122.001097702379269, 36.961826653179351 ], [ -122.001089275997671, 36.96182853968368 ], [ -122.001078026660451, 36.961831058208141 ], [ -122.001075354623595, 36.96183165584344 ], [ -122.001073105226723, 36.961832160623544 ], [ -122.001055506724185, 36.961836099132135 ], [ -122.001047801739446, 36.961836995860153 ], [ -122.001034828653971, 36.961838506516543 ], [ -122.001033267951172, 36.961838688819086 ], [ -122.00101654713923, 36.961840636124577 ], [ -122.001007869688408, 36.961841648102322 ], [ -122.001007821447686, 36.961841650525649 ], [ -122.001000373077716, 36.961842519615423 ], [ -122.000996806206402, 36.961842565527611 ], [ -122.000973631157848, 36.961842867435202 ], [ -122.000951457554478, 36.961843155547001 ], [ -122.000945764437446, 36.961843237837257 ], [ -122.000945718406072, 36.961843238429758 ], [ -122.000945277088334, 36.961843239604214 ], [ -122.000944669644497, 36.961843244719304 ], [ -122.000788526394373, 36.961891597737136 ], [ -122.000716450944864, 36.961913917613579 ], [ -122.00060801095664, 36.961920875223868 ], [ -122.000564952364769, 36.961900124444206 ], [ -122.000494149783677, 36.961865990309462 ], [ -122.000419801867196, 36.961870184007992 ], [ -122.000418298614051, 36.961870262828242 ], [ -122.000418262759069, 36.961870266894294 ], [ -122.000417854432001, 36.961870289270614 ], [ -122.000417818469074, 36.961870287931042 ], [ -122.000417812662235, 36.961870390740621 ], [ -122.000403837921283, 36.962137362203485 ], [ -122.000403966379565, 36.962137383981414 ], [ -122.00042855752676, 36.962141348191956 ], [ -122.000458992223059, 36.962148935663102 ], [ -122.000499709150731, 36.962164444693798 ], [ -122.000504127129261, 36.962165964915783 ], [ -122.000541285823189, 36.962178748579731 ], [ -122.000558621487869, 36.962186716359078 ], [ -122.00067126569644, 36.962227881947157 ], [ -122.000671250770523, 36.962227921791317 ], [ -122.000379281863232, 36.962711602937418 ], [ -122.000373246624989, 36.962721600812976 ], [ -122.000372947218693, 36.962722437809049 ], [ -122.000366675122009, 36.962766698560714 ], [ -122.000365188582379, 36.962777197996246 ], [ -122.000381549341327, 36.9629947173988 ], [ -122.000385493851184, 36.963047152005316 ], [ -122.000385595452315, 36.963048499318667 ], [ -122.000388905759436, 36.963092546212252 ], [ -122.000388907458202, 36.963092575028206 ], [ -122.000392670842714, 36.963142604454575 ], [ -122.000368283923507, 36.96330243395424 ], [ -122.000301075980175, 36.963742868764989 ], [ -122.000251013881581, 36.964070940622079 ], [ -122.000217546858224, 36.964290256858241 ], [ -122.000217208278784, 36.964292478124655 ], [ -122.000215925721562, 36.964300879683634 ], [ -122.000214625544899, 36.964356966678068 ], [ -122.000214551646906, 36.964360069501375 ], [ -122.000214509685918, 36.964361960272996 ], [ -122.000214986924718, 36.964367297699354 ], [ -122.000217396405091, 36.964394082310065 ], [ -122.000217405391624, 36.964394194842342 ], [ -122.000217438360906, 36.964394552187926 ], [ -122.000218259924935, 36.964403689529647 ], [ -122.000219612544271, 36.964418721888407 ], [ -122.000219987292752, 36.964422892249274 ], [ -122.000223140906243, 36.964438327698367 ], [ -122.000232311508839, 36.964483175609502 ], [ -122.000233321073665, 36.964486770508714 ], [ -122.000241352579508, 36.964515356352692 ], [ -122.000244554152204, 36.964526755685959 ], [ -122.000246529552939, 36.964533780228976 ], [ -122.000248618275762, 36.964538888299764 ], [ -122.000249262855675, 36.964540459781524 ], [ -122.00024930777046, 36.964540571851586 ], [ -122.000255979825909, 36.964556874934054 ], [ -122.00025901533462, 36.964564290469923 ], [ -122.00025917940809, 36.964564689385682 ], [ -122.000263569250166, 36.964575418271131 ], [ -122.000264424067851, 36.964577507030768 ], [ -122.000266693359322, 36.964583052555703 ], [ -122.000266706231656, 36.964583078524392 ], [ -122.000269155148544, 36.964587552935015 ], [ -122.000269219492324, 36.964587681877617 ], [ -122.000271827134767, 36.964592456142583 ], [ -122.000271937882928, 36.964592659286374 ], [ -122.000279982236705, 36.964607384764648 ], [ -122.000280200418842, 36.964607793798457 ], [ -122.000282271847084, 36.96461158636366 ], [ -122.000282688969151, 36.964612340694728 ], [ -122.000290280301385, 36.964626257330998 ], [ -122.000290663783559, 36.964626958023842 ], [ -122.000290835093324, 36.964627269431681 ], [ -122.000292634983495, 36.964630568037009 ], [ -122.00029264896061, 36.964630593090291 ], [ -122.000294363531893, 36.964633050186926 ], [ -122.000294442363582, 36.964633173535987 ], [ -122.000295473583719, 36.964634648122576 ], [ -122.000295706188524, 36.964634992085607 ], [ -122.000312140372998, 36.964658631369069 ], [ -122.000312205173643, 36.964658726961979 ], [ -122.000317229262492, 36.964665956501875 ], [ -122.000322344768577, 36.964673320944058 ], [ -122.000324117801895, 36.964675893540793 ], [ -122.000346299342795, 36.964702153414571 ], [ -122.000376983600376, 36.964738479148856 ], [ -122.00038786368367, 36.964751349547903 ], [ -122.000388147972274, 36.964751694648143 ], [ -122.000388200879328, 36.964751757050252 ], [ -122.000397696272898, 36.964762998802165 ], [ -122.000398145497442, 36.964763504894421 ], [ -122.000408396828874, 36.964777563030225 ], [ -122.000443355081572, 36.964825503179895 ], [ -122.000463977261191, 36.964853809857502 ], [ -122.000464774603174, 36.964854876512334 ], [ -122.000472525452793, 36.964867331168286 ], [ -122.000506269455997, 36.964921550147878 ], [ -122.000523710143312, 36.964949607120637 ], [ -122.000523763110436, 36.964949700612742 ], [ -122.000526771274522, 36.964955464625241 ], [ -122.000526880937116, 36.964955669585159 ], [ -122.000558574138836, 36.965016342178579 ], [ -122.000573878367675, 36.96504564097993 ], [ -122.000574712168387, 36.965047239313691 ], [ -122.000574803407929, 36.965047421530443 ], [ -122.000574877076801, 36.965047567475388 ], [ -122.000591535668065, 36.965081640438953 ], [ -122.000594124850963, 36.965086950237733 ], [ -122.000594145978937, 36.965086995926207 ], [ -122.000594652949601, 36.965088031170538 ], [ -122.000594663612603, 36.965088058969997 ], [ -122.000594973421641, 36.965089006633029 ], [ -122.000596659146836, 36.965094121686363 ], [ -122.000599233442884, 36.965101945978098 ], [ -122.000607524853734, 36.965127117477401 ], [ -122.00060845745206, 36.965129950512562 ], [ -122.000608608156995, 36.965130410880334 ], [ -122.000609043738621, 36.965132257207067 ], [ -122.000609329727979, 36.965133417855839 ], [ -122.000609566371025, 36.965134413321849 ], [ -122.000609922947845, 36.965135902895405 ], [ -122.000610039351159, 36.965136388937701 ], [ -122.000610282598345, 36.965137433883839 ], [ -122.000610498972605, 36.965138314259207 ], [ -122.000610510013686, 36.965138360978628 ], [ -122.000610517326436, 36.965138389722426 ], [ -122.000616239895763, 36.965160898837595 ], [ -122.000616282703504, 36.96516107401753 ], [ -122.000616338725933, 36.965161292284165 ], [ -122.000616391380092, 36.965161510594179 ], [ -122.000616398692841, 36.965161539337913 ], [ -122.000616441417009, 36.965161654139578 ], [ -122.000616441302512, 36.965161704607326 ], [ -122.000616499138403, 36.965161901222274 ], [ -122.0006165112123, 36.965161943422515 ], [ -122.000616846179312, 36.965162857418001 ], [ -122.000616871179759, 36.96516292828975 ], [ -122.000616985375117, 36.965163247641577 ], [ -122.000617307199491, 36.965164122154064 ], [ -122.000629305474888, 36.965196918627029 ], [ -122.000629999233354, 36.965198814801262 ], [ -122.000630425731202, 36.965199981752548 ], [ -122.000630448198109, 36.965200038238017 ], [ -122.000631284448829, 36.965202320988617 ], [ -122.000631295147855, 36.965202350589976 ], [ -122.000633710854402, 36.965207015570755 ], [ -122.000634486530316, 36.965208515071311 ], [ -122.000638318000682, 36.965215913146423 ], [ -122.000645676180014, 36.965230126547738 ], [ -122.000646027853008, 36.965230808724051 ], [ -122.000648590791727, 36.965235760188541 ], [ -122.000651414227036, 36.965241214765939 ], [ -122.000651431590683, 36.965241240676782 ], [ -122.000653865500865, 36.965244793362672 ], [ -122.000653947828127, 36.965244922974833 ], [ -122.000657212319041, 36.96524968787827 ], [ -122.000657327038112, 36.965249864836359 ], [ -122.000676168488354, 36.965277396847497 ], [ -122.000676670588319, 36.965278132060149 ], [ -122.000678267364421, 36.96528031310298 ], [ -122.000678755691581, 36.965280977299329 ], [ -122.000728029407881, 36.965348332086784 ], [ -122.00072814720744, 36.965348494586181 ], [ -122.00072825575478, 36.965348643686923 ], [ -122.000728543012968, 36.965349024795522 ], [ -122.000728694489268, 36.965349242734916 ], [ -122.000728725686344, 36.965349286491424 ], [ -122.000732587820536, 36.965354565487075 ], [ -122.000732605148272, 36.965354589596025 ], [ -122.000744037986081, 36.965372351683698 ], [ -122.000744557264682, 36.965373159670854 ], [ -122.000750294552859, 36.965382073338901 ], [ -122.000750335074272, 36.965382134097894 ], [ -122.000751175191724, 36.965383430002227 ], [ -122.00077522513152, 36.965420779148978 ], [ -122.000776001696821, 36.965421985752648 ], [ -122.000783273018342, 36.965433311971168 ], [ -122.000783289241383, 36.965433336995531 ], [ -122.000792984002928, 36.9654506131793 ], [ -122.000810403017837, 36.965481704225922 ], [ -122.000818962807401, 36.965496979067211 ], [ -122.000824532304804, 36.965506936659352 ], [ -122.000824655964465, 36.965507167573193 ], [ -122.00082857260054, 36.965514161266995 ], [ -122.000834342330108, 36.96552615791272 ], [ -122.000834491098686, 36.965526465104006 ], [ -122.000854585755789, 36.965568255705008 ], [ -122.000854648996622, 36.965568385562719 ], [ -122.000854677131727, 36.965568444678716 ], [ -122.000855342472448, 36.965569817629927 ], [ -122.000859401624297, 36.965578266251626 ], [ -122.000859713319485, 36.965578914696877 ], [ -122.000859730899464, 36.965578951419182 ], [ -122.000866677109485, 36.96559339540574 ], [ -122.000866752136332, 36.965593553048429 ], [ -122.000868330510528, 36.965596835571823 ], [ -122.00086834338326, 36.965596861540455 ], [ -122.00087077466732, 36.965602866376003 ], [ -122.000902458652988, 36.96568114227037 ], [ -122.00090259068584, 36.965681398760083 ], [ -122.000902614095793, 36.965681446221502 ], [ -122.00091773200252, 36.965711017735671 ], [ -122.00092270421959, 36.965720758616207 ], [ -122.000927000623122, 36.96572916453021 ], [ -122.000927755668087, 36.965730642666173 ], [ -122.000927768540834, 36.965730668634833 ], [ -122.000928807654731, 36.965733379538293 ], [ -122.000934241077061, 36.965747540194194 ], [ -122.000945616161829, 36.965777184209514 ], [ -122.00094638748277, 36.965779195636429 ], [ -122.000947386850982, 36.965781800261084 ], [ -122.000948839749228, 36.96578731708037 ], [ -122.00095368533276, 36.965805723567073 ], [ -122.000959734205495, 36.965828705194717 ], [ -122.000960220216697, 36.965830545464172 ], [ -122.00096116588125, 36.965834143433476 ], [ -122.000961173176137, 36.965834171276256 ], [ -122.000962304732226, 36.965841843806778 ], [ -122.000964776213948, 36.965858623573538 ], [ -122.0009680415166, 36.965880787607091 ], [ -122.000968203943074, 36.96588189036742 ], [ -122.000968998846673, 36.965887300754645 ], [ -122.000969304440844, 36.965896268102412 ], [ -122.000970798602481, 36.965940452819723 ], [ -122.00097080880532, 36.965940794687533 ], [ -122.000970717222444, 36.965943685510936 ], [ -122.000970692614544, 36.965944477066735 ], [ -122.000970660747072, 36.965945411102929 ], [ -122.000970624255672, 36.96594656328503 ], [ -122.000970514376121, 36.965949999559925 ], [ -122.000966359133187, 36.966234071367019 ], [ -122.000960905289645, 36.966606787231953 ], [ -122.000960904568601, 36.966606919715197 ], [ -122.000960927940341, 36.966607639459966 ], [ -122.000962637726843, 36.966660419595961 ], [ -122.000962681000189, 36.966661797849724 ], [ -122.000962806702148, 36.966665670419623 ], [ -122.000962871948644, 36.966667642270473 ], [ -122.000963777551235, 36.966672999865885 ], [ -122.00096510298394, 36.966680819498123 ], [ -122.000971616457747, 36.966719286491717 ], [ -122.000972184451228, 36.966722643299136 ], [ -122.000973064141505, 36.96672782820081 ], [ -122.000975605316128, 36.966736013385997 ], [ -122.00097595823442, 36.966737150643141 ], [ -122.000987305536469, 36.96677371159938 ], [ -122.000987385860157, 36.966773965600453 ], [ -122.000989777017892, 36.966781668780754 ], [ -122.000991359151001, 36.966786767139446 ], [ -122.000993892767113, 36.966792270499596 ], [ -122.000993947080971, 36.966792403175674 ], [ -122.00099419568437, 36.966792928970612 ], [ -122.000994313456388, 36.966793202315756 ], [ -122.00101532527971, 36.966838940893588 ], [ -122.001015354574221, 36.966839001797069 ], [ -122.001015368623982, 36.966839030454075 ], [ -122.001015434363907, 36.966839172896108 ], [ -122.001015586774386, 36.966839493558126 ], [ -122.001017538563616, 36.966843757168618 ], [ -122.001017995549617, 36.96684448214647 ], [ -122.001018078203444, 36.966844627975568 ], [ -122.001021526766451, 36.966850169123838 ], [ -122.001021569912666, 36.966850248773831 ], [ -122.001021672122206, 36.96685041778197 ], [ -122.001044190448098, 36.966886682648635 ], [ -122.001044304101811, 36.966886862323648 ], [ -122.001047904995545, 36.966892663754884 ], [ -122.001048010357479, 36.966892821908196 ], [ -122.001051293538779, 36.966898123667193 ], [ -122.001055902779441, 36.966903859850724 ], [ -122.001056607686749, 36.966904739344429 ], [ -122.001092226712217, 36.96694920216418 ], [ -122.001383720906986, 36.967303705367925 ], [ -122.001730794234419, 36.967749972568903 ], [ -122.001730862197348, 36.967750001432812 ], [ -122.001944795766278, 36.967838089311122 ], [ -122.002200641341616, 36.967828317204805 ], [ -122.002203836366363, 36.967828195843914 ], [ -122.002203946336721, 36.967828303470583 ], [ -122.002213693283053, 36.967837826892548 ], [ -122.002213727922566, 36.967837874209081 ], [ -122.002202301777288, 36.967840299583905 ], [ -122.002030528962635, 36.967876745353003 ], [ -122.001967369067813, 36.967890147449147 ], [ -122.00189691412821, 36.967905096168472 ], [ -122.001763301348419, 36.967933442297266 ], [ -122.001734813585941, 36.967939486598141 ], [ -122.001631451022661, 36.967961415918815 ], [ -122.001631454967637, 36.967961444705836 ], [ -122.001633557138518, 36.967975920386444 ], [ -122.001633860445793, 36.967978001820015 ], [ -122.001633898874843, 36.967978266723776 ], [ -122.001512588443376, 36.967955820700396 ], [ -122.001512592388352, 36.967955849487474 ], [ -122.001512820341887, 36.967957364145796 ], [ -122.001512824286863, 36.967957392932874 ], [ -122.001535175548256, 36.968104283763502 ], [ -122.001535179493231, 36.968104312550601 ], [ -122.00153534251514, 36.968105388267254 ], [ -122.001535502840937, 36.968106441489063 ], [ -122.00153561495982, 36.968106431934864 ], [ -122.001650747242337, 36.968096266601684 ], [ -122.001747468808389, 36.968088192870411 ], [ -122.001786342885836, 36.968084948170386 ], [ -122.001909783173303, 36.96807463954638 ], [ -122.001923234618232, 36.968078125115802 ], [ -122.002066822870077, 36.968115349320691 ], [ -122.002098649293686, 36.968123603374643 ], [ -122.002515322528481, 36.96813279892411 ], [ -122.002515300450881, 36.968132818133405 ], [ -122.002515209984935, 36.968132899504319 ], [ -122.00251510408809, 36.968132995492937 ], [ -122.002423065314886, 36.968215694238737 ], [ -122.002372019108265, 36.968298986803312 ], [ -122.001109292275444, 36.96837239382149 ], [ -122.001109070138327, 36.96837240569262 ], [ -122.000290584372394, 36.969165486201923 ], [ -122.000290490610908, 36.969165683866159 ], [ -121.999754130077875, 36.970303762571433 ], [ -121.999754036331538, 36.970303961136189 ], [ -121.999588326539495, 36.970655570059193 ], [ -121.999543642428279, 36.970750381368646 ], [ -121.999543548698824, 36.970750580834171 ], [ -121.999417779349685, 36.971017435115947 ], [ -121.999417685565618, 36.97101763187851 ], [ -121.999398718572195, 36.97105787746348 ], [ -121.999320985670536, 36.971255798024686 ], [ -121.999266829197666, 36.971393686810366 ], [ -121.999227372148169, 36.971494161422513 ], [ -121.999204153299203, 36.971522400191787 ], [ -121.999117907814565, 36.971627317055699 ], [ -121.99906552907828, 36.971691026304946 ], [ -121.999019525030903, 36.971750166602412 ], [ -121.998978624852157, 36.971802741045593 ], [ -121.99896961757193, 36.971812663492791 ], [ -121.998916558526304, 36.97187111309789 ], [ -121.998844018871452, 36.971925767624853 ], [ -121.998603557457642, 36.972106943263618 ], [ -121.998452890314837, 36.972220461900257 ], [ -121.997766240472458, 36.973519333305987 ], [ -121.997630947357578, 36.973469249030423 ], [ -121.997581712044465, 36.973451022185316 ], [ -121.997530584744368, 36.973432090555789 ], [ -121.997528812784168, 36.97343143561811 ], [ -121.99752883950913, 36.973431480334135 ], [ -121.997528890991617, 36.973431527435764 ], [ -121.997835636591532, 36.973789491027112 ], [ -121.997835628237468, 36.973789522675808 ], [ -121.997677195683082, 36.974089491204644 ], [ -121.997482245984713, 36.974458569714898 ], [ -121.997482269664744, 36.974458630691345 ], [ -121.997490166461475, 36.974474548736161 ], [ -121.997568363419504, 36.974632174603855 ], [ -121.997482527396258, 36.974779707318497 ], [ -121.997459165971264, 36.974819859398167 ], [ -121.997446826121319, 36.974841071279414 ], [ -121.99743211984962, 36.974866346337691 ], [ -121.997373801958759, 36.97496658211324 ], [ -121.997346280083946, 36.975013887106172 ], [ -121.997336075122831, 36.975031425378717 ], [ -121.997316384210208, 36.975065271586885 ], [ -121.997313852759362, 36.975069620754226 ], [ -121.997291553305416, 36.975107950490091 ], [ -121.997153048088819, 36.975346007081313 ], [ -121.997148274090236, 36.975354212357395 ], [ -121.997143073335295, 36.975363153069893 ], [ -121.99711996132136, 36.975402875617185 ], [ -121.997034779487564, 36.975549281221191 ], [ -121.997022809685632, 36.975569854773823 ], [ -121.996971603976803, 36.975657864616544 ], [ -121.996960643008933, 36.975676703052656 ], [ -121.99694503182053, 36.975703535190739 ], [ -121.996916993493741, 36.975751723557678 ], [ -121.996758391530349, 36.97602431590078 ], [ -121.996661243775421, 36.976191288384285 ], [ -121.996656164488257, 36.976200017539639 ], [ -121.99665594835237, 36.976200387995981 ], [ -121.996647742445674, 36.976214491376581 ], [ -121.996598823010586, 36.97629857048755 ], [ -121.996598295206084, 36.976299477542376 ], [ -121.996582196531065, 36.976293414580915 ], [ -121.996582048277375, 36.976293358807474 ], [ -121.996487878125265, 36.976257891654711 ], [ -121.996051431624139, 36.976093514066307 ], [ -121.996042551083832, 36.976090169235086 ], [ -121.996041339017822, 36.976089712562114 ], [ -121.996041257538451, 36.97608968206584 ], [ -121.996041228126842, 36.976089671628877 ], [ -121.995939148848123, 36.976361382788703 ], [ -121.995838872458492, 36.976628288152682 ], [ -121.995839023991309, 36.976628339379076 ], [ -121.995842175168193, 36.976629549807321 ], [ -121.995844869051851, 36.976630584061375 ], [ -121.995844848703271, 36.976630633887396 ], [ -121.995708465106219, 36.976990497856754 ], [ -121.995624073589525, 36.977213172010011 ], [ -121.995563360363874, 36.977373359936884 ], [ -121.995563267512921, 36.977373604446996 ], [ -121.995563254755382, 36.977373640657873 ], [ -121.995487768663153, 36.977372790873432 ], [ -121.995397037959066, 36.977371769713116 ], [ -121.995387019803815, 36.977371656639932 ], [ -121.995385651386641, 36.977371640840715 ], [ -121.995385561514709, 36.977371640190583 ], [ -121.995385525562369, 36.977371639750359 ], [ -121.995283749471781, 36.97751908316171 ], [ -121.995025511705535, 36.978027507623807 ], [ -121.995025667840196, 36.97802756419938 ], [ -121.995052069373543, 36.97803837522428 ], [ -121.995195406549726, 36.978097071209156 ], [ -121.995368606101351, 36.97815934937239 ], [ -121.995525094716186, 36.978215617981007 ], [ -121.99552507329787, 36.978215670524293 ], [ -121.995523852757671, 36.978218680806364 ], [ -121.995365378925086, 36.978609542625769 ], [ -121.995364081823865, 36.978611021876027 ], [ -121.99526162219513, 36.978727840997848 ], [ -121.995162780718715, 36.978834417657815 ], [ -121.995161529349602, 36.978835768351466 ], [ -121.995003205686046, 36.979006498387683 ], [ -121.994724817664633, 36.979306697973364 ], [ -121.994712233680545, 36.979309686249131 ], [ -121.994709385065008, 36.979310362594092 ], [ -121.994699100770049, 36.979312805020079 ], [ -121.994692604213625, 36.979314349090316 ], [ -121.994691716514225, 36.979314558726323 ], [ -121.994691648317442, 36.979314574920345 ], [ -121.994520940477102, 36.979249200671497 ], [ -121.994489982038559, 36.97923734395961 ], [ -121.99448205539214, 36.979234308505127 ], [ -121.994480971024359, 36.979233892534729 ], [ -121.994480886137396, 36.979233860278619 ], [ -121.994473012463601, 36.979244884405482 ], [ -121.994440665311117, 36.97929028502751 ], [ -121.994359272709062, 36.979404520969922 ], [ -121.994359445457647, 36.979404565618182 ], [ -121.99451031812454, 36.97944693832563 ], [ -121.994514363158942, 36.979448074255309 ], [ -121.994517840980279, 36.979449212045516 ], [ -121.994517959700332, 36.979449251077547 ], [ -121.99452333695406, 36.979451008875678 ], [ -121.994666532980432, 36.97949781804278 ], [ -121.994944453438606, 36.979688947934669 ], [ -121.994944500485644, 36.979688997797972 ], [ -121.995122107803894, 36.979875305622862 ], [ -121.9951221851898, 36.979875355998345 ], [ -121.995226869040991, 36.979945081395712 ], [ -121.995229836794451, 36.979947058397308 ], [ -121.995234278735978, 36.979950016814335 ], [ -121.995234412243022, 36.979950121442513 ], [ -121.99524225078909, 36.979955947139267 ], [ -121.995244382825874, 36.979957529321368 ], [ -121.995245289329048, 36.979958207105824 ], [ -121.995246093094508, 36.979958802397263 ], [ -121.995262754350179, 36.979971195462802 ], [ -121.995263347115014, 36.979971630344849 ], [ -121.995263374479492, 36.979971650721275 ], [ -121.995286175397439, 36.979988603466488 ], [ -121.995286241517732, 36.979988652183891 ], [ -121.995292851042436, 36.979993567216624 ], [ -121.995319922917176, 36.980013690537859 ], [ -121.995326246215214, 36.980018390250663 ], [ -121.995326424129246, 36.980018524949628 ], [ -121.995338474413657, 36.980027480526189 ], [ -121.99533880039796, 36.980027717864132 ], [ -121.995341214231857, 36.980029518122919 ], [ -121.995341347721208, 36.980029621850001 ], [ -121.995349210208587, 36.980036141144176 ], [ -121.995349379246434, 36.980036281364043 ], [ -121.995349663608451, 36.980036515630836 ], [ -121.995350909678692, 36.980037548633341 ], [ -121.995370557845476, 36.98005383705641 ], [ -121.995400819921528, 36.980078925533419 ], [ -121.995409343685452, 36.980085991474603 ], [ -121.995423189815995, 36.980097469861654 ], [ -121.995432702658618, 36.980105354912553 ], [ -121.995433510144679, 36.980106024052084 ], [ -121.995435316991674, 36.980107521182909 ], [ -121.995437326053818, 36.980109188748301 ], [ -121.995437994166167, 36.980109740718497 ], [ -121.995442604993642, 36.98011356390095 ], [ -121.995453477542071, 36.980123618689554 ], [ -121.99545760066998, 36.98012743190305 ], [ -121.995467585180435, 36.980136664481414 ], [ -121.995519100838905, 36.980184306503787 ], [ -121.995528232833948, 36.980192751559343 ], [ -121.995538141862369, 36.980201915708619 ], [ -121.995543482930614, 36.980207435464465 ], [ -121.99557280098719, 36.980237738534846 ], [ -121.995598545119691, 36.980264336699001 ], [ -121.995606807341687, 36.980272875810144 ], [ -121.995623409752355, 36.9802900332364 ], [ -121.995623867070265, 36.980290491481853 ], [ -121.995627545438694, 36.98029430678784 ], [ -121.995706531870155, 36.980388781545606 ], [ -121.995765797728879, 36.980459669239032 ], [ -121.995819498863099, 36.980523900031564 ], [ -121.995821249090639, 36.980525993565088 ], [ -121.995821277775889, 36.980526023837442 ], [ -121.995936539233995, 36.980645147424291 ], [ -121.995939374368675, 36.980648076857996 ], [ -121.995976421325082, 36.980713799053589 ], [ -121.995976487652015, 36.980713914455592 ], [ -121.995977525263783, 36.980715759388119 ], [ -121.995997692966171, 36.980751565188427 ], [ -121.996001613569177, 36.980758515297566 ], [ -121.996004451018095, 36.98076426630579 ], [ -121.996006727785442, 36.98076888180443 ], [ -121.996042182283304, 36.98084076056454 ], [ -121.996047257979583, 36.980851053666868 ], [ -121.996051412638366, 36.980859489527667 ], [ -121.996051582475658, 36.980859838810879 ], [ -121.996056355746532, 36.980869498655068 ], [ -121.996056368620231, 36.980869524624282 ], [ -121.99605720555347, 36.980871219830043 ], [ -121.996061039098848, 36.980880226653717 ], [ -121.996061271228356, 36.980880770694796 ], [ -121.996065042382824, 36.980889634129191 ], [ -121.996065075406861, 36.980889713009773 ], [ -121.996072485604472, 36.980907123454976 ], [ -121.996098929585273, 36.980969270538765 ], [ -121.996103071892719, 36.980979002458369 ], [ -121.99610601464201, 36.980985921850099 ], [ -121.996108050302297, 36.980991571393581 ], [ -121.99610827272862, 36.980992192159633 ], [ -121.996108295268627, 36.980992252249798 ], [ -121.996124253196967, 36.981036578647505 ], [ -121.996134542705747, 36.981065163782006 ], [ -121.99614362630733, 36.98109039215479 ], [ -121.996145384997362, 36.981095276540849 ], [ -121.996147936883773, 36.981102366762975 ], [ -121.996150816371781, 36.981112086041421 ], [ -121.996152595170884, 36.981118092142985 ], [ -121.996182738844993, 36.981219833919837 ], [ -121.996182867858835, 36.981220276548434 ], [ -121.996176848749272, 36.981225155263104 ], [ -121.996161927186066, 36.981237231473131 ], [ -121.996151432027332, 36.981245731782003 ], [ -121.99614350259202, 36.981252152591772 ], [ -121.996229051168683, 36.981445958723867 ], [ -121.996312051632273, 36.98164095911492 ], [ -121.996364051454364, 36.981769958845625 ], [ -121.996383051274961, 36.98181595934075 ], [ -121.996415051821657, 36.981882959147015 ], [ -121.9964430510433, 36.981930959256928 ], [ -121.996484050807965, 36.981992959176097 ], [ -121.996542051834652, 36.98207095955707 ], [ -121.996708381377459, 36.982276066118821 ], [ -121.996907676094509, 36.982161438372316 ], [ -121.997052995534929, 36.982089690156329 ], [ -121.997202326964199, 36.982023452365297 ], [ -121.997355344253236, 36.9819628742612 ], [ -121.997511715230715, 36.981908083556611 ], [ -121.997671099705883, 36.981859199957796 ], [ -121.997818539299956, 36.981820196003284 ], [ -121.997833150501663, 36.981816330646012 ], [ -121.997842226738371, 36.981814300881695 ], [ -121.997900062654978, 36.981799907041264 ], [ -121.997961062906228, 36.981785907806177 ], [ -121.998230062529103, 36.981734907333056 ], [ -121.998368063576493, 36.981717907362672 ], [ -121.998575063309247, 36.981696907185444 ], [ -121.998659063667276, 36.981688907753998 ], [ -121.998802063221277, 36.981671907029096 ], [ -121.999066063172009, 36.98164790705399 ], [ -121.999861063712487, 36.981579907658293 ], [ -122.000126063661611, 36.981556907150605 ], [ -122.000496063093806, 36.981527907046029 ], [ -122.00110306344591, 36.981475907331841 ], [ -122.001707063418024, 36.981430907430678 ], [ -122.001817063732076, 36.98142490684608 ], [ -122.00297206393428, 36.981471907039229 ], [ -122.003603063598689, 36.981497907012127 ], [ -122.004250064389666, 36.981515906478961 ], [ -122.004359063649517, 36.98151090680841 ], [ -122.004689063565735, 36.981497906936781 ], [ -122.004799063456147, 36.981493906877922 ], [ -122.00494506355939, 36.981485906885581 ], [ -122.005386063534274, 36.981464906792681 ], [ -122.005533064054703, 36.981458906398736 ], [ -122.005799064414262, 36.981440906873566 ], [ -122.00659806389676, 36.981390906533193 ], [ -122.006865064366707, 36.981374906703159 ], [ -122.00713606473667, 36.981374906489975 ], [ -122.007952065018415, 36.981375906871932 ], [ -122.008224065053071, 36.981376906843401 ], [ -122.008432064865502, 36.981379906307474 ], [ -122.00905906482501, 36.981388906912919 ], [ -122.009268064361294, 36.981392906688093 ], [ -122.009475064796703, 36.981393906679614 ], [ -122.010096064736572, 36.98139990631811 ], [ -122.010304064873523, 36.981401906631469 ], [ -122.010858065342049, 36.981400906878115 ], [ -122.010960065206788, 36.981403906810741 ], [ -122.011180065333804, 36.981408906068133 ], [ -122.011470064848865, 36.981416906303011 ], [ -122.011840065194491, 36.981419906402209 ], [ -122.012061065446375, 36.981421906308086 ], [ -122.012224065207462, 36.981423906182897 ], [ -122.012713065494012, 36.981432906279686 ], [ -122.012877064984224, 36.981435906111592 ], [ -122.013112065115578, 36.98143690596833 ], [ -122.013455065010319, 36.98143890663389 ], [ -122.013818064950812, 36.981426906335599 ], [ -122.013938065115411, 36.981423906061352 ], [ -122.014053065785205, 36.981414906476154 ], [ -122.014411065897278, 36.981375906601066 ], [ -122.014459065875329, 36.981370906320045 ], [ -122.014784065954885, 36.981315906032101 ], [ -122.015124065416828, 36.981249906572714 ], [ -122.015474065487169, 36.981168905700777 ], [ -122.015757065394837, 36.981102905970531 ], [ -122.01582706509295, 36.981090906293161 ], [ -122.01602006520028, 36.981054906258763 ], [ -122.016110065175084, 36.981038905631763 ], [ -122.016634066240329, 36.980950906398405 ], [ -122.016963065342651, 36.98089490625847 ], [ -122.017248065631023, 36.980847906327121 ], [ -122.017516065661937, 36.980799905765522 ], [ -122.017868066272641, 36.980738905911274 ], [ -122.018163066060055, 36.980674906086399 ], [ -122.01831606592097, 36.980634906105564 ], [ -122.01843706648188, 36.980596905884482 ], [ -122.018574065837683, 36.980546906112309 ], [ -122.018656065621371, 36.980515905571131 ], [ -122.018681984006662, 36.980506613914578 ], [ -122.018673240380451, 36.980493455977168 ], [ -122.018609112259497, 36.980518797801963 ], [ -122.018508364371158, 36.980558609073007 ], [ -122.018469725900758, 36.980443280723208 ], [ -122.018455321806329, 36.980400286063826 ], [ -122.018475453789264, 36.980194934541345 ], [ -122.018475764362037, 36.98017841174044 ], [ -122.018475745747338, 36.980178157848016 ], [ -122.018472693056921, 36.98016207174954 ], [ -122.018472603997026, 36.980161778220847 ], [ -122.018466320676481, 36.980146355098142 ], [ -122.018456744127292, 36.980131721030681 ], [ -122.018456578043796, 36.980131506907959 ], [ -122.018444311456705, 36.980118549822244 ], [ -122.018444055297422, 36.980118325156681 ], [ -122.018429347631994, 36.980107191407981 ], [ -122.018389193035915, 36.980082834171192 ], [ -122.018388912651744, 36.980082689125368 ], [ -122.018344572210239, 36.980064137739504 ], [ -122.018344217114588, 36.980064019800508 ], [ -122.018296709882321, 36.980051619668018 ], [ -122.018149817226401, 36.980019122567093 ], [ -122.017948588865934, 36.979977322041314 ], [ -122.017631850400235, 36.979888005017358 ], [ -122.017445237952373, 36.979774583588096 ], [ -122.017335647348276, 36.979631231828982 ], [ -122.017273741077915, 36.979493820326653 ], [ -122.017262242675358, 36.979402305689732 ], [ -122.01726128799676, 36.979399031480348 ], [ -122.017253456607904, 36.979369965542411 ], [ -122.017252268787061, 36.97936499292517 ], [ -122.017251002701428, 36.979358815538042 ], [ -122.017250374620318, 36.979355972353346 ], [ -122.017250096368826, 36.979354709805492 ], [ -122.01724957526136, 36.979352046367815 ], [ -122.017248358033967, 36.979346118875064 ], [ -122.017247364494892, 36.979341032884548 ], [ -122.017246987344464, 36.979339211986201 ], [ -122.01724649221174, 36.979336388700581 ], [ -122.017245449486452, 36.979331370037677 ], [ -122.017241130730056, 36.979301311258872 ], [ -122.017239956167771, 36.979290491569373 ], [ -122.017238954678817, 36.979279231651795 ], [ -122.017237166962772, 36.979236237658156 ], [ -122.017237155984617, 36.979235360946241 ], [ -122.017237260640073, 36.97922336478922 ], [ -122.017237277134328, 36.9792227914199 ], [ -122.017237327885852, 36.979221078504892 ], [ -122.017237616210238, 36.979215335997118 ], [ -122.017237837412594, 36.979209106820448 ], [ -122.017238233688389, 36.97919925710157 ], [ -122.017238500194651, 36.979190156154566 ], [ -122.017238599552485, 36.979187513483744 ], [ -122.017239817971969, 36.979179549167256 ], [ -122.01724380161059, 36.979147449344275 ], [ -122.017243861724069, 36.979147088988768 ], [ -122.017246518256002, 36.979131248517696 ], [ -122.017249610803091, 36.979115528540916 ], [ -122.017261628383736, 36.979079166133872 ], [ -122.017281177374144, 36.979020012068545 ], [ -122.017211859865327, 36.979000630757355 ], [ -122.017274554955108, 36.978817495216042 ], [ -122.017346677382918, 36.978839613851001 ], [ -122.017396151634998, 36.978692844594647 ], [ -122.017489919974793, 36.978414687278175 ], [ -122.017590221518489, 36.978132248050095 ], [ -122.017594216312517, 36.978116769557751 ], [ -122.017665786721693, 36.977839447035031 ], [ -122.017791234576777, 36.977317399118093 ], [ -122.017804927391026, 36.977260419130502 ], [ -122.017841429143672, 36.977065952858531 ], [ -122.017934688342123, 36.97690218491627 ], [ -122.01802178268332, 36.976760185994415 ], [ -122.018089505752911, 36.976688638883374 ], [ -122.01810829808106, 36.976668785361113 ], [ -122.018268662853259, 36.9765578084425 ], [ -122.018340420804265, 36.976508843765373 ], [ -122.018335518722964, 36.976485778622475 ], [ -122.018510329152065, 36.976397876544191 ], [ -122.018577638212889, 36.976376259378448 ], [ -122.018709751058708, 36.976305187447565 ], [ -122.019026708499496, 36.976213922273601 ], [ -122.019057284372508, 36.976281651974197 ], [ -122.019206759934619, 36.976291067237256 ], [ -122.019385553535628, 36.976275789967104 ], [ -122.019382355315273, 36.976268332854183 ], [ -122.01944829675368, 36.976260020998652 ], [ -122.019546046033085, 36.976223091157259 ], [ -122.019695360079453, 36.976166678893911 ], [ -122.019695623157205, 36.976166579940262 ], [ -122.019760144062474, 36.976266328820692 ], [ -122.019763065965975, 36.976264905623097 ] ] ] } },
{ "type": "Feature", "properties": { "OBJECTID_1": 3, "OBJECTID": 3, "District": 3, "Shape.STArea()": "35,459,185.29", "Shape.STLength()": "37,090.35", "Label": "District 3", "SHAPE_STAr": "35,459,185.29", "SHAPE_STLe": "37,090.35", "URL": "https:\/\/vwgisportal.cityofsantacruz.com\/img\/kalantariJohnson.png", "Email": "mailto:skalantari-johnson@santacruzca.gov", "TermEnd": "December 2028", "TermBegin": "March 2024", "NameCouncil": "Shebreh Kalantari-Johnson" }, "geometry": { "type": "Polygon", "coordinates": [ [ [ -122.033721783164765, 36.951900401124 ], [ -122.033709645074708, 36.951911566094431 ], [ -122.033706597427539, 36.951911996397804 ], [ -122.033676852073057, 36.951916196086664 ], [ -122.033671980518577, 36.95191688288692 ], [ -122.033670286516013, 36.951917122355752 ], [ -122.033663556306536, 36.95191878345581 ], [ -122.033661023527245, 36.95191940795042 ], [ -122.033655546852756, 36.95192075967536 ], [ -122.033642645027143, 36.95192394295249 ], [ -122.033642608166573, 36.951923952449206 ], [ -122.033635872342984, 36.951925613621512 ], [ -122.033632090499552, 36.951926546529833 ], [ -122.033625442728095, 36.951928945517174 ], [ -122.033615543493909, 36.951932516459863 ], [ -122.033614107807395, 36.951933033700676 ], [ -122.033595653616544, 36.951939691086572 ], [ -122.03359161928195, 36.951941511379694 ], [ -122.033580044803017, 36.951946735503611 ], [ -122.033573347040374, 36.951950095811547 ], [ -122.033569749234388, 36.951951903152718 ], [ -122.033569718078539, 36.951951917080351 ], [ -122.033529671443716, 36.951958311436627 ], [ -122.033529163751666, 36.951955554171612 ], [ -122.032887104700819, 36.951907154732098 ], [ -122.03274128348626, 36.951865092011488 ], [ -122.032601741579782, 36.951854507959553 ], [ -122.032456100790995, 36.951834041273955 ], [ -122.032426172810133, 36.95182274352063 ], [ -122.032212319992212, 36.951797792042541 ], [ -122.032205614350573, 36.951796310294796 ], [ -122.032195899380909, 36.951794165166646 ], [ -122.032194032628738, 36.951793752622052 ], [ -122.032183876058497, 36.95179060126253 ], [ -122.032181175328503, 36.951789763502347 ], [ -122.032179133389008, 36.951789129765217 ], [ -122.032176343370253, 36.951788263439092 ], [ -122.032174705921577, 36.951787587437764 ], [ -122.032164017254331, 36.951783176900548 ], [ -122.03216395604791, 36.951783148866845 ], [ -122.03216121680903, 36.951782019627544 ], [ -122.032154868652029, 36.951778631673832 ], [ -122.032153865096987, 36.951778095137044 ], [ -122.032147964210296, 36.951774945527276 ], [ -122.032147052611947, 36.951774458248551 ], [ -122.03214049789635, 36.951769971757379 ], [ -122.032139052587013, 36.951768696644663 ], [ -122.032138979419798, 36.951768632720601 ], [ -122.032137635856301, 36.95176744638961 ], [ -122.032136893750561, 36.951766791065054 ], [ -122.032134699508376, 36.951764856211483 ], [ -122.03212975569744, 36.951759194130368 ], [ -122.032129212320385, 36.951758592969192 ], [ -122.032121144806084, 36.951749633035682 ], [ -122.032120548523224, 36.951748970387747 ], [ -122.032120188888328, 36.951748679524073 ], [ -122.03211801736974, 36.951746922806691 ], [ -122.032109479710343, 36.951740015646998 ], [ -122.032095068149573, 36.951730675864844 ], [ -122.032078919895199, 36.951721574285251 ], [ -122.032076663798662, 36.951720570268805 ], [ -122.032076235482933, 36.951720380339275 ], [ -122.032075404872529, 36.951720010051368 ], [ -122.032074075037116, 36.951719606671062 ], [ -122.032072153120978, 36.951719021821447 ], [ -122.032071646942853, 36.951718868061342 ], [ -122.032069687184773, 36.951718519819991 ], [ -122.032068979423855, 36.951718392139568 ], [ -122.032067778088859, 36.951718178122441 ], [ -122.03206772400388, 36.951718168920067 ], [ -122.032067671133319, 36.951718164207648 ], [ -122.032054232315247, 36.951716822293321 ], [ -122.03201064579234, 36.951713552347741 ], [ -122.031962099927085, 36.951710628718153 ], [ -122.031962067317721, 36.951710626443052 ], [ -122.031962004307402, 36.951710620061469 ], [ -122.03196076768036, 36.951710932800346 ], [ -122.031960716244839, 36.951710943389237 ], [ -122.031959194559718, 36.951711318450734 ], [ -122.031929255461705, 36.951720773260249 ], [ -122.031899312988486, 36.951730228106371 ], [ -122.031894726482761, 36.951731677997621 ], [ -122.0318946952532, 36.951731688320969 ], [ -122.031890107606344, 36.951733137325832 ], [ -122.031885823421064, 36.95173449042241 ], [ -122.031881531432944, 36.951735846324858 ], [ -122.031872919812358, 36.951738028594328 ], [ -122.031871520104133, 36.951738218209861 ], [ -122.031864043553171, 36.951739237453033 ], [ -122.031861493279493, 36.951739334943639 ], [ -122.031853491723595, 36.951739607691145 ], [ -122.031852767727642, 36.95173961990676 ], [ -122.031851093073726, 36.951739541876918 ], [ -122.031850205185677, 36.951739501273337 ], [ -122.031849600495079, 36.951739472269225 ], [ -122.031849403845001, 36.951739464939756 ], [ -122.031849061041584, 36.951739448716246 ], [ -122.031842963142694, 36.951739135913876 ], [ -122.031842024776154, 36.951739097775786 ], [ -122.031841776157549, 36.951739074907735 ], [ -122.031841699658131, 36.951739067802137 ], [ -122.031841494709042, 36.951739038953193 ], [ -122.03183982226841, 36.951738794174481 ], [ -122.03183958213414, 36.951738746862929 ], [ -122.031839441354762, 36.951738726182825 ], [ -122.031839247668017, 36.951738698988308 ], [ -122.031839127094713, 36.951738678042737 ], [ -122.03183869115729, 36.951738609872763 ], [ -122.031837753916648, 36.951738461774994 ], [ -122.03183769870904, 36.951738452587222 ], [ -122.031837354196654, 36.951738352575767 ], [ -122.031836932890855, 36.951738231043485 ], [ -122.031836723912534, 36.951738169804756 ], [ -122.031835447591817, 36.951737802667395 ], [ -122.031835376392735, 36.951737780171946 ], [ -122.031834894009307, 36.951737636912441 ], [ -122.031834821706084, 36.951737615332654 ], [ -122.031833904343969, 36.951737340807455 ], [ -122.031833842180504, 36.951737320896861 ], [ -122.031833574702191, 36.951737199145953 ], [ -122.031833199588291, 36.951737030145097 ], [ -122.031832780290316, 36.951736841898544 ], [ -122.031831602888417, 36.951736314852596 ], [ -122.031831452099468, 36.951736243837459 ], [ -122.03183131601412, 36.951736178036327 ], [ -122.031830334505599, 36.951735731325897 ], [ -122.031830288002865, 36.951735708505943 ], [ -122.031830088890445, 36.951735580449764 ], [ -122.031829530381529, 36.951735228213721 ], [ -122.031829349505685, 36.951735113435696 ], [ -122.03182914925226, 36.951734984493278 ], [ -122.031828153634777, 36.951734341509329 ], [ -122.031828077247241, 36.951734284836917 ], [ -122.031828007705286, 36.95173423348168 ], [ -122.031827971250479, 36.951734207826213 ], [ -122.031827138492787, 36.95173367715342 ], [ -122.031827100915379, 36.951733651512669 ], [ -122.031827047328164, 36.951733611663265 ], [ -122.031826962715186, 36.951733537075157 ], [ -122.031826907876805, 36.951733490933904 ], [ -122.031826283308831, 36.951732927786722 ], [ -122.031826130019169, 36.951732789215406 ], [ -122.031825966424364, 36.951732640866418 ], [ -122.031825216224831, 36.951731973930848 ], [ -122.031825149719808, 36.951731906314357 ], [ -122.031825018126312, 36.951731785481734 ], [ -122.031824962055126, 36.951731733949543 ], [ -122.031824402759369, 36.951731233027914 ], [ -122.031824347847476, 36.951731183282845 ], [ -122.031824274055822, 36.951731088726433 ], [ -122.031823789919756, 36.951730474168926 ], [ -122.031823598705188, 36.951730237866499 ], [ -122.03182342449449, 36.951730009451282 ], [ -122.031823321038502, 36.951729891853788 ], [ -122.031823233335075, 36.951729775851689 ], [ -122.031822795277463, 36.951729218364747 ], [ -122.031822705384101, 36.951729105094977 ], [ -122.031822570479676, 36.951728932037 ], [ -122.031822540502972, 36.951728893679771 ], [ -122.031822201594878, 36.951728462858824 ], [ -122.031822180800731, 36.951728434294083 ], [ -122.031822150585143, 36.951728384224545 ], [ -122.031821452520816, 36.951727080365728 ], [ -122.031821294782603, 36.951726778737942 ], [ -122.031820775158693, 36.951725800567012 ], [ -122.031820584849513, 36.951725443493508 ], [ -122.031819166014145, 36.951722768485133 ], [ -122.03181904106745, 36.951722533114392 ], [ -122.03181852370713, 36.951721555814864 ], [ -122.031818114393516, 36.95172103129422 ], [ -122.031817490660785, 36.951720233827288 ], [ -122.031817052603301, 36.951719676340403 ], [ -122.031816499202705, 36.951718968969345 ], [ -122.031815726672292, 36.951717977899655 ], [ -122.031815052713512, 36.95171736042888 ], [ -122.031815030962278, 36.951717339987354 ], [ -122.031814631599829, 36.951716973043752 ], [ -122.031813874132339, 36.951716280069142 ], [ -122.031813094876767, 36.951715564851135 ], [ -122.03181307202135, 36.95171554532525 ], [ -122.031812259586872, 36.951714799902788 ], [ -122.031811258983439, 36.951714132652121 ], [ -122.031809575380862, 36.951713010263205 ], [ -122.03180952070781, 36.951712972230418 ], [ -122.031808995967893, 36.951712624056569 ], [ -122.031808210505105, 36.951712099971786 ], [ -122.031806836291594, 36.951711447542614 ], [ -122.031806762571776, 36.951711411562414 ], [ -122.031806338508176, 36.951711209860648 ], [ -122.031804600314786, 36.951710383778234 ], [ -122.031804380369863, 36.951710280327774 ], [ -122.031803681908954, 36.951709947954001 ], [ -122.031801846505715, 36.951709365568085 ], [ -122.031801727810077, 36.951709326574097 ], [ -122.031799899197367, 36.951708746802488 ], [ -122.031798841333739, 36.951708410138586 ], [ -122.031798808558989, 36.951708399754978 ], [ -122.031798778084507, 36.951708392044608 ], [ -122.031796339312407, 36.951707900494796 ], [ -122.031793280431529, 36.951707284617243 ], [ -122.031788268714976, 36.951706274442031 ], [ -122.031772942945281, 36.951704079529065 ], [ -122.031772897895905, 36.951704072911362 ], [ -122.031771844477561, 36.951704009248616 ], [ -122.03176664243928, 36.951703687376437 ], [ -122.031763561922759, 36.951703497142724 ], [ -122.031762982055739, 36.95170352909274 ], [ -122.031762320333755, 36.951703566624076 ], [ -122.031761820131734, 36.951703595725157 ], [ -122.031760448436103, 36.951703672322928 ], [ -122.031759723905921, 36.951703713382969 ], [ -122.031756972711904, 36.951703869384538 ], [ -122.031754221499483, 36.951704024485025 ], [ -122.031752660766131, 36.951704301827412 ], [ -122.031752151710577, 36.951704392325496 ], [ -122.03174885571265, 36.951704978140953 ], [ -122.031747526577291, 36.951705214590802 ], [ -122.03174507973533, 36.951705648665353 ], [ -122.03174256788499, 36.951706418835521 ], [ -122.031742081370766, 36.951706568515839 ], [ -122.031736371393507, 36.951708318836552 ], [ -122.031736333447014, 36.951708330149323 ], [ -122.03173327567842, 36.951709255285877 ], [ -122.031732574845478, 36.951709467260009 ], [ -122.031730933262537, 36.95170996465275 ], [ -122.031729291594459, 36.951710237650893 ], [ -122.031729026356402, 36.951710280787644 ], [ -122.031726840833358, 36.951710644740899 ], [ -122.031726657229711, 36.951710671484989 ], [ -122.031726581116132, 36.951710683299176 ], [ -122.031725283063224, 36.95171090221784 ], [ -122.031722917920732, 36.95171099276741 ], [ -122.031722777711039, 36.951711000016495 ], [ -122.031720565144767, 36.951711084055674 ], [ -122.031720515715406, 36.951711082902634 ], [ -122.031719520574839, 36.95171112391273 ], [ -122.03171622918579, 36.951710834613856 ], [ -122.031715799504454, 36.951710797902813 ], [ -122.031714574593465, 36.951710694136622 ], [ -122.031714484549866, 36.95171068360407 ], [ -122.03171414255678, 36.951710652049371 ], [ -122.031713784847938, 36.951710620701107 ], [ -122.031708425217388, 36.951709453780509 ], [ -122.03170827750067, 36.951709423278338 ], [ -122.031708215447537, 36.951709408773354 ], [ -122.031705396347689, 36.951708382406792 ], [ -122.031702827092815, 36.951706998591312 ], [ -122.031702750705364, 36.951706941918822 ], [ -122.03170221352768, 36.951706534429547 ], [ -122.031700576949206, 36.951705295168111 ], [ -122.031700474836484, 36.951705188367086 ], [ -122.031700380710276, 36.95170508776944 ], [ -122.031700347457885, 36.951705053961128 ], [ -122.031700326774029, 36.951705030802025 ], [ -122.031698702981856, 36.95170331734807 ], [ -122.031698563883268, 36.951703103791608 ], [ -122.031698463243956, 36.95170295912132 ], [ -122.031698380896344, 36.951702830432147 ], [ -122.031697977512238, 36.951702211208541 ], [ -122.031697262439636, 36.951701119351483 ], [ -122.031697138452245, 36.951700820884909 ], [ -122.031697078169969, 36.951700672980948 ], [ -122.031696936407087, 36.951700328787346 ], [ -122.031696716715075, 36.95169979726932 ], [ -122.031696290285538, 36.951698763802291 ], [ -122.031696221305239, 36.95169840964067 ], [ -122.031696184947549, 36.951698223572514 ], [ -122.03169608321609, 36.951697695010822 ], [ -122.031696009139267, 36.951697311176972 ], [ -122.031695813514233, 36.951696308021823 ], [ -122.031695821461142, 36.951695816770354 ], [ -122.03169582183375, 36.951695669871917 ], [ -122.031695829747378, 36.951695066873597 ], [ -122.031695833603152, 36.951694760419251 ], [ -122.031695845962204, 36.951693824824453 ], [ -122.031695977614518, 36.951693232817263 ], [ -122.031695999977302, 36.951693118072725 ], [ -122.031696256177469, 36.951691971100296 ], [ -122.031696385602999, 36.95169138002354 ], [ -122.031696991007436, 36.951688581093279 ], [ -122.031697047511514, 36.951688323512577 ], [ -122.031697172704071, 36.951687745108032 ], [ -122.03169717249105, 36.951686908809002 ], [ -122.031697172938294, 36.951685554318601 ], [ -122.031697171698028, 36.951684612594093 ], [ -122.031697170464057, 36.951684056577747 ], [ -122.031697004625045, 36.9516833026602 ], [ -122.031696992960192, 36.951683226212502 ], [ -122.031696649617331, 36.951681641929731 ], [ -122.031696496032879, 36.951680938317665 ], [ -122.031696384437282, 36.95168042160099 ], [ -122.031696033818747, 36.951679636766933 ], [ -122.03169580199912, 36.951679116222479 ], [ -122.031695171386346, 36.951677706037934 ], [ -122.031695039614547, 36.951677411278361 ], [ -122.031694833685592, 36.951676948970999 ], [ -122.031694318030858, 36.951676220376243 ], [ -122.031693611586491, 36.951675221228101 ], [ -122.031693107469707, 36.951674507801933 ], [ -122.031692856598198, 36.951674154227391 ], [ -122.031692564101846, 36.951673741721365 ], [ -122.031691873234351, 36.951673065894823 ], [ -122.03169065997001, 36.95167188145183 ], [ -122.031690018401576, 36.951671255444118 ], [ -122.0316896449323, 36.951670891764714 ], [ -122.031688783911974, 36.951670296576729 ], [ -122.031688756511159, 36.951670274407022 ], [ -122.03168616104692, 36.951668486302388 ], [ -122.031685826364253, 36.951668317671114 ], [ -122.031685589232168, 36.95166819732362 ], [ -122.031677393898477, 36.951663978383607 ], [ -122.031675757621528, 36.951663139245014 ], [ -122.031673162980383, 36.951662107225509 ], [ -122.031665706269933, 36.951659143848588 ], [ -122.031664868557684, 36.95165881059976 ], [ -122.0316646851781, 36.951658738210199 ], [ -122.031663994519278, 36.951658458002001 ], [ -122.031662518006399, 36.951657854677933 ], [ -122.031656620052004, 36.951655452990686 ], [ -122.031656498909342, 36.951655404115577 ], [ -122.031655342873464, 36.95165493356194 ], [ -122.031648413738097, 36.951651135963488 ], [ -122.031646689960809, 36.9516501907327 ], [ -122.031645927963325, 36.951649660931437 ], [ -122.031636757881017, 36.951643289240224 ], [ -122.031635762341679, 36.951642594885996 ], [ -122.031635689340405, 36.951642539070164 ], [ -122.031635578872113, 36.951642463019191 ], [ -122.031635551471311, 36.951642440849504 ], [ -122.031631182982025, 36.951638724063088 ], [ -122.031630560237076, 36.951638195136084 ], [ -122.031629134222754, 36.951636984649191 ], [ -122.031628135633525, 36.951636140737868 ], [ -122.031627770002501, 36.951635831026543 ], [ -122.03162746629414, 36.951635584486098 ], [ -122.031626807868022, 36.951635012770723 ], [ -122.03162671650162, 36.951634937370024 ], [ -122.031626643316599, 36.951634872544737 ], [ -122.031626610229623, 36.951634846844932 ], [ -122.031625599937172, 36.951633979656478 ], [ -122.031625483415127, 36.951633882056548 ], [ -122.031625431981283, 36.951633837672837 ], [ -122.031625011659074, 36.951633489027685 ], [ -122.03162029838542, 36.95162960374217 ], [ -122.031619950070521, 36.951629317234207 ], [ -122.031617234362884, 36.951627083718755 ], [ -122.031608722261723, 36.951621536980298 ], [ -122.03160811795216, 36.951621141186678 ], [ -122.031607100895656, 36.951620603020295 ], [ -122.031603326443928, 36.951618595191334 ], [ -122.031602466577056, 36.951618221679688 ], [ -122.03160219919134, 36.951618104432988 ], [ -122.031602119858931, 36.951618068526471 ], [ -122.031602054162676, 36.951618040551445 ], [ -122.031601180788286, 36.95161766541483 ], [ -122.031593932110908, 36.951614606478358 ], [ -122.031592015758861, 36.951614018844239 ], [ -122.031585370763636, 36.951611985639154 ], [ -122.031585325585723, 36.951611972714815 ], [ -122.031584582183996, 36.951611749072583 ], [ -122.031583854663396, 36.951611533332439 ], [ -122.031583457593854, 36.951611443923653 ], [ -122.031582774034987, 36.951611291590318 ], [ -122.031582126563308, 36.951611146893612 ], [ -122.031582084826596, 36.951611137528786 ], [ -122.031576495580538, 36.951609888005656 ], [ -122.031572765375444, 36.951609389083302 ], [ -122.031571566250221, 36.951609228202116 ], [ -122.031569768141978, 36.95160898777393 ], [ -122.031565341662755, 36.951608869286602 ], [ -122.031563492444249, 36.951608820581356 ], [ -122.031562962174362, 36.951608806819586 ], [ -122.031556184393935, 36.951609347345624 ], [ -122.031555777160861, 36.95160942028393 ], [ -122.031555734632263, 36.951609427150892 ], [ -122.031551523360932, 36.95161017097594 ], [ -122.031550967323639, 36.95161027020098 ], [ -122.031536621764431, 36.951612807132705 ], [ -122.031527077364643, 36.951615335068595 ], [ -122.031526995803702, 36.951615355064838 ], [ -122.031517612243249, 36.95161784123497 ], [ -122.031512911314934, 36.951619681927077 ], [ -122.031511564559281, 36.951620210590356 ], [ -122.03151149240135, 36.951620251190413 ], [ -122.031510000824454, 36.951621111590519 ], [ -122.031509624557998, 36.951621326509496 ], [ -122.031506879832961, 36.951622900889014 ], [ -122.031506108565509, 36.951623348095687 ], [ -122.0315059438948, 36.951623477326095 ], [ -122.031504665653358, 36.951624502544703 ], [ -122.031504421664991, 36.951624706714313 ], [ -122.031504360898083, 36.951624755275446 ], [ -122.031503869314733, 36.951625151946622 ], [ -122.031502745806307, 36.95162605617606 ], [ -122.031501745966679, 36.951626857848062 ], [ -122.031501363752909, 36.951627166568649 ], [ -122.031501145434547, 36.951627418164016 ], [ -122.031501121234271, 36.951627442813951 ], [ -122.031501066337285, 36.951627503914565 ], [ -122.031500951077575, 36.951627633397159 ], [ -122.031498408147314, 36.951630513649746 ], [ -122.03149838510636, 36.951630540086796 ], [ -122.031498314860954, 36.951630619412803 ], [ -122.031498274281688, 36.951630666807581 ], [ -122.031498239149812, 36.951630706020097 ], [ -122.031497484172874, 36.951631566657674 ], [ -122.031497462236118, 36.951631592179048 ], [ -122.03149744031775, 36.951631618601411 ], [ -122.031497132484887, 36.951631995736392 ], [ -122.031496609295218, 36.95163265957413 ], [ -122.03149652878146, 36.951632730924281 ], [ -122.03149648139329, 36.951632774803727 ], [ -122.031496039239244, 36.951633172627979 ], [ -122.031495535434445, 36.951633630740396 ], [ -122.031495325898135, 36.951633762362491 ], [ -122.031495229668593, 36.951633833919054 ], [ -122.031495186421537, 36.951633860621584 ], [ -122.031495129905991, 36.951633897411398 ], [ -122.031494903843608, 36.951634044570753 ], [ -122.031494284509037, 36.951634453734144 ], [ -122.031493918567818, 36.951634624359357 ], [ -122.031493765050996, 36.951634694866009 ], [ -122.031493690574464, 36.951634731891794 ], [ -122.031493541492836, 36.951634799636665 ], [ -122.031492886442223, 36.951635109237408 ], [ -122.031492273813711, 36.951635296620644 ], [ -122.031492107636424, 36.951635351973493 ], [ -122.031491988202475, 36.951635386886231 ], [ -122.031491377892578, 36.951635577843739 ], [ -122.031490557666174, 36.951635716586139 ], [ -122.031490451390553, 36.951635736005798 ], [ -122.031490398832432, 36.951635746609249 ], [ -122.031490347323313, 36.95163575359414 ], [ -122.031490248813753, 36.951635768405872 ], [ -122.031489813792035, 36.951635855226797 ], [ -122.031489711620864, 36.951635855667668 ], [ -122.031488204078272, 36.951635933145411 ], [ -122.031486599156167, 36.951635805530373 ], [ -122.031485037303, 36.951635477285997 ], [ -122.031483418796668, 36.951634903761608 ], [ -122.031481940985088, 36.951634126523203 ], [ -122.031480653371062, 36.951633150327694 ], [ -122.031480639147063, 36.951633113565876 ], [ -122.031480575973404, 36.951633044103083 ], [ -122.031480526619447, 36.951632991581285 ], [ -122.03148049215271, 36.951632953282925 ], [ -122.03147960370832, 36.951632004287049 ], [ -122.031479581865284, 36.951631979340711 ], [ -122.031479509896741, 36.951631864032855 ], [ -122.031479480932546, 36.951631820255159 ], [ -122.031479449576281, 36.951631769299375 ], [ -122.031479425230955, 36.951631731769247 ], [ -122.031479389274253, 36.951631675466736 ], [ -122.031478792031734, 36.951630745175592 ], [ -122.031478779132442, 36.951630718309382 ], [ -122.031478725696175, 36.951630575722497 ], [ -122.031478596650061, 36.951630249385346 ], [ -122.031478581193326, 36.95163020723259 ], [ -122.031478566932634, 36.951630168668842 ], [ -122.031478555155871, 36.951630141787888 ], [ -122.031478543195433, 36.951630105897493 ], [ -122.031478495739421, 36.951629981255842 ], [ -122.031478259949466, 36.9516293760515 ], [ -122.031478241826861, 36.951629258234028 ], [ -122.031478221292033, 36.951629187309919 ], [ -122.031478223392071, 36.951629125100453 ], [ -122.031478140578542, 36.951628643151821 ], [ -122.031478134120619, 36.951628601782026 ], [ -122.031478028088074, 36.951627972343658 ], [ -122.031478033300445, 36.951627842504237 ], [ -122.031478035492327, 36.951627784799456 ], [ -122.031478041200728, 36.951627679285579 ], [ -122.031478052084793, 36.951627442130345 ], [ -122.031478056411572, 36.951627378990395 ], [ -122.031478056891075, 36.951627347442539 ], [ -122.031478059303438, 36.951627300549134 ], [ -122.031478061734134, 36.951627254556669 ], [ -122.031478097937708, 36.951626552056204 ], [ -122.031478125913566, 36.951626437237962 ], [ -122.031478176730175, 36.951626231099802 ], [ -122.031478228006037, 36.951626047485284 ], [ -122.031478238441636, 36.951626008597152 ], [ -122.031478302471697, 36.951625789668753 ], [ -122.031478461564973, 36.951625166661046 ], [ -122.031478510095965, 36.951625068695343 ], [ -122.031478574822287, 36.951624938975399 ], [ -122.031478807686455, 36.951624464595774 ], [ -122.031478883417876, 36.951624323916988 ], [ -122.031479114036884, 36.951623849566829 ], [ -122.03147918181665, 36.951623759459025 ], [ -122.031479250737405, 36.95162367023736 ], [ -122.031480034814749, 36.951622639794437 ], [ -122.031480131101333, 36.951622515968261 ], [ -122.031481669385911, 36.951620532075687 ], [ -122.031481695592419, 36.95162049568399 ], [ -122.031481845506434, 36.951620303564347 ], [ -122.031482013971129, 36.951620085066587 ], [ -122.031482924368873, 36.951618366259723 ], [ -122.031483478984995, 36.951617316301075 ], [ -122.031484392993718, 36.951614397966502 ], [ -122.031484397853248, 36.951614360954004 ], [ -122.031484414107439, 36.951614221957655 ], [ -122.031484595003974, 36.951612630788361 ], [ -122.031484736138523, 36.951611402418635 ], [ -122.031484722250894, 36.951611216956458 ], [ -122.031484710257402, 36.951611069319299 ], [ -122.031484622515009, 36.951609960209076 ], [ -122.031484577117041, 36.951609385847895 ], [ -122.031484498645284, 36.951608400979744 ], [ -122.03148440285328, 36.951608053478473 ], [ -122.031484347118692, 36.951607853245818 ], [ -122.031484027100518, 36.951606696720063 ], [ -122.031483903413687, 36.951606247751045 ], [ -122.031483685314697, 36.951605463879282 ], [ -122.031483459107648, 36.951604998233137 ], [ -122.031483288049245, 36.951604649016964 ], [ -122.031482317804304, 36.951602662026644 ], [ -122.031478438932865, 36.951596579495224 ], [ -122.031474561239705, 36.951590499651751 ], [ -122.031466188823103, 36.951578696828584 ], [ -122.031465946249881, 36.95157841974553 ], [ -122.031459222530259, 36.9515706533127 ], [ -122.031458628016452, 36.951570132124644 ], [ -122.031451249305789, 36.951563669300697 ], [ -122.031450979477128, 36.95156343222785 ], [ -122.031450529824511, 36.951563021785432 ], [ -122.03144993606584, 36.951562482563659 ], [ -122.031449749543384, 36.95156231108443 ], [ -122.031449369671137, 36.951561963709793 ], [ -122.031448840069288, 36.951561266838723 ], [ -122.031448548162714, 36.951560883162358 ], [ -122.031448101644685, 36.951560296046054 ], [ -122.031447723112379, 36.951559518787384 ], [ -122.031447685739181, 36.951559448084517 ], [ -122.031447528574233, 36.951559119413119 ], [ -122.03144737153788, 36.951558797048335 ], [ -122.031447214538275, 36.951558476485417 ], [ -122.031447012965813, 36.951557677076401 ], [ -122.031446949504002, 36.951557428281099 ], [ -122.031446845507219, 36.95155700879257 ], [ -122.031446731923708, 36.951556559690836 ], [ -122.031446631277589, 36.951555038006262 ], [ -122.031446633983919, 36.951555005527993 ], [ -122.031446643139162, 36.951554738656291 ], [ -122.031446651902982, 36.951554617782101 ], [ -122.031446683696998, 36.951554249680093 ], [ -122.031446928549556, 36.951551940325764 ], [ -122.031447377206973, 36.951550264532699 ], [ -122.031452083737776, 36.951532674620758 ], [ -122.031452906898792, 36.951529596167205 ], [ -122.031458319171108, 36.95151236557075 ], [ -122.031459806544689, 36.951507940129694 ], [ -122.031461290660658, 36.95150352013848 ], [ -122.031461733461498, 36.951502493277125 ], [ -122.031461750650848, 36.951502455201478 ], [ -122.031464792651249, 36.951495415723414 ], [ -122.031465232268033, 36.951494397915752 ], [ -122.031467161747003, 36.951490948961663 ], [ -122.03147462182568, 36.95147761433477 ], [ -122.031474650020002, 36.951477565300344 ], [ -122.031475270794402, 36.95147645589558 ], [ -122.031475515302418, 36.951476112035138 ], [ -122.031476104709284, 36.951475281509268 ], [ -122.03147642229743, 36.951474832151227 ], [ -122.03147723107331, 36.951473691439062 ], [ -122.031478019154093, 36.951472857402401 ], [ -122.031478642342165, 36.951472196757187 ], [ -122.031479016092959, 36.951471803436249 ], [ -122.031479210633336, 36.95147159721261 ], [ -122.031479626104314, 36.951471157383104 ], [ -122.031482417534946, 36.951468900191927 ], [ -122.031482517315695, 36.951468837600601 ], [ -122.031482649264746, 36.951468755661757 ], [ -122.03148556443692, 36.951466950142354 ], [ -122.031489012852589, 36.951464808685316 ], [ -122.031490464273631, 36.951463906457107 ], [ -122.031490693813424, 36.951463764659238 ], [ -122.031493922187934, 36.951461129538075 ], [ -122.031495254237782, 36.951460045035589 ], [ -122.031495695933373, 36.951459569715269 ], [ -122.031499015541854, 36.951456012382216 ], [ -122.03149903300671, 36.951455987820758 ], [ -122.031499070181496, 36.951455938668339 ], [ -122.031499146131367, 36.95145586377334 ], [ -122.031499426177064, 36.951455445548724 ], [ -122.031499709792513, 36.951455037190293 ], [ -122.03150048467063, 36.951453886108951 ], [ -122.031500926096172, 36.951453232357075 ], [ -122.031501936556765, 36.951451740236074 ], [ -122.031502600553736, 36.951450217519636 ], [ -122.031502968632964, 36.951449380888938 ], [ -122.031503316118432, 36.951448580576283 ], [ -122.0315038741265, 36.951447311584488 ], [ -122.031504283626759, 36.951445477696595 ], [ -122.031504669365887, 36.951443745053773 ], [ -122.031504906113497, 36.951442690258467 ], [ -122.031504925630912, 36.951441830269424 ], [ -122.031504947250184, 36.95144085309844 ], [ -122.031505011406196, 36.951437997294434 ], [ -122.031504965813269, 36.951437743758504 ], [ -122.031503639773874, 36.951430367835982 ], [ -122.031503455083481, 36.951429900743399 ], [ -122.031502413166095, 36.951427262235129 ], [ -122.031500736710086, 36.951423020738787 ], [ -122.031500453694179, 36.95142257746744 ], [ -122.031500410689858, 36.95142250593733 ], [ -122.031496380327425, 36.951416152336769 ], [ -122.031496220654603, 36.951415975999019 ], [ -122.031493818937733, 36.951413336427009 ], [ -122.031492004129518, 36.951411340704247 ], [ -122.031490709620357, 36.951410301516361 ], [ -122.031488807807577, 36.951408774652535 ], [ -122.031486826074797, 36.951407183051771 ], [ -122.031486751767602, 36.951407118241129 ], [ -122.03148533796633, 36.951406286090837 ], [ -122.031485185761937, 36.951406200674903 ], [ -122.031485082268318, 36.951406136247641 ], [ -122.031481387629512, 36.951403966955283 ], [ -122.031480756987321, 36.951403601246149 ], [ -122.031480720679738, 36.951403582798058 ], [ -122.031477991624939, 36.95140240114047 ], [ -122.031476447583486, 36.951401734716882 ], [ -122.031474012063015, 36.951400686184037 ], [ -122.031473920180716, 36.951400640529187 ], [ -122.031470660592987, 36.95139965238571 ], [ -122.031470495487468, 36.951399595075991 ], [ -122.031470294331584, 36.951399531931521 ], [ -122.031470248012909, 36.951399518120937 ], [ -122.031468375612249, 36.951398938018258 ], [ -122.03146750777664, 36.951398669148027 ], [ -122.031466670470451, 36.951398410691027 ], [ -122.031463690936931, 36.951397830711485 ], [ -122.031461948063551, 36.951397490425585 ], [ -122.031460214225731, 36.951397152724503 ], [ -122.031459117331963, 36.951396939131733 ], [ -122.031458945232032, 36.951396924269666 ], [ -122.031451109108062, 36.951396277408477 ], [ -122.031448724644036, 36.951396080727655 ], [ -122.031445819525558, 36.951396176561829 ], [ -122.031440066483754, 36.951396364775213 ], [ -122.031438914079303, 36.951396402441425 ], [ -122.031438384453878, 36.951396420212156 ], [ -122.031438286809987, 36.951396422395867 ], [ -122.031434757205076, 36.951396949990269 ], [ -122.031431474931495, 36.951397437387271 ], [ -122.031431059621042, 36.951397499617023 ], [ -122.031428028156668, 36.951397952178034 ], [ -122.031426200509983, 36.951398465528221 ], [ -122.031425794122953, 36.951398579909615 ], [ -122.031424981712419, 36.951398936636231 ], [ -122.031424942772077, 36.951398954270282 ], [ -122.031424055774991, 36.951399342616924 ], [ -122.031424004615133, 36.951399366719762 ], [ -122.031423733063249, 36.951399485638433 ], [ -122.031422748671773, 36.951400108671812 ], [ -122.0314221466015, 36.951400483362981 ], [ -122.031422067892137, 36.951400533060948 ], [ -122.031421881636035, 36.951400649958138 ], [ -122.031420778517713, 36.951401617903258 ], [ -122.031420523671713, 36.951401840239065 ], [ -122.031420476228561, 36.951401881415613 ], [ -122.031420439955838, 36.951401919741919 ], [ -122.031420411394038, 36.951401950757429 ], [ -122.031420294221974, 36.951402041513987 ], [ -122.03141944551551, 36.951403096236241 ], [ -122.031419398403074, 36.951403153629855 ], [ -122.031419112323732, 36.951403496233731 ], [ -122.031419069609598, 36.951403549063663 ], [ -122.031419011602239, 36.951403622821758 ], [ -122.031418065485994, 36.951405352010291 ], [ -122.031417877593981, 36.951405939348724 ], [ -122.031414046134444, 36.951417930404425 ], [ -122.03141358375693, 36.951419373871225 ], [ -122.031413411546808, 36.951420399881876 ], [ -122.03141103108679, 36.951434551851293 ], [ -122.031410769605912, 36.951436100821908 ], [ -122.031409931426879, 36.951446537666385 ], [ -122.031408496836079, 36.95146440001686 ], [ -122.031408492362345, 36.951464455949193 ], [ -122.031408282886332, 36.951467068538918 ], [ -122.031406281597256, 36.951489903874496 ], [ -122.03140494159949, 36.95149924425688 ], [ -122.03140362635861, 36.951508422100396 ], [ -122.031403602779093, 36.951508587327382 ], [ -122.031401951377219, 36.951516753046917 ], [ -122.031400307281658, 36.95152489163484 ], [ -122.031400301170976, 36.951524922355475 ], [ -122.031397656026087, 36.95153319755417 ], [ -122.031397406864798, 36.951533974045468 ], [ -122.031397210561366, 36.951534589431084 ], [ -122.031396170430469, 36.951536664107834 ], [ -122.031395673010948, 36.951537655638809 ], [ -122.031393416955069, 36.951542159665401 ], [ -122.031392572180863, 36.951543847870454 ], [ -122.031392477734258, 36.951543979332499 ], [ -122.031389439948128, 36.951548169649698 ], [ -122.031387381262917, 36.951551009294498 ], [ -122.031386709729915, 36.951551666969465 ], [ -122.03138097891555, 36.951557296256482 ], [ -122.031380846798925, 36.951557425059164 ], [ -122.031376791806863, 36.951560656805725 ], [ -122.031372733557092, 36.951563894002057 ], [ -122.031354447393355, 36.951577475350085 ], [ -122.031323365449836, 36.951599222789014 ], [ -122.031321376494674, 36.951600360976471 ], [ -122.031319216920593, 36.951601226542593 ], [ -122.031312996222439, 36.951602765462951 ], [ -122.031296591048715, 36.951605563723952 ], [ -122.03128643531889, 36.951607296711032 ], [ -122.031280181401911, 36.951608362942551 ], [ -122.031274152918897, 36.951609361327556 ], [ -122.031269816471436, 36.951610078849562 ], [ -122.031259450381128, 36.951611792968528 ], [ -122.031253167370792, 36.951612809114181 ], [ -122.031246879870082, 36.951613825318482 ], [ -122.031232098184162, 36.951616175086201 ], [ -122.031217319846547, 36.95161852390688 ], [ -122.031210387773982, 36.951619592732406 ], [ -122.031203877674969, 36.951620595636321 ], [ -122.031203830674457, 36.951620603463084 ], [ -122.031203441144697, 36.951620663551054 ], [ -122.03120176795737, 36.951620822504957 ], [ -122.031201432881971, 36.951620854842204 ], [ -122.031196956878915, 36.95162128130837 ], [ -122.031195922451801, 36.951621267857483 ], [ -122.031195331637207, 36.951621258493894 ], [ -122.031194001811983, 36.951621240811697 ], [ -122.031192687702614, 36.951621222923038 ], [ -122.031190427866548, 36.951621191319795 ], [ -122.031188112335485, 36.951620906313124 ], [ -122.031187402035883, 36.95162081921417 ], [ -122.031184385204085, 36.951620447891379 ], [ -122.031183972086424, 36.951620397443044 ], [ -122.031182435588249, 36.951620211249306 ], [ -122.031181503593658, 36.951620100026048 ], [ -122.0311804455052, 36.951619972435012 ], [ -122.031179517904775, 36.951619966592979 ], [ -122.031179138351547, 36.95161996526911 ], [ -122.031178049047682, 36.951619958847068 ], [ -122.031177469550514, 36.951619953840677 ], [ -122.0311768799871, 36.951619950768865 ], [ -122.031174612264252, 36.951620193229772 ], [ -122.031173499713148, 36.951620313279193 ], [ -122.031173346216534, 36.95162032971399 ], [ -122.031170883874395, 36.95162088473905 ], [ -122.03117037866393, 36.951620998614985 ], [ -122.031169927115769, 36.951621100971941 ], [ -122.03116766045973, 36.951621836368162 ], [ -122.031166948120671, 36.951622144917003 ], [ -122.031166167911735, 36.951622484096362 ], [ -122.031166137841439, 36.951622496206703 ], [ -122.031165930845674, 36.951622587241374 ], [ -122.031165489857671, 36.951622766961719 ], [ -122.031165225058274, 36.951622886692334 ], [ -122.031161277506683, 36.95162466971361 ], [ -122.03116121302277, 36.951624701200807 ], [ -122.031154078198213, 36.951628878176777 ], [ -122.031154051550629, 36.95162889294572 ], [ -122.031149638621315, 36.951631476925179 ], [ -122.031131281056361, 36.951643100895346 ], [ -122.031130869378998, 36.951643396483803 ], [ -122.031113690132059, 36.951655813342278 ], [ -122.031112592423227, 36.951656606383054 ], [ -122.031101566970804, 36.951664092238879 ], [ -122.031092888691944, 36.951668348056543 ], [ -122.031092820675042, 36.951668371479414 ], [ -122.031090865337347, 36.951669010864855 ], [ -122.031090637786306, 36.951669085046795 ], [ -122.031090573100357, 36.951669106623534 ], [ -122.031087129617816, 36.951670224255061 ], [ -122.031083515706101, 36.951671409010054 ], [ -122.031083481127212, 36.951671420278373 ], [ -122.031076458722055, 36.951673566299597 ], [ -122.031076359402093, 36.951673596441843 ], [ -122.031075389720627, 36.951673894851623 ], [ -122.03106971309488, 36.951675629381405 ], [ -122.031069675185066, 36.9516756424959 ], [ -122.031068843484292, 36.951675989560179 ], [ -122.031063920320975, 36.951678055745539 ], [ -122.031063819988617, 36.951678091308196 ], [ -122.031058053898647, 36.951680504704974 ], [ -122.031057107566028, 36.951680901938623 ], [ -122.031056825927863, 36.951681021890096 ], [ -122.031056651173813, 36.95168109718103 ], [ -122.03105656771649, 36.951681134324417 ], [ -122.031056537701261, 36.951681149137563 ], [ -122.031050114355565, 36.951684645379849 ], [ -122.031050039952234, 36.951684686009102 ], [ -122.031048857228328, 36.95168532966737 ], [ -122.031047765984795, 36.95168594418756 ], [ -122.03104726864342, 36.951686223778061 ], [ -122.031046691322572, 36.951686545873351 ], [ -122.031044634888303, 36.951687899424677 ], [ -122.031044029923748, 36.95168829758267 ], [ -122.031042614045305, 36.95168923628723 ], [ -122.031041573516688, 36.951689915026861 ], [ -122.031041481519736, 36.951689973910874 ], [ -122.031035802023155, 36.951693495530954 ], [ -122.031034244912902, 36.95169422611324 ], [ -122.031033629849546, 36.951694514458993 ], [ -122.03102962917734, 36.951696390995558 ], [ -122.031025310264525, 36.951697913939533 ], [ -122.031024924522171, 36.951698049676899 ], [ -122.031021186440384, 36.951699367633708 ], [ -122.031012437291324, 36.951701634554531 ], [ -122.031004143160672, 36.951703088036098 ], [ -122.031003761120942, 36.951703130001327 ], [ -122.031003715187808, 36.951703135110378 ], [ -122.03100328946006, 36.951703182155192 ], [ -122.031001483900283, 36.951703347350289 ], [ -122.030994028701429, 36.95170403732385 ], [ -122.03098150267158, 36.951704562275793 ], [ -122.030968979990874, 36.951705086281244 ], [ -122.03096623487157, 36.951705154769165 ], [ -122.030955163246759, 36.951705419102851 ], [ -122.030952704288254, 36.951705479327074 ], [ -122.030914734836571, 36.951705977879591 ], [ -122.030865598162393, 36.951706623043343 ], [ -122.030818715586889, 36.951707238591574 ], [ -122.030818213178421, 36.951707214547511 ], [ -122.030806366009912, 36.951706669870255 ], [ -122.030805666933105, 36.951706637594022 ], [ -122.030805099271674, 36.951706552224763 ], [ -122.030790631661858, 36.951704370248052 ], [ -122.030788478129651, 36.951704045256712 ], [ -122.030787835830836, 36.951703878859199 ], [ -122.0307863581736, 36.951703494527621 ], [ -122.030786268940503, 36.951703468663567 ], [ -122.030785570238251, 36.951703289488798 ], [ -122.030783623147585, 36.95170251569926 ], [ -122.030783239404713, 36.951702363930913 ], [ -122.030783082083502, 36.951702302913297 ], [ -122.030782829622581, 36.951702201690118 ], [ -122.030780316274175, 36.951700805405174 ], [ -122.030778081332542, 36.951699130602819 ], [ -122.030777761490924, 36.951698808572267 ], [ -122.030777684700183, 36.951698732078334 ], [ -122.030776251752357, 36.951697290968333 ], [ -122.030776174943213, 36.95169721357346 ], [ -122.030776011001677, 36.951697048105046 ], [ -122.030772710196601, 36.951693762455804 ], [ -122.030771298152814, 36.951692355316396 ], [ -122.030769616926335, 36.951691128343739 ], [ -122.030766684252441, 36.951688991380784 ], [ -122.030765543309201, 36.951688159244192 ], [ -122.03076390880959, 36.951687296638738 ], [ -122.030759051758281, 36.951684728939838 ], [ -122.030758658041023, 36.951684583610636 ], [ -122.03074953033385, 36.951681223962993 ], [ -122.030749121913132, 36.951681073419699 ], [ -122.03074657674928, 36.951680485015395 ], [ -122.030744467078435, 36.95167999813485 ], [ -122.03073862536209, 36.951678646447419 ], [ -122.030735589389167, 36.951678327633203 ], [ -122.030734943497777, 36.951678260413161 ], [ -122.03073385762076, 36.951678146700722 ], [ -122.030732753132767, 36.951678166608282 ], [ -122.030731736204373, 36.951678185366262 ], [ -122.030730443144833, 36.951678208650648 ], [ -122.030729051300057, 36.951678233232016 ], [ -122.030728358253882, 36.95167833154823 ], [ -122.030727498368762, 36.951678452782197 ], [ -122.030724330985691, 36.95167890350438 ], [ -122.030722716469143, 36.951679351863369 ], [ -122.03072235251642, 36.951679454870963 ], [ -122.03072159911774, 36.951679787386972 ], [ -122.030721080559118, 36.951680017689306 ], [ -122.030720867968213, 36.951680109697847 ], [ -122.030720803447437, 36.951680139382944 ], [ -122.030720528580773, 36.951680261047024 ], [ -122.030719720573344, 36.951680779023377 ], [ -122.030719601855097, 36.951680849072197 ], [ -122.030719160732261, 36.951681132429137 ], [ -122.03071902550613, 36.951681218916043 ], [ -122.030718900254485, 36.951681298963692 ], [ -122.030718674261493, 36.951681504697746 ], [ -122.030718601476309, 36.951681569637607 ], [ -122.030718502190425, 36.951681656553838 ], [ -122.030717512736103, 36.951682527474119 ], [ -122.030716396095968, 36.951683934468093 ], [ -122.030715705314705, 36.951685245752479 ], [ -122.030715585246128, 36.95168546992204 ], [ -122.030715105142363, 36.951687091152472 ], [ -122.030714965006354, 36.951688754781387 ], [ -122.030715124667054, 36.951690418079174 ], [ -122.030715141649935, 36.951690480038145 ], [ -122.03071514586226, 36.951690521437442 ], [ -122.030715137708142, 36.951690562097895 ], [ -122.030715038246029, 36.951691301475996 ], [ -122.030714962711528, 36.951691947717649 ], [ -122.030714948583451, 36.951692246196117 ], [ -122.03071493063841, 36.951692302305297 ], [ -122.030714928041959, 36.95169234018924 ], [ -122.030714916336549, 36.951692371884469 ], [ -122.030714798689431, 36.951692769951379 ], [ -122.030714530861815, 36.951693512441018 ], [ -122.030714354836746, 36.951694021219154 ], [ -122.030714332640187, 36.95169408909959 ], [ -122.030714312064404, 36.95169412631838 ], [ -122.030713821855002, 36.95169497626528 ], [ -122.030713598191539, 36.951695351391955 ], [ -122.030713386472243, 36.951695706535695 ], [ -122.03071337136231, 36.951695736473205 ], [ -122.030713345081978, 36.951695769261001 ], [ -122.030713188393761, 36.951695959666175 ], [ -122.030713072193592, 36.95169609817215 ], [ -122.030712771498273, 36.951696440065007 ], [ -122.030712123012819, 36.95169718214499 ], [ -122.030712079138766, 36.95169723318746 ], [ -122.030712050466349, 36.951697258797154 ], [ -122.030711784428377, 36.951697483080665 ], [ -122.030711716004916, 36.95169754165493 ], [ -122.030710862038404, 36.951698228756584 ], [ -122.030710520676337, 36.951698503594287 ], [ -122.030710495279791, 36.951698524654986 ], [ -122.030710459872068, 36.951698550353065 ], [ -122.030710108133945, 36.951698756836748 ], [ -122.030710072616003, 36.951698777129202 ], [ -122.030709636408048, 36.951699026176478 ], [ -122.030708700722315, 36.951699560247903 ], [ -122.030708639569184, 36.951699589888761 ], [ -122.030708264314825, 36.951699744412352 ], [ -122.030708195303731, 36.95169977415631 ], [ -122.030707615943101, 36.951699996244983 ], [ -122.030706616572701, 36.951700380654216 ], [ -122.03070658547152, 36.951700397283908 ], [ -122.030706191707807, 36.951700470042454 ], [ -122.03070613015062, 36.951700479862446 ], [ -122.030704686196458, 36.951700757459967 ], [ -122.030696900466751, 36.951702253810424 ], [ -122.03069681877696, 36.951702267499471 ], [ -122.030696577647049, 36.951702281479356 ], [ -122.030695905692966, 36.951702312830655 ], [ -122.030695873193878, 36.951702315960887 ], [ -122.030695308950399, 36.951702343194597 ], [ -122.030693828310362, 36.951702418506457 ], [ -122.030690134531454, 36.951702604881064 ], [ -122.03068922720712, 36.951702657346132 ], [ -122.030686765080347, 36.951702782491822 ], [ -122.030686532618745, 36.951702781037682 ], [ -122.030681536421142, 36.951702806976613 ], [ -122.030681122049756, 36.951702805207091 ], [ -122.030680763953313, 36.951702809908255 ], [ -122.03068054840351, 36.95170281183681 ], [ -122.030679809575744, 36.951702812524381 ], [ -122.030679766955245, 36.951702814886318 ], [ -122.030677342051632, 36.951703058499838 ], [ -122.03067728824216, 36.951703062810985 ], [ -122.030676986751132, 36.951703090199878 ], [ -122.030675549059595, 36.951703234339163 ], [ -122.030675401157211, 36.951703249798598 ], [ -122.030672829418634, 36.951703506153997 ], [ -122.030672643771524, 36.951703542836306 ], [ -122.030672200890507, 36.951703629757318 ], [ -122.030668128873572, 36.951704430299316 ], [ -122.030668074070121, 36.951704440931856 ], [ -122.030667992435411, 36.951704457323764 ], [ -122.0306669837979, 36.951704662518075 ], [ -122.030666020744491, 36.951704845485473 ], [ -122.03066581858954, 36.951704898605868 ], [ -122.030665778379358, 36.951704909046789 ], [ -122.030647123804158, 36.951709842820478 ], [ -122.030647090292618, 36.951709851371099 ], [ -122.030636030685599, 36.951713294904998 ], [ -122.030629409123563, 36.951715936696985 ], [ -122.030628848088327, 36.951716231540807 ], [ -122.030627454922424, 36.951716962668961 ], [ -122.030627274995695, 36.951717059655614 ], [ -122.030623234385743, 36.951719180924115 ], [ -122.030621134252414, 36.951720594519891 ], [ -122.03062061364507, 36.951720944706558 ], [ -122.03061770045953, 36.951722904280857 ], [ -122.030617588604969, 36.951722980547785 ], [ -122.030615499644426, 36.951724336320765 ], [ -122.03061495995351, 36.951724686757927 ], [ -122.030613128103454, 36.951725876040776 ], [ -122.030612052521562, 36.951726377702819 ], [ -122.030611638766814, 36.951726571482496 ], [ -122.030610646587419, 36.951727033298646 ], [ -122.03060983017501, 36.951727414404097 ], [ -122.030608178431862, 36.951728184973973 ], [ -122.030607018112164, 36.95172855076796 ], [ -122.030606532754817, 36.951728702230639 ], [ -122.030602862062025, 36.951729856174417 ], [ -122.03059116292701, 36.951732002279208 ], [ -122.030590931346637, 36.951732044070333 ], [ -122.030590574425105, 36.951732106431763 ], [ -122.03059048704911, 36.951732116590648 ], [ -122.030590436607312, 36.951732120857564 ], [ -122.030578366429353, 36.951732865078746 ], [ -122.030576546211336, 36.951732806965275 ], [ -122.030576477680128, 36.951732805161342 ], [ -122.030561986474112, 36.951732330314556 ], [ -122.030561325802964, 36.951732309248115 ], [ -122.030541550649446, 36.951731570322643 ], [ -122.030541456262654, 36.951731567055731 ], [ -122.030541421463312, 36.95173156751256 ], [ -122.030541372070616, 36.951731568160945 ], [ -122.030541299104243, 36.951731569118763 ], [ -122.030541162133545, 36.951731570015568 ], [ -122.030540908435057, 36.951731573345846 ], [ -122.030515861678182, 36.951731837246093 ], [ -122.030487882084032, 36.95173315167208 ], [ -122.03047889272618, 36.95173421141137 ], [ -122.03047827325409, 36.951734283527152 ], [ -122.030477400652529, 36.951734386902373 ], [ -122.030472895404998, 36.951735417519842 ], [ -122.030467519501855, 36.951736647012666 ], [ -122.030467237846793, 36.951736711089289 ], [ -122.030458882099893, 36.951738723175524 ], [ -122.030454335498035, 36.95173981831941 ], [ -122.030451130733184, 36.951740308275866 ], [ -122.03044734613448, 36.951740886950112 ], [ -122.030441130256662, 36.951741837285056 ], [ -122.030439128671603, 36.951741970799389 ], [ -122.030437975909862, 36.951742046310216 ], [ -122.030431339740829, 36.95174248397884 ], [ -122.03042555469527, 36.951742866317083 ], [ -122.03041915712555, 36.951742724994567 ], [ -122.030418974056431, 36.951742722891566 ], [ -122.030411007168723, 36.951742548096135 ], [ -122.030410951004001, 36.951742547030989 ], [ -122.030410910555076, 36.951742545759551 ], [ -122.030410865634323, 36.951742545447978 ], [ -122.030410812818943, 36.951742543437668 ], [ -122.030409944455741, 36.951742524195325 ], [ -122.030409813853268, 36.951742506984651 ], [ -122.030409504286339, 36.951742468692196 ], [ -122.030406702064468, 36.951742104445451 ], [ -122.03040619205764, 36.951742038143571 ], [ -122.030406105363497, 36.951742026664839 ], [ -122.030405188937507, 36.951741908021575 ], [ -122.030403642052647, 36.951741487645172 ], [ -122.030402786176836, 36.951741254657527 ], [ -122.030402611170302, 36.951741207389347 ], [ -122.030402566010849, 36.951741195365457 ], [ -122.030402520833078, 36.951741182440657 ], [ -122.030401958548566, 36.951741030310984 ], [ -122.030400627302825, 36.95174066748362 ], [ -122.030400031457035, 36.951740411256722 ], [ -122.030399020990757, 36.951739975728728 ], [ -122.030396806374682, 36.951739022503226 ], [ -122.030396381559271, 36.951738838829968 ], [ -122.030388649094419, 36.951734684017296 ], [ -122.030384000127668, 36.951732188370194 ], [ -122.030383784399589, 36.951732071343841 ], [ -122.030380879200422, 36.951730510770432 ], [ -122.030359135181271, 36.951718726572899 ], [ -122.030351598478362, 36.951714755734109 ], [ -122.030348180853451, 36.951712954960406 ], [ -122.030344061794693, 36.951710785795768 ], [ -122.030339172920662, 36.951708198671113 ], [ -122.030334280697602, 36.951705612491367 ], [ -122.030328588815536, 36.95170213562001 ], [ -122.030327626573282, 36.951701531837614 ], [ -122.030326993046586, 36.951701134618531 ], [ -122.030323242808748, 36.951698329781372 ], [ -122.03030702003025, 36.951683575790724 ], [ -122.030304117870514, 36.951680180358629 ], [ -122.030303877491292, 36.951679900540867 ], [ -122.030301334302749, 36.951675937155237 ], [ -122.030300876974934, 36.951674929322159 ], [ -122.030300794705923, 36.951674749263297 ], [ -122.030299851897198, 36.951672674488286 ], [ -122.030299431039225, 36.951671748184552 ], [ -122.030297958715792, 36.951668539456442 ], [ -122.030297588532761, 36.9516677305431 ], [ -122.030296085578328, 36.951665443230247 ], [ -122.030296038011386, 36.951665368154849 ], [ -122.030296011384792, 36.951665328852108 ], [ -122.030295145755773, 36.951664010962396 ], [ -122.030295097121325, 36.951663938604568 ], [ -122.030294637376926, 36.951663418345397 ], [ -122.030293723592735, 36.951662382258085 ], [ -122.030293663824509, 36.951662314552379 ], [ -122.030293102926777, 36.95166167936766 ], [ -122.030292022516463, 36.951660456217972 ], [ -122.030291995061077, 36.951660431345111 ], [ -122.03028936760947, 36.95165828405603 ], [ -122.030286767870479, 36.951656174253046 ], [ -122.030286742715248, 36.951656152053516 ], [ -122.030286701697278, 36.95165612285269 ], [ -122.030286550487858, 36.951656031113821 ], [ -122.030275032674282, 36.951649055694865 ], [ -122.030274327760694, 36.951648736914542 ], [ -122.030273072070074, 36.951648169425866 ], [ -122.030266368527279, 36.951645134794354 ], [ -122.030264979133875, 36.951644728570521 ], [ -122.030264640255183, 36.95164462938169 ], [ -122.030257024584728, 36.9516424033704 ], [ -122.030255478079965, 36.951642166829259 ], [ -122.03025539357597, 36.951642152618156 ], [ -122.030255308041205, 36.951642142926531 ], [ -122.030255225892546, 36.951642134091607 ], [ -122.030255153718301, 36.951642118817531 ], [ -122.030255082850303, 36.951642112538174 ], [ -122.030254588594062, 36.951642102803646 ], [ -122.030254524553158, 36.951642100940575 ], [ -122.030254369474832, 36.951642094865271 ], [ -122.030254323394857, 36.951642092766484 ], [ -122.030254215464012, 36.951642086072333 ], [ -122.030254168279811, 36.951642084889194 ], [ -122.03025353328151, 36.951642056274615 ], [ -122.030253474963573, 36.95164205974357 ], [ -122.030253398519434, 36.951642055339732 ], [ -122.030253318007325, 36.95164207171657 ], [ -122.030253223767389, 36.951642075656999 ], [ -122.030252598315883, 36.951642129826304 ], [ -122.030251577078459, 36.951642212620982 ], [ -122.030251515502925, 36.951642221539799 ], [ -122.030251478587033, 36.951642228332588 ], [ -122.030251304238874, 36.951642268470707 ], [ -122.030251261710106, 36.951642275337178 ], [ -122.030250705964576, 36.951642388971159 ], [ -122.030250662368388, 36.95164239855518 ], [ -122.030249804761937, 36.951642576530496 ], [ -122.030249519277675, 36.951642673099613 ], [ -122.03024940002669, 36.951642717020512 ], [ -122.030249334199539, 36.951642737710529 ], [ -122.030249249362384, 36.951642762254856 ], [ -122.030249146674436, 36.951642792440573 ], [ -122.030248944959894, 36.951642867182947 ], [ -122.030248905964001, 36.951642882113774 ], [ -122.030248767794731, 36.951642934393632 ], [ -122.030248234681181, 36.95164311171483 ], [ -122.030248118687666, 36.951643150185845 ], [ -122.030247729610466, 36.95164334273921 ], [ -122.030247465029788, 36.95164347327907 ], [ -122.030247356010321, 36.951643523373995 ], [ -122.030247264878355, 36.951643569629404 ], [ -122.030247044851293, 36.951643682461992 ], [ -122.03024695038836, 36.95164373056344 ], [ -122.030246224259784, 36.951644078939921 ], [ -122.030245819959504, 36.951644350997505 ], [ -122.030245717969123, 36.951644415419167 ], [ -122.030245479868171, 36.951644578054236 ], [ -122.030245423425384, 36.951644618447261 ], [ -122.030245383545605, 36.95164464510507 ], [ -122.030245069991793, 36.951644851987375 ], [ -122.030245029044565, 36.951644881362789 ], [ -122.030244519478003, 36.951645222390987 ], [ -122.030244338756034, 36.951645390581305 ], [ -122.030243368361795, 36.951646260346124 ], [ -122.03024304418544, 36.951646552079445 ], [ -122.030242939044811, 36.951646682329113 ], [ -122.030241827036221, 36.951648041494735 ], [ -122.03024112277626, 36.951649352953105 ], [ -122.030240952812576, 36.951649663389759 ], [ -122.030240013162839, 36.951651380768077 ], [ -122.03023904439361, 36.951654314230019 ], [ -122.030238851836316, 36.951654893516945 ], [ -122.030238796863713, 36.951655336721288 ], [ -122.030238780074811, 36.951655449590007 ], [ -122.030238669985494, 36.951656273818664 ], [ -122.030238616098742, 36.951656715206411 ], [ -122.030238611165117, 36.951656748615072 ], [ -122.03023838201878, 36.951658508036139 ], [ -122.030238371395953, 36.951660411482685 ], [ -122.030238359779062, 36.951662321250581 ], [ -122.030238435241188, 36.951663544973485 ], [ -122.030238509580798, 36.951664768711069 ], [ -122.030239513105116, 36.951669603025799 ], [ -122.030239798257242, 36.951670978099607 ], [ -122.030242327079137, 36.951676936903269 ], [ -122.030243316113157, 36.951679020985118 ], [ -122.030243469850319, 36.951679346999519 ], [ -122.030243524997019, 36.951679463430089 ], [ -122.030244599502453, 36.95168171941809 ], [ -122.03024461939367, 36.951681758809244 ], [ -122.030244900076298, 36.951682363426706 ], [ -122.030246587839017, 36.951685895557674 ], [ -122.030246724716704, 36.95168627586456 ], [ -122.030246810111848, 36.951686499139349 ], [ -122.03024682087576, 36.951686531440828 ], [ -122.030247236289995, 36.951687741690144 ], [ -122.030247450243237, 36.951688377823764 ], [ -122.030249850582848, 36.951695360259748 ], [ -122.030249928358757, 36.951695595349953 ], [ -122.030250038848521, 36.95169594806638 ], [ -122.030250099605269, 36.951696119395713 ], [ -122.030250191882672, 36.951696349789707 ], [ -122.030250200178315, 36.951696426281757 ], [ -122.030250225459326, 36.951696509760353 ], [ -122.030250248605299, 36.951696598674069 ], [ -122.030250573825455, 36.951698231862686 ], [ -122.030252096687349, 36.951705684519297 ], [ -122.030252118175639, 36.951705802292771 ], [ -122.030252231581443, 36.95170635323209 ], [ -122.030252252959613, 36.951706465599869 ], [ -122.030252513145982, 36.951707717538703 ], [ -122.030252518037244, 36.951707792273055 ], [ -122.030252522414571, 36.951707841780859 ], [ -122.030252673774498, 36.951710420794214 ], [ -122.030252687399312, 36.95171064861573 ], [ -122.030253194053572, 36.951719147369971 ], [ -122.030253173784132, 36.951719309849672 ], [ -122.030253129048589, 36.951719649283163 ], [ -122.03025312234719, 36.95171970614588 ], [ -122.030253081404339, 36.9517200112845 ], [ -122.030252979392699, 36.951720129777669 ], [ -122.030252757757253, 36.951720384117728 ], [ -122.030252697411598, 36.951720453399986 ], [ -122.030252470291828, 36.951720714120306 ], [ -122.030251494396865, 36.951721534392121 ], [ -122.030251430408171, 36.951721590204315 ], [ -122.03025113113253, 36.951721836551513 ], [ -122.03024585831308, 36.951723165614084 ], [ -122.030240836637603, 36.951724421087697 ], [ -122.030240771933009, 36.951724441762991 ], [ -122.030240693794369, 36.951724464417019 ], [ -122.030218619257269, 36.951729523212315 ], [ -122.030202385261475, 36.95173356180895 ], [ -122.030187488598784, 36.951737270140249 ], [ -122.030186146847143, 36.951737604066018 ], [ -122.030175709654216, 36.951740184160812 ], [ -122.030165269092848, 36.951742764298899 ], [ -122.030148411017606, 36.951745822475978 ], [ -122.030147090930413, 36.951746062393482 ], [ -122.030142336194345, 36.9517463663108 ], [ -122.030141398706817, 36.9517464263769 ], [ -122.030128541916525, 36.951747251167163 ], [ -122.030119029944828, 36.951747791443864 ], [ -122.030116288926209, 36.951748226641079 ], [ -122.030115657692846, 36.951748327747232 ], [ -122.030113061043878, 36.951748739421291 ], [ -122.030112232808946, 36.951748871049531 ], [ -122.030109688755104, 36.951749273922601 ], [ -122.030100735242598, 36.951751652500086 ], [ -122.03010066264325, 36.951751671476565 ], [ -122.030092407706704, 36.951754498688942 ], [ -122.030084151646847, 36.951757325915381 ], [ -122.030055196004994, 36.951767500900779 ], [ -122.030041163481954, 36.951772179266001 ], [ -122.030027134324868, 36.951776857585344 ], [ -122.030021180590623, 36.951778715557921 ], [ -122.03001523129123, 36.95178057076847 ], [ -122.030011947689175, 36.951781324893972 ], [ -122.030011837843375, 36.951781334446089 ], [ -122.030011789665025, 36.951781339584265 ], [ -122.030011732524542, 36.951781345741203 ], [ -122.030008572574587, 36.95178166567419 ], [ -122.030008117607068, 36.951781655423105 ], [ -122.030007125688442, 36.95178163419439 ], [ -122.030007091974923, 36.951781632834383 ], [ -122.030006110159292, 36.951781611473066 ], [ -122.030005171037743, 36.951781591353829 ], [ -122.030004395060473, 36.951781477172652 ], [ -122.030003831963029, 36.951781395344334 ], [ -122.030002376915874, 36.951781183734077 ], [ -122.030002232750903, 36.951781162195005 ], [ -122.030001826203289, 36.951781103545621 ], [ -122.029992683353228, 36.95177981045962 ], [ -122.029992596659085, 36.951779798980631 ], [ -122.029989627124237, 36.951779379243391 ], [ -122.029988118845992, 36.951779365691479 ], [ -122.029977603776175, 36.951779281078998 ], [ -122.029977495992014, 36.951779281592195 ], [ -122.029977255653847, 36.951779279338815 ], [ -122.029974086466368, 36.951779586775459 ], [ -122.029967131802508, 36.951780264707899 ], [ -122.029961913011874, 36.951780773869544 ], [ -122.029957921149744, 36.951781485919618 ], [ -122.029955215919429, 36.951781969307518 ], [ -122.029952461443216, 36.951782460551087 ], [ -122.029946850686358, 36.951783461496355 ], [ -122.02994526319614, 36.951783913995776 ], [ -122.029944897033431, 36.951784018832299 ], [ -122.029944415889332, 36.951784156719128 ], [ -122.029943195968983, 36.951784683699792 ], [ -122.029942437965445, 36.951785010864036 ], [ -122.029942150785715, 36.951785134490237 ], [ -122.029940272883152, 36.951786268493024 ], [ -122.029940187455438, 36.951786319179291 ], [ -122.029940095384077, 36.951786374458678 ], [ -122.029940063362019, 36.951786401013273 ], [ -122.029939233900265, 36.951787078775723 ], [ -122.029938295121937, 36.951787847190154 ], [ -122.029938011667952, 36.951788153708421 ], [ -122.029934151138619, 36.951792336308117 ], [ -122.029934103859617, 36.951792385592626 ], [ -122.029932920684502, 36.951793669088133 ], [ -122.029931471071436, 36.951795708570941 ], [ -122.029931422981832, 36.951795773186291 ], [ -122.029928270479061, 36.951800206938273 ], [ -122.029928248615192, 36.951800236063171 ], [ -122.029927896067164, 36.951800733638507 ], [ -122.029924185756343, 36.951806943739925 ], [ -122.029921556956552, 36.95181134448552 ], [ -122.029920496039537, 36.951813117523599 ], [ -122.029920455844504, 36.9518131838377 ], [ -122.029919548797736, 36.951814848516683 ], [ -122.029919522773938, 36.951814893917543 ], [ -122.029919161254583, 36.951815557428979 ], [ -122.029916586098793, 36.951820276490672 ], [ -122.02991655142479, 36.951820338226405 ], [ -122.029914936430828, 36.951823299089881 ], [ -122.029914712735547, 36.951823838231405 ], [ -122.029911357893255, 36.951831954184669 ], [ -122.029910793942918, 36.951833318772302 ], [ -122.029906442841281, 36.951844011675078 ], [ -122.02990631031183, 36.951844230600116 ], [ -122.029903076342237, 36.951849571113385 ], [ -122.029903024221156, 36.951849658311261 ], [ -122.029901912350226, 36.951851024681211 ], [ -122.029901826864275, 36.95185112763707 ], [ -122.029901744709306, 36.951851228746861 ], [ -122.029901718410187, 36.951851260633447 ], [ -122.029899299899256, 36.951854243755513 ], [ -122.029899138846886, 36.951854440525125 ], [ -122.029895960443909, 36.951857603041134 ], [ -122.029895844813936, 36.951857714503163 ], [ -122.029895720515484, 36.951857841399146 ], [ -122.029893005461091, 36.95186054363699 ], [ -122.029892625759899, 36.95186086583707 ], [ -122.029892568377718, 36.95186091525408 ], [ -122.029892087126044, 36.951861323498214 ], [ -122.029884743727251, 36.951867447893825 ], [ -122.029884390435313, 36.951867743612887 ], [ -122.029884357235616, 36.951867767479406 ], [ -122.029884070437873, 36.951867964997753 ], [ -122.029877170669977, 36.951872771443483 ], [ -122.029875444401867, 36.951873907961478 ], [ -122.029875249492108, 36.951874041191076 ], [ -122.029873067760334, 36.951875473867524 ], [ -122.029869287087052, 36.951877734086374 ], [ -122.029869047421514, 36.951877875112707 ], [ -122.029865677324352, 36.951879895635599 ], [ -122.02986560190773, 36.951879941684496 ], [ -122.029865508676963, 36.951879995176618 ], [ -122.029865466533451, 36.951880020962811 ], [ -122.029858991257228, 36.951883176270087 ], [ -122.029858883176203, 36.951883217340452 ], [ -122.029851491417588, 36.951885920561239 ], [ -122.029851451298995, 36.951885935506617 ], [ -122.029829978656267, 36.951892322790343 ], [ -122.029809261158576, 36.951898132414215 ], [ -122.0297888085246, 36.951903660092427 ], [ -122.029768348066412, 36.95190918967203 ], [ -122.029766040284628, 36.951909781390384 ], [ -122.029763714670281, 36.951910379650975 ], [ -122.029763339214185, 36.951910469288656 ], [ -122.029760723351473, 36.951911095689368 ], [ -122.02975771973955, 36.951911814592499 ], [ -122.029738474537055, 36.951916312584594 ], [ -122.029719232699932, 36.951920810529344 ], [ -122.02970690190925, 36.951923646129345 ], [ -122.029700808634473, 36.951925049014264 ], [ -122.029694575626252, 36.951926482570144 ], [ -122.029681427512827, 36.951929379356933 ], [ -122.029673273826418, 36.951930674094065 ], [ -122.029673234573465, 36.951930676411415 ], [ -122.029671801002124, 36.951930747488007 ], [ -122.029667133540315, 36.951930981750564 ], [ -122.0296650718291, 36.951931085399927 ], [ -122.029665003407843, 36.95193108900115 ], [ -122.0296649259693, 36.951931090918322 ], [ -122.029642275979228, 36.951931662032052 ], [ -122.029642236689497, 36.951931662547508 ], [ -122.029625655918579, 36.951932792074679 ], [ -122.029591939765865, 36.951936433609177 ], [ -122.029564387650524, 36.951940768390358 ], [ -122.029560859975305, 36.951941613120077 ], [ -122.029560016311649, 36.951941814338149 ], [ -122.029559911286142, 36.951941840047972 ], [ -122.029559522450612, 36.951941934366474 ], [ -122.029554931324483, 36.951943049885159 ], [ -122.029554822931274, 36.95194307563915 ], [ -122.02955062368504, 36.951944577131982 ], [ -122.029550448635248, 36.951944638005578 ], [ -122.029550381703501, 36.951944659610916 ], [ -122.029546535685782, 36.951946027600016 ], [ -122.029546471017483, 36.951946050076842 ], [ -122.02954624804606, 36.951946128701579 ], [ -122.029542939315874, 36.951947744678144 ], [ -122.029542910404473, 36.95194775857523 ], [ -122.029539049081222, 36.951949643145049 ], [ -122.029538276367546, 36.951950020064878 ], [ -122.029531212633884, 36.951954606047593 ], [ -122.0295310563708, 36.951954707228062 ], [ -122.029531021993293, 36.951954728406328 ], [ -122.029527856495775, 36.95195747799913 ], [ -122.029527679968112, 36.951957631714251 ], [ -122.029527657957232, 36.951957653631453 ], [ -122.029526879560763, 36.951958578547469 ], [ -122.029526073742403, 36.951959535364757 ], [ -122.029524967442413, 36.951960844883196 ], [ -122.029524877502311, 36.951960949699561 ], [ -122.029524752645969, 36.951961159511633 ], [ -122.029524728811936, 36.951961202180101 ], [ -122.029524700506016, 36.951961245808356 ], [ -122.02952437053095, 36.951961804367095 ], [ -122.029524307015265, 36.951961938575955 ], [ -122.029524118312963, 36.951962266379894 ], [ -122.029523763179483, 36.951962857711358 ], [ -122.02952301288218, 36.951964114796738 ], [ -122.029522904313865, 36.951964297359545 ], [ -122.029522852137177, 36.951964381854395 ], [ -122.029522761955207, 36.951964529930876 ], [ -122.029522561848836, 36.951965069663409 ], [ -122.029522524412329, 36.951965161174407 ], [ -122.029521411479209, 36.951968129865065 ], [ -122.029521319012133, 36.951968331141586 ], [ -122.029521299815116, 36.951968380958682 ], [ -122.029521219127403, 36.951968554143882 ], [ -122.029521136506432, 36.95196874267463 ], [ -122.029520634727604, 36.951969852309951 ], [ -122.029520518719949, 36.95197011067004 ], [ -122.029520459657803, 36.951970243018167 ], [ -122.02951980749387, 36.951971632191828 ], [ -122.029519733247923, 36.951971790873536 ], [ -122.029519273967935, 36.951972781895833 ], [ -122.02951922554432, 36.951972885266372 ], [ -122.029519057396712, 36.951973229923212 ], [ -122.029519031207471, 36.951973267215479 ], [ -122.029518615363713, 36.95197385483737 ], [ -122.029518448253583, 36.951974085029846 ], [ -122.029518413450759, 36.951974140458788 ], [ -122.029517979590878, 36.951974725613525 ], [ -122.029517898796399, 36.951974838420568 ], [ -122.029516955653136, 36.951976164723568 ], [ -122.029516912992378, 36.951976220255581 ], [ -122.029516828793447, 36.951976331304913 ], [ -122.029516779654244, 36.951976399538559 ], [ -122.029516653403363, 36.951976540878725 ], [ -122.029516556742877, 36.951976701656797 ], [ -122.029516461648569, 36.951976829070453 ], [ -122.029516382970698, 36.951976935541445 ], [ -122.0295157721728, 36.951977764535357 ], [ -122.029515424286643, 36.951978105241729 ], [ -122.029514961616997, 36.951978543880848 ], [ -122.029514923097835, 36.95197858223603 ], [ -122.029514138859668, 36.951979330595904 ], [ -122.029512959437369, 36.951980468045548 ], [ -122.029511928368564, 36.951981446742508 ], [ -122.029511842441579, 36.951981528075315 ], [ -122.029511589114165, 36.951981770213074 ], [ -122.029510381956214, 36.951982648484666 ], [ -122.02950933078624, 36.95198341206158 ], [ -122.029504914870586, 36.951986625045606 ], [ -122.029504471180999, 36.951986948083729 ], [ -122.029502038038061, 36.951988717490316 ], [ -122.029496226743049, 36.951992167767052 ], [ -122.029496085883807, 36.951992253425239 ], [ -122.029491739052304, 36.951994833770385 ], [ -122.029491676904257, 36.951994869731941 ], [ -122.029485216607725, 36.951998816964988 ], [ -122.029483592934511, 36.951999808842544 ], [ -122.029480803599142, 36.952002007380237 ], [ -122.029476345612508, 36.952005525516221 ], [ -122.029473304932267, 36.952008339256736 ], [ -122.029473278467762, 36.952008363034786 ], [ -122.029466146824674, 36.952014963156017 ], [ -122.029464809978535, 36.952016199998354 ], [ -122.029456595005456, 36.952023693888279 ], [ -122.029447597716626, 36.95203114847434 ], [ -122.029443316776636, 36.952034703938828 ], [ -122.029439032541916, 36.952038263051129 ], [ -122.029437991331591, 36.952039240078044 ], [ -122.029437725798999, 36.952039544557607 ], [ -122.02943763573019, 36.952039643067309 ], [ -122.029437425041422, 36.952039883744362 ], [ -122.029437396496931, 36.952039915660336 ], [ -122.029437288944109, 36.952040037830187 ], [ -122.029436276301496, 36.952041204632849 ], [ -122.029436075770889, 36.952041447880219 ], [ -122.029435690887567, 36.952041901720079 ], [ -122.029430954133431, 36.952047500747007 ], [ -122.029430728224156, 36.95204776595574 ], [ -122.029430615722362, 36.952047865660809 ], [ -122.029429914302241, 36.95204849037237 ], [ -122.029429887819418, 36.952048513249423 ], [ -122.029428261079914, 36.952049961167013 ], [ -122.029427450415639, 36.95205068013378 ], [ -122.02942664738093, 36.952051222367821 ], [ -122.029425998291188, 36.952051659847157 ], [ -122.029425086712862, 36.952052275599939 ], [ -122.029423704355892, 36.952053207536416 ], [ -122.029422957459516, 36.952053584116832 ], [ -122.029422035014235, 36.952054052217484 ], [ -122.029419610955046, 36.952055275383827 ], [ -122.029419574258952, 36.952055292987737 ], [ -122.029411038656775, 36.952058456370722 ], [ -122.029408258093753, 36.95205948685323 ], [ -122.029404706096699, 36.952060405794469 ], [ -122.02939642037289, 36.952062551162129 ], [ -122.029386016417234, 36.952064230463584 ], [ -122.02938536278397, 36.95206433456314 ], [ -122.029384431635165, 36.952064485559816 ], [ -122.029379869568388, 36.95206482296598 ], [ -122.029376673079653, 36.952065058649382 ], [ -122.029372281440928, 36.952065383906685 ], [ -122.02936282859028, 36.952065300625399 ], [ -122.029359169621799, 36.952065267512523 ], [ -122.029356206639093, 36.952065004479664 ], [ -122.02935047863059, 36.952064494742132 ], [ -122.029349726056722, 36.952064427111345 ], [ -122.029347342406027, 36.952064215957662 ], [ -122.029347300779392, 36.952064211997737 ], [ -122.029346148869294, 36.952064109051499 ], [ -122.029334339678101, 36.952062343518776 ], [ -122.029332752300007, 36.95206202999934 ], [ -122.029332511062023, 36.952061983598284 ], [ -122.029320515490383, 36.952059612207677 ], [ -122.029318123151882, 36.952059139823106 ], [ -122.029309421788909, 36.952056809934618 ], [ -122.029309341591457, 36.952056786654452 ], [ -122.029308972901759, 36.952056657213454 ], [ -122.029301267737466, 36.952053951980716 ], [ -122.02930041336144, 36.952053572071812 ], [ -122.029279934597938, 36.952044475540355 ], [ -122.029279101734261, 36.952044104361015 ], [ -122.029277868502845, 36.952043426622225 ], [ -122.02925871854552, 36.952032918522164 ], [ -122.029257053823315, 36.952032004924469 ], [ -122.029246274053165, 36.952024988182494 ], [ -122.029235951896851, 36.952017229167907 ], [ -122.02923565104534, 36.952017012322983 ], [ -122.029235600900336, 36.952016976032013 ], [ -122.029230108453433, 36.952012980111441 ], [ -122.029229723207777, 36.952012754460313 ], [ -122.029229344752608, 36.952012531423755 ], [ -122.029228678949849, 36.952012148139865 ], [ -122.02922254142284, 36.952008621186138 ], [ -122.029222160832632, 36.952008403584657 ], [ -122.029202229853695, 36.951998911443788 ], [ -122.02917591807892, 36.951987510461002 ], [ -122.029166623561025, 36.951983677050855 ], [ -122.029157331289213, 36.951979843610523 ], [ -122.029148610770676, 36.951976296457893 ], [ -122.029139890252921, 36.951972749304623 ], [ -122.029129288652214, 36.951968636543334 ], [ -122.02912685295189, 36.951967743869282 ], [ -122.029116018512511, 36.951963776548006 ], [ -122.029102741602458, 36.951958914837633 ], [ -122.029091421176673, 36.951955399073945 ], [ -122.029090784972752, 36.951955201045649 ], [ -122.029090455001409, 36.951955098131819 ], [ -122.029088508321749, 36.951954674870422 ], [ -122.029088141746016, 36.951954594065135 ], [ -122.029081969028624, 36.951953253845176 ], [ -122.029081921660818, 36.951953243652127 ], [ -122.029081849486559, 36.951953228377299 ], [ -122.029077739568152, 36.951952334227784 ], [ -122.029077507678082, 36.951952305727382 ], [ -122.029066199959317, 36.951950903077957 ], [ -122.029065082054785, 36.951950870876765 ], [ -122.029055459264171, 36.951950602352525 ], [ -122.02905540304431, 36.951950598583899 ], [ -122.02905477275425, 36.951950580715184 ], [ -122.029054722238897, 36.951950581377666 ], [ -122.029054533483105, 36.95195057574238 ], [ -122.029048378295116, 36.951951034059881 ], [ -122.029047687008756, 36.951951163884559 ], [ -122.029047597515472, 36.951951180378323 ], [ -122.029045724947494, 36.951951529362709 ], [ -122.029045549402042, 36.951951565909944 ], [ -122.029042361376725, 36.951952161948029 ], [ -122.029040674222486, 36.951952683331072 ], [ -122.029040570411041, 36.951952713530417 ], [ -122.029038517128583, 36.951953341548958 ], [ -122.029038395612915, 36.951953384597147 ], [ -122.029036591249792, 36.951953939959942 ], [ -122.029033697823806, 36.951955217937638 ], [ -122.029033322784841, 36.951955383267183 ], [ -122.029031263981182, 36.951956291627127 ], [ -122.029031188325533, 36.951956325963181 ], [ -122.029023740570395, 36.951959534530019 ], [ -122.029022824496096, 36.951959929547833 ], [ -122.029022710618193, 36.951959961681567 ], [ -122.02902232430219, 36.951960069482993 ], [ -122.029019422496972, 36.951960880755344 ], [ -122.0290146482957, 36.951962214938376 ], [ -122.029013872314351, 36.95196243148628 ], [ -122.029004556297153, 36.951963773861792 ], [ -122.028994276419652, 36.951964322314019 ], [ -122.028983995382873, 36.951964868978187 ], [ -122.028954124008422, 36.951966200633201 ], [ -122.028953371263398, 36.951966234836256 ], [ -122.028953237788343, 36.951966241993674 ], [ -122.028931997390657, 36.951967881316214 ], [ -122.028931846027987, 36.951967892312915 ], [ -122.028931741831286, 36.951967903592319 ], [ -122.028930744675364, 36.951968011292735 ], [ -122.028910196490344, 36.951970228206889 ], [ -122.028910101237472, 36.951970237566606 ], [ -122.028904793020601, 36.95197109841498 ], [ -122.028904095860469, 36.951971270671613 ], [ -122.028903156314499, 36.951971505584929 ], [ -122.028902107490893, 36.951971777978748 ], [ -122.028901954469958, 36.95197181783508 ], [ -122.028896445679777, 36.951973250863318 ], [ -122.028896396543715, 36.951973264124241 ], [ -122.028894818452542, 36.951973903031714 ], [ -122.028894748372963, 36.951973935492163 ], [ -122.028894679305836, 36.951973962532279 ], [ -122.028894623617816, 36.951973984890962 ], [ -122.028893836079646, 36.951974461131442 ], [ -122.028893795021659, 36.951974485100706 ], [ -122.028893555372392, 36.951974627025969 ], [ -122.028893204823888, 36.951974837093225 ], [ -122.028893136050257, 36.951974878548462 ], [ -122.028893043996248, 36.95197493472795 ], [ -122.028892227274667, 36.951975632141888 ], [ -122.028891816723757, 36.95197598358115 ], [ -122.02889176258013, 36.951976026646911 ], [ -122.028891691983219, 36.951976088853307 ], [ -122.02889105008056, 36.951976879500648 ], [ -122.028890697106775, 36.95197730137869 ], [ -122.028890658770763, 36.951977348743107 ], [ -122.028890608416674, 36.951977412486478 ], [ -122.028889854142747, 36.951978805699 ], [ -122.028889822780513, 36.951978864687391 ], [ -122.028889378033199, 36.95198034936697 ], [ -122.028889362295203, 36.951980403644527 ], [ -122.028889241946672, 36.951981938141564 ], [ -122.028889238391841, 36.951981984148738 ], [ -122.028889449364797, 36.951983522411879 ], [ -122.028889454588693, 36.951983558390857 ], [ -122.028890001835691, 36.951985067912517 ], [ -122.028890877612625, 36.951986499228852 ], [ -122.028892034427074, 36.951987780867739 ], [ -122.028894089980682, 36.951990022201102 ], [ -122.028894540186627, 36.951990515555181 ], [ -122.028894583262115, 36.951990590690045 ], [ -122.02889541776868, 36.951991925219382 ], [ -122.028895464065144, 36.951991993102475 ], [ -122.028895992809652, 36.951992814359926 ], [ -122.028896445319035, 36.951993531178125 ], [ -122.028896479542411, 36.951993612737382 ], [ -122.028896548227635, 36.951993787568163 ], [ -122.028897021976746, 36.951994996155911 ], [ -122.028897386636018, 36.951995920497893 ], [ -122.028897715820904, 36.951996756988756 ], [ -122.02889774628386, 36.951996929617174 ], [ -122.028897780591407, 36.951997125626043 ], [ -122.028898014731723, 36.951998422968522 ], [ -122.028898141642529, 36.951999141352694 ], [ -122.028898147952262, 36.951999175515063 ], [ -122.028898313936025, 36.95200010336341 ], [ -122.028898306517746, 36.952000400852377 ], [ -122.0288983014255, 36.952000591970759 ], [ -122.028898260760869, 36.952002124521741 ], [ -122.028898250242463, 36.952002545513935 ], [ -122.028898225592073, 36.952003485775144 ], [ -122.028898143640575, 36.952003817585343 ], [ -122.028898123760783, 36.952003889039752 ], [ -122.028898099148535, 36.952004003813279 ], [ -122.028897730082363, 36.95200562087615 ], [ -122.028897658824604, 36.952005926411701 ], [ -122.028897454475924, 36.95200680955088 ], [ -122.028897398615257, 36.952006933745984 ], [ -122.028897385878153, 36.952006969960486 ], [ -122.028897226836534, 36.952007320805293 ], [ -122.028897135508586, 36.952007522967548 ], [ -122.028897118391214, 36.952007564646635 ], [ -122.028896019051317, 36.952009988835883 ], [ -122.028881731253861, 36.952032911331585 ], [ -122.028867831431896, 36.952051560716974 ], [ -122.028852422649592, 36.952069501727763 ], [ -122.028838426958657, 36.952084104235048 ], [ -122.028838323546552, 36.952084209227493 ], [ -122.028837507964226, 36.952084907527258 ], [ -122.028833220395981, 36.952088580210173 ], [ -122.02882937424242, 36.952091873112373 ], [ -122.028828537716294, 36.952092590611642 ], [ -122.028825707290281, 36.952094426493865 ], [ -122.028825599795255, 36.952094496393542 ], [ -122.028817580658924, 36.95209969955615 ], [ -122.02881741773254, 36.95209980442781 ], [ -122.028813745811121, 36.952101562125982 ], [ -122.028813533381765, 36.952101662239571 ], [ -122.028812220065959, 36.952102290464637 ], [ -122.028809971480115, 36.952103032787086 ], [ -122.028808482464811, 36.952103524533086 ], [ -122.028807739640968, 36.952103770384014 ], [ -122.028806634312403, 36.952104135438816 ], [ -122.02880441443719, 36.952104578190692 ], [ -122.02880204356569, 36.952105049958 ], [ -122.028801052713675, 36.952105246792179 ], [ -122.028800981144556, 36.952105261248363 ], [ -122.028800773135899, 36.952105302726814 ], [ -122.02879897253257, 36.952105436281109 ], [ -122.028793612110732, 36.952105829191623 ], [ -122.02879337668368, 36.952105847598716 ], [ -122.028792375516161, 36.952105923809022 ], [ -122.028792301500175, 36.952105928384242 ], [ -122.028791295787329, 36.952106001950604 ], [ -122.028791098472453, 36.952106017154406 ], [ -122.028788507528603, 36.952105882604613 ], [ -122.028781403485738, 36.952105512541756 ], [ -122.028781047416146, 36.952105451423854 ], [ -122.028738709607225, 36.952098161710161 ], [ -122.028738086481027, 36.952098054528292 ], [ -122.028736802568062, 36.952097700073281 ], [ -122.028715730233372, 36.952091876226135 ], [ -122.028714410178523, 36.952091511430424 ], [ -122.028714337912533, 36.95209149165067 ], [ -122.02871369425398, 36.952091313544123 ], [ -122.028712880079368, 36.952091088107998 ], [ -122.028708380045828, 36.952089839486796 ], [ -122.028702519876774, 36.952088739370431 ], [ -122.028702168187579, 36.952088672787738 ], [ -122.028696168740865, 36.952088177391161 ], [ -122.028696028071707, 36.952088162112943 ], [ -122.028695969643238, 36.952088160175428 ], [ -122.028695916827658, 36.952088158164315 ], [ -122.028694598558346, 36.952088046578538 ], [ -122.028694311882361, 36.952088029609861 ], [ -122.028693931904982, 36.952088007556192 ], [ -122.028687012806046, 36.952088228043792 ], [ -122.028676994405487, 36.952088604517584 ], [ -122.028676697035607, 36.952088613823534 ], [ -122.028676426552295, 36.95208862007339 ], [ -122.028675921562808, 36.952088634804966 ], [ -122.02867529649545, 36.952088652913183 ], [ -122.028666400678901, 36.952088243252057 ], [ -122.028657266308954, 36.952087312227071 ], [ -122.02865330920244, 36.952086699031796 ], [ -122.028641088751144, 36.952084808148889 ], [ -122.028640932201071, 36.9520847849681 ], [ -122.028640790281031, 36.952084763397913 ], [ -122.028639855071347, 36.95208454946119 ], [ -122.028638835265866, 36.952084316807436 ], [ -122.028634186305879, 36.95208325397801 ], [ -122.028634111868186, 36.952083237831381 ], [ -122.028634081375543, 36.952083229219269 ], [ -122.028633376306189, 36.952083068138819 ], [ -122.028631584869956, 36.952082659055833 ], [ -122.028627463458548, 36.952081365815353 ], [ -122.028623731936335, 36.952080195431598 ], [ -122.02862266852388, 36.952079861515337 ], [ -122.028621675268553, 36.952079443770018 ], [ -122.02862164580678, 36.952079430638491 ], [ -122.028619147348834, 36.952078378365421 ], [ -122.028618945735062, 36.952078292692363 ], [ -122.028617834687708, 36.952077825123681 ], [ -122.028613903626507, 36.952075622793153 ], [ -122.02861335618681, 36.952075317258448 ], [ -122.028613062145595, 36.952075103927427 ], [ -122.028611913252334, 36.952074266467122 ], [ -122.028610233376924, 36.952073049358923 ], [ -122.028609305672205, 36.952072376619448 ], [ -122.028606423515669, 36.952070347082859 ], [ -122.028606288004951, 36.952070254234805 ], [ -122.028605984928262, 36.952070038318666 ], [ -122.028604605292173, 36.952069339061367 ], [ -122.028602406508739, 36.952068225183162 ], [ -122.028602249926067, 36.952068145228033 ], [ -122.028601146252143, 36.952067764076425 ], [ -122.028600139797334, 36.952067414994232 ], [ -122.02859955629944, 36.952067213568689 ], [ -122.028598201600616, 36.952066746490658 ], [ -122.028594289572993, 36.952065755105068 ], [ -122.028590388862767, 36.952064768076959 ], [ -122.028579706312087, 36.952062359570355 ], [ -122.028569020376011, 36.952059950205957 ], [ -122.028566423959461, 36.952059436323374 ], [ -122.028566126355315, 36.952059378944227 ], [ -122.028556776672559, 36.952057523412954 ], [ -122.028555526371065, 36.952057330728955 ], [ -122.028542625715588, 36.952055341511993 ], [ -122.028541889027494, 36.952055226805996 ], [ -122.028541649059306, 36.952055187596152 ], [ -122.028540754790328, 36.952055054228722 ], [ -122.028537892707206, 36.952054617725643 ], [ -122.028534946120033, 36.952054167010175 ], [ -122.028522738228517, 36.952051513546223 ], [ -122.028520144695179, 36.952050589584822 ], [ -122.0285200958931, 36.95205056409015 ], [ -122.02851875181355, 36.952049846342007 ], [ -122.028517778901815, 36.95204932469273 ], [ -122.028517709361864, 36.952049273335497 ], [ -122.028516868700848, 36.952048629193357 ], [ -122.028515719038964, 36.952047753892295 ], [ -122.028515644403655, 36.952047672862783 ], [ -122.02851522768934, 36.952047225028693 ], [ -122.028515097924029, 36.952047083441123 ], [ -122.028515049731155, 36.952047032705288 ], [ -122.028514950971854, 36.952046924956356 ], [ -122.028514923443538, 36.95204689647926 ], [ -122.028514833866438, 36.952046798523021 ], [ -122.028514804037982, 36.952046767372529 ], [ -122.028514024470184, 36.952045925069534 ], [ -122.028513975818868, 36.952045851810013 ], [ -122.028513914250937, 36.952045750783029 ], [ -122.028512738916447, 36.952043889920148 ], [ -122.028511634405447, 36.952042143480661 ], [ -122.028511598725814, 36.952042100691372 ], [ -122.0285115624594, 36.952042029071862 ], [ -122.0285107784198, 36.95204118772871 ], [ -122.02851041889727, 36.952040791413737 ], [ -122.028510316770323, 36.952040683708944 ], [ -122.02851008040615, 36.952040435376439 ], [ -122.028510013848802, 36.952040365055204 ], [ -122.02850887075752, 36.952039481557264 ], [ -122.028508553788711, 36.952039245095683 ], [ -122.028508185552639, 36.952038972357549 ], [ -122.028508154583292, 36.952038940320818 ], [ -122.028508113712562, 36.952038918326927 ], [ -122.028507101992062, 36.952038365644725 ], [ -122.02850693968665, 36.95203828035735 ], [ -122.028506659387645, 36.952038135336096 ], [ -122.028506002271413, 36.95203779248768 ], [ -122.028505952071768, 36.952037753493549 ], [ -122.028505150213988, 36.952037471119745 ], [ -122.028503623162948, 36.952036921588466 ], [ -122.028503591511054, 36.952036911189168 ], [ -122.028503558773338, 36.95203690260648 ], [ -122.02850184771944, 36.95203652581165 ], [ -122.028498831032934, 36.952035885863801 ], [ -122.028497020789985, 36.95203549054316 ], [ -122.028493936071243, 36.952034818143133 ], [ -122.028485387517534, 36.952033208942112 ], [ -122.028476843472845, 36.952031600582572 ], [ -122.02845093445589, 36.952028232744155 ], [ -122.028450884843053, 36.95202822258031 ], [ -122.028449804086279, 36.952028029474981 ], [ -122.028449477629792, 36.952027933722768 ], [ -122.028448721848378, 36.952027708420495 ], [ -122.028447697973718, 36.952027275755015 ], [ -122.0284468162656, 36.952026766427309 ], [ -122.028446771990488, 36.952026742675649 ], [ -122.028445580625799, 36.952025914782332 ], [ -122.028445427891796, 36.952025803234967 ], [ -122.028443948543526, 36.952024728586856 ], [ -122.028429399486583, 36.952014240244779 ], [ -122.028414849329451, 36.952003752816516 ], [ -122.028402552886419, 36.951994871497646 ], [ -122.028390256446272, 36.951985990177427 ], [ -122.028386112703203, 36.951982992175815 ], [ -122.028381968978763, 36.95197999507495 ], [ -122.028380811209047, 36.951979052289929 ], [ -122.028380778049623, 36.951979022985412 ], [ -122.028373089022722, 36.951972749681687 ], [ -122.028373059341021, 36.951972725738699 ], [ -122.028371973448131, 36.9519718387862 ], [ -122.028368526715326, 36.951968495504595 ], [ -122.0283684831778, 36.951968452818356 ], [ -122.028352887438075, 36.951953319952601 ], [ -122.028351255149701, 36.951951737236364 ], [ -122.028350098962562, 36.951950320406027 ], [ -122.028345742482131, 36.951944979402327 ], [ -122.028344930303092, 36.951943472449862 ], [ -122.028344841633043, 36.951943308694972 ], [ -122.028342290647842, 36.951938571250551 ], [ -122.028342144662162, 36.951938294697413 ], [ -122.028341799292747, 36.951937655777158 ], [ -122.028341777102327, 36.951937613712261 ], [ -122.028341760781416, 36.951937584186993 ], [ -122.028341705784158, 36.951937474963138 ], [ -122.028341406494903, 36.951936838142444 ], [ -122.028341250465289, 36.951936509452125 ], [ -122.028340833877763, 36.951935626342546 ], [ -122.02834068217345, 36.951935289484858 ], [ -122.028340627341194, 36.951935188369497 ], [ -122.028340495325452, 36.95193488099293 ], [ -122.028340443141687, 36.951934799668933 ], [ -122.028339890683156, 36.951933971510414 ], [ -122.028339871012847, 36.951933942930317 ], [ -122.028338836790695, 36.951932394730207 ], [ -122.028338792758177, 36.951932327718374 ], [ -122.028338372512934, 36.951931871819298 ], [ -122.028338221991959, 36.951931703468077 ], [ -122.028338004950612, 36.951931466597337 ], [ -122.028336681542925, 36.951929998788778 ], [ -122.028336642715772, 36.951929966854998 ], [ -122.028334198060108, 36.951927916256878 ], [ -122.028327342790988, 36.951923602916921 ], [ -122.028327247248953, 36.951923542888586 ], [ -122.028327025470659, 36.951923404309333 ], [ -122.028326779788543, 36.951923249822016 ], [ -122.02832562604128, 36.951922670162041 ], [ -122.028324694626505, 36.951922201137151 ], [ -122.028311426967463, 36.951915528731902 ], [ -122.028290112837368, 36.951906040148103 ], [ -122.028278745968365, 36.951901619222198 ], [ -122.028258091290823, 36.951895898862716 ], [ -122.02824481110116, 36.951892914270651 ], [ -122.028243383982712, 36.951892585118195 ], [ -122.028242481239204, 36.951892366246824 ], [ -122.02824244399298, 36.951892356821993 ], [ -122.028240391473133, 36.951891863740059 ], [ -122.02823015636875, 36.95188914924195 ], [ -122.028222813641904, 36.951887201592157 ], [ -122.028222709651118, 36.951887167808863 ], [ -122.028222196194434, 36.951886987091918 ], [ -122.028211374296546, 36.951883191649699 ], [ -122.028210282975564, 36.951882810332606 ], [ -122.02820640347781, 36.951881375123946 ], [ -122.028202470771205, 36.95188002892889 ], [ -122.028201288500128, 36.95187970287499 ], [ -122.028200093532575, 36.951879359864954 ], [ -122.028198907811927, 36.951879140196318 ], [ -122.028198261760352, 36.951879009881274 ], [ -122.028197421065471, 36.951878860488847 ], [ -122.0281973320714, 36.95187884633512 ], [ -122.028197144383455, 36.951878837980914 ], [ -122.028196143982797, 36.951878786207565 ], [ -122.028194559207947, 36.951878710551952 ], [ -122.028194507551717, 36.951878710327819 ], [ -122.028193771164709, 36.951878775853068 ], [ -122.028193588443685, 36.951878790864626 ], [ -122.028193243226013, 36.951878821523714 ], [ -122.028193060559971, 36.951878839238049 ], [ -122.02819175710961, 36.951878959057424 ], [ -122.028191700005522, 36.951878967015382 ], [ -122.028190378008674, 36.951879279030628 ], [ -122.02818921806842, 36.951879553775484 ], [ -122.028189112969102, 36.951879575880305 ], [ -122.028189058275274, 36.951879591917347 ], [ -122.028188992484019, 36.951879614408142 ], [ -122.028183401189125, 36.951881738793027 ], [ -122.028183355530672, 36.951881757415201 ], [ -122.028182735612049, 36.951882083659243 ], [ -122.028181186873724, 36.951882896101296 ], [ -122.028181034787551, 36.951882981905015 ], [ -122.028180762766212, 36.951883133264957 ], [ -122.028178148361292, 36.951884494078108 ], [ -122.028176686945599, 36.951885514450971 ], [ -122.028176524165417, 36.951885626529247 ], [ -122.028173603542456, 36.951887665443536 ], [ -122.028173444148251, 36.951887778378655 ], [ -122.028173181873015, 36.951888022433067 ], [ -122.02817153520968, 36.951889595858937 ], [ -122.028171355678381, 36.95188976763508 ], [ -122.028170705758853, 36.951890385355597 ], [ -122.028169909519207, 36.951891482622862 ], [ -122.028169645210127, 36.951891847462981 ], [ -122.028169089206315, 36.951892610846002 ], [ -122.028168891540417, 36.951892884693962 ], [ -122.028168573729033, 36.951893324132591 ], [ -122.028167985388805, 36.951894595307628 ], [ -122.028167644477037, 36.951895334243048 ], [ -122.028167247611819, 36.951896192868503 ], [ -122.02816710027362, 36.951896512017314 ], [ -122.028166759526826, 36.951897259061248 ], [ -122.028166403687464, 36.951898036943376 ], [ -122.02816622303466, 36.951898429524967 ], [ -122.028166058220705, 36.951898662388949 ], [ -122.028166035380181, 36.951898698735782 ], [ -122.028165659961118, 36.95189923175171 ], [ -122.028165235419991, 36.951899833901585 ], [ -122.028164972416818, 36.951900207736443 ], [ -122.028164655443277, 36.951900522800337 ], [ -122.02816417555681, 36.951900998608323 ], [ -122.028164142576543, 36.951901033285658 ], [ -122.028163692412662, 36.951901479866116 ], [ -122.028163374371573, 36.951901797647537 ], [ -122.028162921659501, 36.951902118996408 ], [ -122.028162348384683, 36.95190253024176 ], [ -122.028162267610796, 36.951902588976388 ], [ -122.028161485141354, 36.951903148955793 ], [ -122.028153119680084, 36.951907391440372 ], [ -122.028135496647451, 36.951914028050417 ], [ -122.028135456528489, 36.951914042995199 ], [ -122.028135103279098, 36.951914175593529 ], [ -122.028134892672895, 36.951914254954666 ], [ -122.028134829053371, 36.9519142738122 ], [ -122.028134733081259, 36.95191430300688 ], [ -122.028134278819522, 36.95191443783029 ], [ -122.028123380160963, 36.951917686160563 ], [ -122.028119702598119, 36.951918780637286 ], [ -122.028111709987968, 36.951920708490455 ], [ -122.028109432748025, 36.951920980755432 ], [ -122.028108378505792, 36.951921097307711 ], [ -122.028108217149992, 36.951921113841493 ], [ -122.028107981870008, 36.951921139454697 ], [ -122.028107643520187, 36.951921121359518 ], [ -122.02810758505521, 36.951921117619804 ], [ -122.028107162329874, 36.951921091618551 ], [ -122.028105664472534, 36.95192098328102 ], [ -122.028105158439203, 36.951920946656188 ], [ -122.028105086448491, 36.951920940390202 ], [ -122.028105024597551, 36.951920935793694 ], [ -122.028104882897935, 36.95192092503418 ], [ -122.028103375046626, 36.951920601443994 ], [ -122.028102416431665, 36.951920395920482 ], [ -122.028101859319051, 36.951920277055855 ], [ -122.028098975055826, 36.951919301923112 ], [ -122.028098355940401, 36.951919005436082 ], [ -122.028098222139704, 36.951918941403072 ], [ -122.028098001040163, 36.951918836158413 ], [ -122.028097404632561, 36.951918551990381 ], [ -122.028097253828491, 36.951918480069516 ], [ -122.028096286639794, 36.951918018721216 ], [ -122.028095148971701, 36.951917291053562 ], [ -122.028094582364375, 36.951916926289343 ], [ -122.02809442420174, 36.951916823824604 ], [ -122.028093927079027, 36.951916507714984 ], [ -122.0280938394868, 36.951916452088192 ], [ -122.02809233367644, 36.95191545618578 ], [ -122.028084550535795, 36.951910295260227 ], [ -122.028081223547872, 36.951908090402299 ], [ -122.028076152599155, 36.951905381206032 ], [ -122.028074164829178, 36.95190431772258 ], [ -122.028067603366338, 36.951900812486286 ], [ -122.028065834305039, 36.951900067860009 ], [ -122.028063607658979, 36.951899129167202 ], [ -122.028063546527321, 36.951899104735126 ], [ -122.028052066805557, 36.951894268918032 ], [ -122.02805203395792, 36.951894254929528 ], [ -122.028042679411243, 36.951891275641316 ], [ -122.028042504240801, 36.951891220261061 ], [ -122.028042442078274, 36.951891200348456 ], [ -122.02804237879316, 36.951891180450531 ], [ -122.028041294941545, 36.951890835081421 ], [ -122.028035757026146, 36.951889071039894 ], [ -122.028035691495873, 36.951889051171399 ], [ -122.028035411083977, 36.951888955715788 ], [ -122.028035233613451, 36.95188889766213 ], [ -122.028034841297938, 36.951888765823234 ], [ -122.028032928448837, 36.951888128519663 ], [ -122.028030771329782, 36.951887406101136 ], [ -122.028029861214421, 36.951887100810822 ], [ -122.028029167978076, 36.951886748520074 ], [ -122.028029109164862, 36.951886727662369 ], [ -122.028029040065306, 36.951886697927605 ], [ -122.028029002690786, 36.951886682196033 ], [ -122.02802894384098, 36.951886659536427 ], [ -122.028028710026746, 36.951886536434493 ], [ -122.028027503430252, 36.951885952958243 ], [ -122.028027400140601, 36.951885898438292 ], [ -122.028027115389449, 36.951885755276678 ], [ -122.028024918164121, 36.951884662094606 ], [ -122.028024447461362, 36.951884430350063 ], [ -122.028024022659807, 36.951884136723237 ], [ -122.028023575095361, 36.951883828074521 ], [ -122.028019830547933, 36.951881243880415 ], [ -122.028019636926075, 36.95188110943748 ], [ -122.028019603638512, 36.951881073826264 ], [ -122.028018738790422, 36.951880123594158 ], [ -122.02801871337914, 36.951880088780868 ], [ -122.028018374519334, 36.951879548904941 ], [ -122.028018050747804, 36.951879033163308 ], [ -122.028018025854152, 36.951878968604092 ], [ -122.028017820890952, 36.951878442293555 ], [ -122.028017596976895, 36.951877867567312 ], [ -122.028017581636448, 36.951877775847322 ], [ -122.02801756569113, 36.951877654396071 ], [ -122.028017496159777, 36.951877272302958 ], [ -122.028017438426758, 36.951876863019571 ], [ -122.028017424795451, 36.951876800115123 ], [ -122.028017408960082, 36.951876684069546 ], [ -122.028017388204063, 36.951876657305995 ], [ -122.028017392395938, 36.951876477013712 ], [ -122.028017404807926, 36.951876369609806 ], [ -122.028017409197048, 36.951876254200357 ], [ -122.028017410232337, 36.951876194708497 ], [ -122.028017426515831, 36.951876001641139 ], [ -122.028017419894809, 36.951875952162602 ], [ -122.028017420339168, 36.951875918812881 ], [ -122.028017435412153, 36.95187544549232 ], [ -122.02801746965217, 36.951875307162013 ], [ -122.028017486256743, 36.951875240256598 ], [ -122.028017511071923, 36.951875135393699 ], [ -122.028017525559676, 36.951875074824322 ], [ -122.028017725368713, 36.951874244015109 ], [ -122.028017824336814, 36.951874030939251 ], [ -122.028017915795289, 36.951873835084307 ], [ -122.02801800937057, 36.951873632893317 ], [ -122.02801802230978, 36.951873606589302 ], [ -122.028018262247969, 36.951873092471935 ], [ -122.028018761395543, 36.951872018024162 ], [ -122.028018832313492, 36.951871861189467 ], [ -122.028018864432312, 36.951871784167672 ], [ -122.028018902979255, 36.951871636769035 ], [ -122.028018994469321, 36.95187127689772 ], [ -122.028019159300726, 36.951870603353385 ], [ -122.028019204954077, 36.951870418912996 ], [ -122.028019206300968, 36.95187037473719 ], [ -122.028019206818669, 36.951870344991285 ], [ -122.028019248226187, 36.951869179214121 ], [ -122.028019254072191, 36.951869025034554 ], [ -122.028019033913182, 36.951867751839366 ], [ -122.028019014856724, 36.95186764304551 ], [ -122.028018735157772, 36.951866920354526 ], [ -122.028018497076459, 36.951866311568878 ], [ -122.028018189515763, 36.951865819946804 ], [ -122.028017745075076, 36.951865112932651 ], [ -122.028017714971909, 36.951865068267828 ], [ -122.028016688249949, 36.951863943524415 ], [ -122.028016259773636, 36.951863579653171 ], [ -122.028014877222191, 36.951862405501821 ], [ -122.028013893969927, 36.951861706450117 ], [ -122.028013658982687, 36.951861525687562 ], [ -122.028013279725329, 36.951861263005362 ], [ -122.028010904813641, 36.951859604404071 ], [ -122.028010789766824, 36.951859523903813 ], [ -122.02801066448859, 36.951859437229331 ], [ -122.028009807820538, 36.951858833846792 ], [ -122.028009670120767, 36.951858743730341 ], [ -122.028009547069374, 36.951858656125481 ], [ -122.028008235808414, 36.951857729767326 ], [ -122.028001372952403, 36.951852876697139 ], [ -122.028000717892482, 36.951852413961134 ], [ -122.027999942021211, 36.951851697772504 ], [ -122.027986705619043, 36.951839495239369 ], [ -122.027986040781144, 36.951838883034384 ], [ -122.027985338270497, 36.951838074864504 ], [ -122.027973381237103, 36.951824347878251 ], [ -122.027972931665843, 36.951823830180381 ], [ -122.027972685663741, 36.95182354953036 ], [ -122.027972606818366, 36.95182342710104 ], [ -122.027972556916865, 36.951823347549393 ], [ -122.027970873434313, 36.951820738146004 ], [ -122.027970818895909, 36.951820651445601 ], [ -122.027970300632361, 36.951819848070556 ], [ -122.02797006777503, 36.951819275263766 ], [ -122.027969990922628, 36.951819085219306 ], [ -122.027969701286182, 36.951818370769111 ], [ -122.027968688440851, 36.951815885952712 ], [ -122.027968561718112, 36.951815231549453 ], [ -122.027968535376559, 36.951815095815462 ], [ -122.027968521818593, 36.951815036514816 ], [ -122.027968353377233, 36.951814152855626 ], [ -122.027968306966756, 36.951813913748204 ], [ -122.027967891609237, 36.951811766256256 ], [ -122.027967900147701, 36.951810861352861 ], [ -122.027967899400622, 36.951810769441622 ], [ -122.027967912446627, 36.951809423798828 ], [ -122.027967913472551, 36.9518092534611 ], [ -122.027967929230357, 36.951807599576881 ], [ -122.027968179215094, 36.95180642025219 ], [ -122.027968229418235, 36.951806183483399 ], [ -122.027968683363284, 36.951804046227771 ], [ -122.027968801203443, 36.951803491354845 ], [ -122.027969291798613, 36.951801223848086 ], [ -122.027969356507839, 36.951800927410822 ], [ -122.027969459140905, 36.951800452942798 ], [ -122.027969479770874, 36.9517995352643 ], [ -122.027969490019586, 36.951799100757988 ], [ -122.027969517503266, 36.951797857661305 ], [ -122.027969522102993, 36.951797642217379 ], [ -122.027969528915534, 36.951797369969711 ], [ -122.027969351910357, 36.951796341331701 ], [ -122.02796921544622, 36.951795539261497 ], [ -122.027969048502925, 36.951794563661679 ], [ -122.027969019164701, 36.951794391018275 ], [ -122.02796900636271, 36.951794313683955 ], [ -122.027968672666603, 36.951793420475049 ], [ -122.027967910669318, 36.951791371699805 ], [ -122.027966254273025, 36.951788575846372 ], [ -122.027966231235268, 36.951788547310287 ], [ -122.027966118584757, 36.951788419015678 ], [ -122.027964089208282, 36.951786027726335 ], [ -122.027963784077158, 36.951785765874966 ], [ -122.027957618912737, 36.95178043504211 ], [ -122.027956038394692, 36.951779409476664 ], [ -122.027952498468522, 36.95177711368229 ], [ -122.027952409625726, 36.951777051763457 ], [ -122.027950252344269, 36.951775658862651 ], [ -122.027942533640356, 36.951770683629213 ], [ -122.02794003931912, 36.95176856428256 ], [ -122.027939998228717, 36.951768531477136 ], [ -122.027936270962513, 36.951765361282604 ], [ -122.027935735078486, 36.951764905996342 ], [ -122.027923933948529, 36.951752604442149 ], [ -122.027918259502343, 36.951746060487601 ], [ -122.027904926896227, 36.951732163172899 ], [ -122.027904020961259, 36.951731400925219 ], [ -122.027894635799328, 36.951723493436475 ], [ -122.027889540465239, 36.951719695017211 ], [ -122.027889059358301, 36.951719338143512 ], [ -122.027888482013509, 36.951718887005114 ], [ -122.027888261913574, 36.951718720466253 ], [ -122.027887917621683, 36.951718465436109 ], [ -122.027887778469918, 36.951718359117187 ], [ -122.027887055531224, 36.951717816163303 ], [ -122.027886980269216, 36.951717759473631 ], [ -122.027880794269066, 36.951713059740548 ], [ -122.027878589700833, 36.951711384485456 ], [ -122.027870865063861, 36.9517048475686 ], [ -122.027863746944632, 36.951697822370896 ], [ -122.027862645767243, 36.951696735550541 ], [ -122.027860207541224, 36.95169373050183 ], [ -122.027859086954791, 36.951692351951323 ], [ -122.02785599800562, 36.951688545262719 ], [ -122.027855535006481, 36.951687974570305 ], [ -122.027852548316076, 36.951684226921131 ], [ -122.027851526231132, 36.951682943506789 ], [ -122.027849014315606, 36.951679793431218 ], [ -122.027847184514002, 36.951677497754105 ], [ -122.027844004726134, 36.951674193315363 ], [ -122.027840027659551, 36.951670058516711 ], [ -122.027839407085267, 36.951669414189439 ], [ -122.027839347392572, 36.95166935008622 ], [ -122.027837715056975, 36.951667653814141 ], [ -122.027837327581324, 36.951667318243004 ], [ -122.027832210645485, 36.95166289918668 ], [ -122.027829604730144, 36.951660647924434 ], [ -122.027821130728043, 36.951654586737476 ], [ -122.027820710253906, 36.951654284942556 ], [ -122.027820147769049, 36.951653957071684 ], [ -122.027811961441898, 36.951649176305516 ], [ -122.027807490576507, 36.951647096373748 ], [ -122.027806923780261, 36.95164683254356 ], [ -122.027802601381694, 36.951644820057574 ], [ -122.02780240234506, 36.951644750570708 ], [ -122.027799325689685, 36.951643645477333 ], [ -122.027798645267609, 36.951643481365359 ], [ -122.027798574143176, 36.951643462471267 ], [ -122.027797593580871, 36.951643226592488 ], [ -122.027792693174774, 36.951642110250091 ], [ -122.027792399861582, 36.951642042899778 ], [ -122.027792097123367, 36.951642009016801 ], [ -122.027783535213672, 36.951641065016005 ], [ -122.02777489476621, 36.951640731245853 ], [ -122.02777459693975, 36.951640718025772 ], [ -122.027772645592947, 36.951640837318209 ], [ -122.027766660267972, 36.951641199619083 ], [ -122.027764933212993, 36.951641305158198 ], [ -122.027763010589851, 36.951641677307563 ], [ -122.027762762279693, 36.951641724719373 ], [ -122.027762509479359, 36.951641772189987 ], [ -122.02775640919927, 36.951642941657546 ], [ -122.027756136284495, 36.951642993897657 ], [ -122.027755493140546, 36.951643116775557 ], [ -122.027753807949878, 36.951643679568804 ], [ -122.027751191525198, 36.951644554659218 ], [ -122.027746653429986, 36.951646069538654 ], [ -122.027746624536647, 36.951646084336211 ], [ -122.027746539716958, 36.951646109779645 ], [ -122.027746414315629, 36.951646182616493 ], [ -122.027746364276979, 36.951646206703018 ], [ -122.027746248722011, 36.951646266794299 ], [ -122.027745990189729, 36.951646418877637 ], [ -122.027745920293199, 36.951646460346922 ], [ -122.02774523537154, 36.951646847819852 ], [ -122.027745064123849, 36.951646985241702 ], [ -122.027744991024576, 36.95164703486364 ], [ -122.02774493695388, 36.951647081532641 ], [ -122.027744083368603, 36.951647733460909 ], [ -122.027743851291945, 36.951647971711544 ], [ -122.027743824845359, 36.951647996390101 ], [ -122.027743760946535, 36.951648056705693 ], [ -122.02774365232392, 36.951648181591544 ], [ -122.027743464343274, 36.951648379612173 ], [ -122.027743109179028, 36.951648749246552 ], [ -122.027742866916782, 36.951649093970651 ], [ -122.027742794990445, 36.95164920125314 ], [ -122.027742746899037, 36.951649265867509 ], [ -122.02774273176972, 36.951649294903753 ], [ -122.027742692457153, 36.951649349490076 ], [ -122.027742667353053, 36.951649384965251 ], [ -122.027742616297161, 36.951649469444611 ], [ -122.027742540966571, 36.951649574969366 ], [ -122.027742479972588, 36.951649667689608 ], [ -122.027742337870194, 36.951649857899568 ], [ -122.027742135089881, 36.951650321964209 ], [ -122.027742110260633, 36.951650370953601 ], [ -122.027742056240271, 36.951650475297903 ], [ -122.027741993679314, 36.951650601382582 ], [ -122.027741967800878, 36.951650653990505 ], [ -122.02774195070127, 36.951650696570383 ], [ -122.027741871077382, 36.951650867036754 ], [ -122.027741857033888, 36.951650894256339 ], [ -122.027741781808572, 36.951651060159229 ], [ -122.027741648402369, 36.951651567472972 ], [ -122.027741636897261, 36.951651609078311 ], [ -122.027741628503264, 36.951651638026242 ], [ -122.027741505332983, 36.951652096541814 ], [ -122.027741470890987, 36.951652224961641 ], [ -122.027741456311418, 36.951652281026213 ], [ -122.027741453585179, 36.9516523126035 ], [ -122.02774135283353, 36.9516535972135 ], [ -122.027741762123938, 36.95165975236285 ], [ -122.027742166177433, 36.951665815659815 ], [ -122.027743816165753, 36.951681241281285 ], [ -122.027746070721065, 36.951702320236009 ], [ -122.027746992814556, 36.951710942423603 ], [ -122.02774874333177, 36.951725348386915 ], [ -122.027749205952844, 36.951729322866868 ], [ -122.027749668683953, 36.951733302752494 ], [ -122.027749683702226, 36.951735476218047 ], [ -122.027749688952738, 36.951736065525346 ], [ -122.027749694051934, 36.951736923388253 ], [ -122.027749539862086, 36.951737733773108 ], [ -122.027749388655081, 36.951738525193917 ], [ -122.027749153475682, 36.95173977011077 ], [ -122.027749145081657, 36.951739799058757 ], [ -122.027749109549063, 36.95173998426759 ], [ -122.027749011198722, 36.95174050373862 ], [ -122.027748620134744, 36.951741482144399 ], [ -122.027748104145644, 36.951742777602426 ], [ -122.027747842387015, 36.951743433491423 ], [ -122.02774763512997, 36.951743953488297 ], [ -122.027747145628965, 36.951744729515667 ], [ -122.02774693789091, 36.951745060269637 ], [ -122.027745601130647, 36.951747185660906 ], [ -122.027744811475145, 36.951748054838696 ], [ -122.027744761912885, 36.951748102349853 ], [ -122.027744711429733, 36.951748159786099 ], [ -122.027744478179827, 36.951748340376163 ], [ -122.027743725426916, 36.95174892609775 ], [ -122.027743701097151, 36.951748944440247 ], [ -122.027743649033198, 36.951748979367586 ], [ -122.027743604625627, 36.951749004281496 ], [ -122.027743212686815, 36.951749222097085 ], [ -122.027742512048306, 36.951749609775952 ], [ -122.027742473198515, 36.951749631913508 ], [ -122.027742421024627, 36.951749661435109 ], [ -122.027741704386244, 36.951749924959877 ], [ -122.027741241932361, 36.951750098640083 ], [ -122.027741164988797, 36.951750124881507 ], [ -122.02774107010265, 36.951750152259244 ], [ -122.027740173657534, 36.951750353254539 ], [ -122.027740045112893, 36.951750381974463 ], [ -122.027739762277918, 36.951750443356374 ], [ -122.027739633696569, 36.951750470274391 ], [ -122.027738427378992, 36.951750562681589 ], [ -122.027738233414212, 36.951750576938501 ], [ -122.027738145946145, 36.95175058259052 ], [ -122.027737665916263, 36.951750554635233 ], [ -122.027736660807435, 36.951750492105397 ], [ -122.027736593123876, 36.951750476770904 ], [ -122.02773643631825, 36.951750440975665 ], [ -122.027735821242089, 36.951750287722561 ], [ -122.027733813925124, 36.951749808458509 ], [ -122.027732531878542, 36.951749490015558 ], [ -122.027732467452694, 36.951749469231274 ], [ -122.027732014905027, 36.951749357105506 ], [ -122.027731479906521, 36.951749110882041 ], [ -122.027731415389098, 36.951749085593001 ], [ -122.027731217181554, 36.951749001676177 ], [ -122.027731055060954, 36.951748925397176 ], [ -122.027729135670668, 36.951748021423214 ], [ -122.02772892474843, 36.951747919649208 ], [ -122.027728475779284, 36.951747707444802 ], [ -122.027722198628837, 36.951744432772784 ], [ -122.027722165799659, 36.951744419685106 ], [ -122.027720479915757, 36.951743789315735 ], [ -122.027715226558271, 36.951741826874397 ], [ -122.027693172707302, 36.951736097713486 ], [ -122.027692956405971, 36.951736062697748 ], [ -122.027689955385284, 36.951735584737584 ], [ -122.02768950371744, 36.951735515857081 ], [ -122.027688279370665, 36.951735329132077 ], [ -122.027688173355202, 36.951735306189121 ], [ -122.02768358628451, 36.95173507610906 ], [ -122.027683488456802, 36.951735069280147 ], [ -122.027683381666932, 36.951735063469883 ], [ -122.027683208994205, 36.951735075645367 ], [ -122.027681348682179, 36.951735199150583 ], [ -122.027680993966626, 36.951735259671786 ], [ -122.027680951419299, 36.951735265636387 ], [ -122.02768030915874, 36.951735376786843 ], [ -122.02767935473004, 36.951735542493942 ], [ -122.027678447146371, 36.951735803113024 ], [ -122.02767834217542, 36.951735831524012 ], [ -122.027677962630634, 36.951735941034613 ], [ -122.027677432364897, 36.95173609307345 ], [ -122.027675619625512, 36.951736844082369 ], [ -122.027674211058255, 36.95173764747156 ], [ -122.027674141161597, 36.951737688940803 ], [ -122.02767402731547, 36.951737777847576 ], [ -122.027673970907856, 36.951737820041252 ], [ -122.027673670097968, 36.951738046575684 ], [ -122.027673082833175, 36.951738487741046 ], [ -122.0276728812714, 36.951738680532365 ], [ -122.027672844813338, 36.951738709848058 ], [ -122.027672739466539, 36.951738830184972 ], [ -122.027672670082993, 36.951738896880663 ], [ -122.027672557506094, 36.951738992980331 ], [ -122.027672493698716, 36.951739057800587 ], [ -122.02767246730707, 36.951739085182005 ], [ -122.027672284682183, 36.951739270515716 ], [ -122.027672053690921, 36.951739506949579 ], [ -122.027671933471296, 36.951739668936 ], [ -122.02767180992069, 36.951739832768411 ], [ -122.02767176827129, 36.951739882879373 ], [ -122.027671650718304, 36.951740065558113 ], [ -122.027671508340688, 36.951740242253855 ], [ -122.027671488684362, 36.951740269547003 ], [ -122.027671395759086, 36.951740393325892 ], [ -122.027671322490093, 36.951740489811691 ], [ -122.027671256932393, 36.951740578986978 ], [ -122.027670967008532, 36.951741119892894 ], [ -122.027670930014281, 36.95174117805356 ], [ -122.027670572800716, 36.95174183339072 ], [ -122.027670464850985, 36.951742267374726 ], [ -122.027670439907055, 36.951742365930876 ], [ -122.027670409991728, 36.951742496093765 ], [ -122.027670358390282, 36.95174271936294 ], [ -122.027670297437112, 36.951742979703354 ], [ -122.027670282028112, 36.951743050197791 ], [ -122.02767025433964, 36.951743179430288 ], [ -122.02767030604069, 36.951743733883887 ], [ -122.027670382300826, 36.951744170861453 ], [ -122.027670438364183, 36.951744498158867 ], [ -122.027670528425276, 36.951744730386167 ], [ -122.027670618358087, 36.951744956306896 ], [ -122.027670919909013, 36.951745539028394 ], [ -122.027671529783333, 36.951746485394324 ], [ -122.027671779142381, 36.951746875945737 ], [ -122.027671879682003, 36.95174723690544 ], [ -122.02767194133088, 36.951747452382527 ], [ -122.027672033426143, 36.951747784614916 ], [ -122.027672011996543, 36.951747890334538 ], [ -122.02767196617279, 36.951748121638737 ], [ -122.027671862319096, 36.951748646588925 ], [ -122.027671701521271, 36.95174946336855 ], [ -122.027671078505179, 36.951750603422028 ], [ -122.027670219114512, 36.951751660058626 ], [ -122.027669461201654, 36.951752323349446 ], [ -122.027669336441448, 36.95175242771937 ], [ -122.027669152217541, 36.951752589643185 ], [ -122.027669117674677, 36.951752602712389 ], [ -122.027669088927937, 36.951752624717507 ], [ -122.027669063420575, 36.951752640371872 ], [ -122.027668761840857, 36.951752829066564 ], [ -122.027668720837582, 36.951752855738221 ], [ -122.027668607710808, 36.951752924809448 ], [ -122.027668426932607, 36.951753035320451 ], [ -122.027667913656018, 36.951753360164503 ], [ -122.027667867058241, 36.951753387810641 ], [ -122.027667711219152, 36.951753454737919 ], [ -122.027666532561597, 36.951753968537332 ], [ -122.02766560506474, 36.951754243836213 ], [ -122.027665529188724, 36.951754267360016 ], [ -122.027663704320901, 36.951754808551136 ], [ -122.027661432994336, 36.951755481758013 ], [ -122.027658963341352, 36.95175595479639 ], [ -122.027657418692499, 36.951756250797921 ], [ -122.027657377304379, 36.951756258549672 ], [ -122.027657331444345, 36.951756267261231 ], [ -122.027656602191854, 36.951756407488134 ], [ -122.027656145836374, 36.951756494574198 ], [ -122.027651968777562, 36.951756880038438 ], [ -122.02765104873113, 36.951756969595138 ], [ -122.027650974715442, 36.951756974169641 ], [ -122.027650879371009, 36.951756979023635 ], [ -122.027650744920265, 36.951756993401844 ], [ -122.027649106352641, 36.951756977921967 ], [ -122.027643892969309, 36.951756925469482 ], [ -122.027641306502119, 36.951756899879371 ], [ -122.027641257091048, 36.951756899625593 ], [ -122.027641058306159, 36.951756897724167 ], [ -122.027638120597203, 36.951756551407591 ], [ -122.027631475295152, 36.951755767928312 ], [ -122.027625235926607, 36.951754240157058 ], [ -122.027624057797382, 36.951753951892961 ], [ -122.027617120304612, 36.951751168903158 ], [ -122.027616694139908, 36.951750918549671 ], [ -122.027593869293142, 36.951737535779998 ], [ -122.027593337447655, 36.95173722372801 ], [ -122.027591955619798, 36.951736084708593 ], [ -122.027573202593786, 36.951720620015926 ], [ -122.027572933088393, 36.951720398250188 ], [ -122.027566057197703, 36.951713522161647 ], [ -122.027559185908586, 36.951706651419528 ], [ -122.027552432703857, 36.951700065707328 ], [ -122.027548125220235, 36.951696081220092 ], [ -122.027543816614454, 36.951692096747379 ], [ -122.027526494393342, 36.951676203262245 ], [ -122.027509171093627, 36.951660311591162 ], [ -122.027496200125498, 36.951648621906429 ], [ -122.02748322921633, 36.951636934923194 ], [ -122.027480272685239, 36.951634503503357 ], [ -122.027478058387857, 36.951632680573688 ], [ -122.027477941944483, 36.95163258657341 ], [ -122.027477312713373, 36.951632068523764 ], [ -122.027477131789425, 36.95163195103617 ], [ -122.027476657232341, 36.951631640035536 ], [ -122.027475724145546, 36.951631033144388 ], [ -122.027475687893812, 36.951631017397958 ], [ -122.02747557013987, 36.951630969375358 ], [ -122.027475172823415, 36.951630812366879 ], [ -122.027474569222193, 36.951630560732745 ], [ -122.027473732669719, 36.951630228340015 ], [ -122.027473015433529, 36.951629965577936 ], [ -122.027472515157953, 36.951629770266102 ], [ -122.027472311393211, 36.951629689125177 ], [ -122.027472120086571, 36.951629613228185 ], [ -122.027471802247092, 36.951629499336647 ], [ -122.027451491903861, 36.951626127323543 ], [ -122.027441919251572, 36.951625450673561 ], [ -122.027440212568521, 36.951625343260929 ], [ -122.0274306964793, 36.951624742469924 ], [ -122.027429123582337, 36.951624643217549 ], [ -122.027428714865792, 36.951624588192338 ], [ -122.027425967594866, 36.951624219549593 ], [ -122.027425898880594, 36.951624208734344 ], [ -122.027423567061575, 36.951623895028519 ], [ -122.027419514271358, 36.951622936989615 ], [ -122.027419156642864, 36.951622854259526 ], [ -122.027418674909867, 36.951622742514878 ], [ -122.027418493188421, 36.951622696231404 ], [ -122.027418162611283, 36.951622618554069 ], [ -122.027413074047047, 36.951620863015812 ], [ -122.027412988109575, 36.951620833501252 ], [ -122.02741295193114, 36.95162082135861 ], [ -122.027409760020561, 36.951619790761029 ], [ -122.027409451473176, 36.951619692067759 ], [ -122.027409184698627, 36.951619604542699 ], [ -122.027407849317655, 36.951619368802938 ], [ -122.027405410700553, 36.951618938440333 ], [ -122.027405177433053, 36.951618897338022 ], [ -122.02740447394163, 36.951618868703953 ], [ -122.027402919757023, 36.951618806154769 ], [ -122.027401149784552, 36.951618733815749 ], [ -122.027401082376073, 36.951618731995261 ], [ -122.027399459549301, 36.951618883025283 ], [ -122.027399415916108, 36.951618890806401 ], [ -122.027399376681501, 36.951618894023909 ], [ -122.027397785468466, 36.951619274442315 ], [ -122.027397729633705, 36.95161928959277 ], [ -122.027396287225102, 36.951619864520538 ], [ -122.027396239431468, 36.951619888577511 ], [ -122.027396198299869, 36.951619908942412 ], [ -122.027394967600529, 36.951620624385413 ], [ -122.027394871055606, 36.951620680622547 ], [ -122.027394822304316, 36.951620712802743 ], [ -122.027393652899931, 36.951621681577414 ], [ -122.027393622127875, 36.951621714423268 ], [ -122.027392654970996, 36.951622855378673 ], [ -122.027386150558456, 36.95163302937074 ], [ -122.027385516096501, 36.951634020876817 ], [ -122.027384486774892, 36.951636411691176 ], [ -122.027384455668198, 36.951636483292447 ], [ -122.027380569915366, 36.95164550550848 ], [ -122.027380545214157, 36.951645560804451 ], [ -122.027380519591958, 36.951645626025517 ], [ -122.027380410276251, 36.951645882493359 ], [ -122.027379437519684, 36.951649563967223 ], [ -122.027379394516743, 36.95164993401707 ], [ -122.027379336544342, 36.951650396184043 ], [ -122.027379302948276, 36.951650731865598 ], [ -122.027379300386784, 36.951650771551371 ], [ -122.02737929344498, 36.951650816701651 ], [ -122.027378868361765, 36.95165498124652 ], [ -122.027378702667633, 36.95165660645425 ], [ -122.027378686727104, 36.951656650821214 ], [ -122.027377970473211, 36.951658589644659 ], [ -122.027377521566777, 36.951659760759611 ], [ -122.027377503307761, 36.951659801552168 ], [ -122.027377379723603, 36.9516601294007 ], [ -122.027377363654779, 36.951660167461 ], [ -122.027377292107843, 36.951660348635592 ], [ -122.027377215232633, 36.951660433453021 ], [ -122.027377150485776, 36.951660507297305 ], [ -122.027376967085971, 36.95166070976326 ], [ -122.027376094219576, 36.951661683665016 ], [ -122.027374938993518, 36.951662963163173 ], [ -122.027374880523936, 36.951663014395507 ], [ -122.027374806576702, 36.951663077546122 ], [ -122.027374776853932, 36.951663106773466 ], [ -122.02737471641403, 36.95166317154947 ], [ -122.027374674562964, 36.95166321174991 ], [ -122.027374637073891, 36.951663245584932 ], [ -122.027374579080671, 36.95166332024192 ], [ -122.02737415456383, 36.951663592554297 ], [ -122.027373984181537, 36.951663717347621 ], [ -122.027373594445677, 36.951663988303189 ], [ -122.027373559036818, 36.951664014000215 ], [ -122.027373387440321, 36.951664134303549 ], [ -122.027372379356237, 36.951664643161934 ], [ -122.027371864833071, 36.951664906740312 ], [ -122.027371801488457, 36.951664939111616 ], [ -122.027367782585841, 36.951666972566663 ], [ -122.027367356804689, 36.951667182713663 ], [ -122.027367171151184, 36.951667274363174 ], [ -122.027366826510672, 36.951667443795024 ], [ -122.027366169490818, 36.951667767817185 ], [ -122.027362121976708, 36.95166933302977 ], [ -122.027362078545011, 36.951669350721275 ], [ -122.027361924804396, 36.951669410411171 ], [ -122.027358527251053, 36.951670359709517 ], [ -122.027357457610464, 36.951670657595265 ], [ -122.027355524903413, 36.951671196589487 ], [ -122.027353469856919, 36.951671517296717 ], [ -122.027352942670376, 36.951671599902383 ], [ -122.027350907774988, 36.951671917642052 ], [ -122.027349935128939, 36.951672070968485 ], [ -122.027348889699709, 36.951672234260165 ], [ -122.027345499193203, 36.951672370595496 ], [ -122.027344785629978, 36.951672398867771 ], [ -122.027342149080553, 36.951672505500348 ], [ -122.027340088758493, 36.951672345944012 ], [ -122.027339954899077, 36.951672334179719 ], [ -122.027339826707362, 36.951672325044733 ], [ -122.027337580436395, 36.951671856113606 ], [ -122.027337549815783, 36.951671841194525 ], [ -122.027336517553337, 36.951671492439665 ], [ -122.027335448965886, 36.951671124334489 ], [ -122.027335329851269, 36.951671064614125 ], [ -122.027335157408288, 36.951670977655539 ], [ -122.027335045065627, 36.951670919648876 ], [ -122.027333482939397, 36.951670135352266 ], [ -122.027333184504741, 36.951669926581552 ], [ -122.027333054737397, 36.951669839965163 ], [ -122.027332604767025, 36.95166952323472 ], [ -122.027331730054016, 36.951668915577777 ], [ -122.027331171599826, 36.951668399303763 ], [ -122.02732756563374, 36.951665063485322 ], [ -122.027326960256943, 36.9516645036678 ], [ -122.027325207094748, 36.951662883769977 ], [ -122.02731970892259, 36.951656225730886 ], [ -122.027317222367856, 36.95165310685347 ], [ -122.027317021875746, 36.951652855345174 ], [ -122.027313134176794, 36.951647978582855 ], [ -122.027312530345526, 36.951647218681657 ], [ -122.027306631697527, 36.951641186805517 ], [ -122.027306594969474, 36.951641147634376 ], [ -122.027304306136955, 36.951638806594353 ], [ -122.027297190703891, 36.951632241834069 ], [ -122.02729007862149, 36.951625676128245 ], [ -122.027285244793731, 36.951621207379468 ], [ -122.027280409843939, 36.951616738645178 ], [ -122.027276401982832, 36.951612854761073 ], [ -122.027271474367936, 36.951608080836785 ], [ -122.027269213293394, 36.951605889930654 ], [ -122.027257568628457, 36.951594594689233 ], [ -122.027255818207635, 36.951593219877225 ], [ -122.027255398290691, 36.951592890136254 ], [ -122.027254698586773, 36.951592495569919 ], [ -122.027254448692531, 36.951592354653364 ], [ -122.027253971611714, 36.951592085139488 ], [ -122.027253701273267, 36.951591932775329 ], [ -122.027252914106384, 36.951591488888205 ], [ -122.027250176359061, 36.951590428906457 ], [ -122.02724964039561, 36.951590300748904 ], [ -122.027248673452988, 36.951590071896682 ], [ -122.027248636225337, 36.951590063372457 ], [ -122.027247262005488, 36.95158973982327 ], [ -122.027246816428018, 36.95158969429216 ], [ -122.027246778187759, 36.95158969118831 ], [ -122.027246741051727, 36.951589687168791 ], [ -122.027246351748758, 36.951589648110065 ], [ -122.027245790272943, 36.951589590579225 ], [ -122.027245008281056, 36.951589511604865 ], [ -122.027244361362591, 36.951589448884945 ], [ -122.027244265743576, 36.951589440224353 ], [ -122.027244233134411, 36.951589437947923 ], [ -122.027241822943097, 36.951589300996439 ], [ -122.0272417857704, 36.951589295175054 ], [ -122.027241305563521, 36.951589203235848 ], [ -122.027240258382989, 36.951589004272499 ], [ -122.027239428735626, 36.951588845716714 ], [ -122.02723934957028, 36.951588817915692 ], [ -122.027239226350289, 36.951588777173953 ], [ -122.027238856635492, 36.951588652245853 ], [ -122.027238768453017, 36.951588622760546 ], [ -122.02723717323741, 36.951588088524822 ], [ -122.027237012166879, 36.951588008626672 ], [ -122.027236894156673, 36.951587947990561 ], [ -122.027236737686351, 36.951587873439223 ], [ -122.027236546989613, 36.951587772300655 ], [ -122.027236461881685, 36.951587728356131 ], [ -122.027235100594609, 36.951587046866329 ], [ -122.027234876189482, 36.95158688939452 ], [ -122.027234740626355, 36.95158679384204 ], [ -122.027234418215613, 36.951586565559055 ], [ -122.027234032025461, 36.951586293052173 ], [ -122.02723326196363, 36.95158575161269 ], [ -122.027232962911668, 36.951585457237101 ], [ -122.027232856370219, 36.951585353193835 ], [ -122.027232366003659, 36.951584872075024 ], [ -122.027231710690927, 36.951584230903151 ], [ -122.027230703839223, 36.951582922951935 ], [ -122.027230516548471, 36.951582602780377 ], [ -122.027230159245065, 36.951581983839397 ], [ -122.027228866107606, 36.951579628854518 ], [ -122.027228724012375, 36.951579322509943 ], [ -122.027227838232079, 36.951577397462394 ], [ -122.027227584775375, 36.951576970916328 ], [ -122.027227544075146, 36.951576902058015 ], [ -122.027227213891379, 36.951576346746073 ], [ -122.027225267353572, 36.95157316852454 ], [ -122.027225214433443, 36.951573106134695 ], [ -122.027225153453855, 36.951573033937294 ], [ -122.027224082116945, 36.951571757471058 ], [ -122.027220932655084, 36.951568010135908 ], [ -122.027219855217425, 36.951567041054119 ], [ -122.027219433207236, 36.951566663577552 ], [ -122.027218351132859, 36.951565687347042 ], [ -122.027218152161936, 36.951565510617115 ], [ -122.027217524225591, 36.951564945687444 ], [ -122.027215770824981, 36.951563369048131 ], [ -122.027213421607541, 36.951561757857299 ], [ -122.027213021928645, 36.951561484625806 ], [ -122.027209875635322, 36.951559328744416 ], [ -122.027209566896872, 36.951559110195312 ], [ -122.02720747638935, 36.951557631694868 ], [ -122.027207422804736, 36.95155759184334 ], [ -122.027205097679371, 36.951555950597623 ], [ -122.027204307028995, 36.951555169712037 ], [ -122.027204175278357, 36.951555040765719 ], [ -122.027203087894705, 36.951553969078802 ], [ -122.027203051185126, 36.951553930808629 ], [ -122.027202907915765, 36.9515537875942 ], [ -122.027202801337765, 36.951553681748941 ], [ -122.027201081477884, 36.951551987515835 ], [ -122.027200468751388, 36.951551121390537 ], [ -122.02720036247149, 36.951550974988024 ], [ -122.027198409897863, 36.951548217699255 ], [ -122.027197934712959, 36.951547544428685 ], [ -122.027197643750853, 36.951546930025806 ], [ -122.027196788637255, 36.951545132544837 ], [ -122.027196712409946, 36.951544973132073 ], [ -122.027196003918263, 36.951543483738824 ], [ -122.027195462154921, 36.951541579418233 ], [ -122.02719527956792, 36.951540938362569 ], [ -122.027195030550345, 36.951540067473239 ], [ -122.027195025327259, 36.951540031494204 ], [ -122.027194798256104, 36.951539245930192 ], [ -122.027194336250261, 36.951534913669306 ], [ -122.027194320769354, 36.95153475976921 ], [ -122.027194152501323, 36.951532890208654 ], [ -122.027194033062699, 36.951531544499097 ], [ -122.027193953276495, 36.951530657875352 ], [ -122.027193833715927, 36.951530244895558 ], [ -122.027193645442978, 36.951529600309634 ], [ -122.027193127554852, 36.951527820941237 ], [ -122.027192744809909, 36.951526503012644 ], [ -122.02719245373298, 36.951525938176452 ], [ -122.027192348379188, 36.95152572687639 ], [ -122.027190732022618, 36.951522551538979 ], [ -122.027182752227688, 36.951510309803851 ], [ -122.027176927904094, 36.95150213392624 ], [ -122.027165677920095, 36.951487937993939 ], [ -122.027163965745913, 36.95148573809395 ], [ -122.027163918457063, 36.951485676531448 ], [ -122.027158868270462, 36.951479181139348 ], [ -122.02715741892797, 36.951477316642887 ], [ -122.02715676374882, 36.951476240195795 ], [ -122.027150287452514, 36.951465599099258 ], [ -122.02714973216591, 36.951464686260842 ], [ -122.0271493984324, 36.951464121983271 ], [ -122.027146846101132, 36.95145981079299 ], [ -122.0271462977515, 36.951458907776747 ], [ -122.027145916710836, 36.951458281035791 ], [ -122.0271439201736, 36.951455570282548 ], [ -122.027143883207586, 36.951455519399111 ], [ -122.027143641888259, 36.951455192725597 ], [ -122.027143574893088, 36.951455100780841 ], [ -122.027142849399425, 36.951454210899058 ], [ -122.02714194304788, 36.951453096287104 ], [ -122.027140222530917, 36.951450983009998 ], [ -122.027130449740753, 36.951439302764285 ], [ -122.027120681480454, 36.951427624260923 ], [ -122.027117770062659, 36.951424318090304 ], [ -122.027105298004585, 36.951410156182625 ], [ -122.027104795307096, 36.95140951030762 ], [ -122.027104573987515, 36.951409228431451 ], [ -122.027099649260663, 36.951402938666625 ], [ -122.027099625045807, 36.951402907442251 ], [ -122.027098149975998, 36.951399887960861 ], [ -122.027097879679246, 36.951399295816735 ], [ -122.027097624726807, 36.951398740420288 ], [ -122.027097451943774, 36.951398360580178 ], [ -122.027097424897633, 36.951398300554942 ], [ -122.027097406740367, 36.951398235907334 ], [ -122.027097352168653, 36.951397926613879 ], [ -122.027097338593137, 36.951397866412186 ], [ -122.027097311722031, 36.951397704550551 ], [ -122.027097147122603, 36.95139678839729 ], [ -122.02709713073412, 36.951396700295653 ], [ -122.027096746534099, 36.95139442712798 ], [ -122.02709674129278, 36.951394390247984 ], [ -122.027096607083777, 36.951393588147383 ], [ -122.027092566044018, 36.951363497284873 ], [ -122.027090321074965, 36.951354256181922 ], [ -122.02708807610648, 36.951345015078914 ], [ -122.027085439148379, 36.951334166887179 ], [ -122.02708280219106, 36.95132331869533 ], [ -122.027081338500309, 36.951316882666447 ], [ -122.027076849125379, 36.95129715771651 ], [ -122.027075293110514, 36.951290322769921 ], [ -122.027073468861715, 36.951282886640271 ], [ -122.027071643545682, 36.951275453228085 ], [ -122.027071161587884, 36.951274225816043 ], [ -122.027071137946081, 36.951274167548569 ], [ -122.027070752819796, 36.951273560686985 ], [ -122.02707037464863, 36.951272964548579 ], [ -122.027069406866147, 36.951271921033225 ], [ -122.027069372438476, 36.951271884535487 ], [ -122.027068158751632, 36.951270951482051 ], [ -122.027067999377607, 36.951270844525837 ], [ -122.027067588493495, 36.951270572341834 ], [ -122.027066252205046, 36.951269684151043 ], [ -122.027066052992055, 36.951269550680991 ], [ -122.027064712140216, 36.95126865894521 ], [ -122.027062767944116, 36.951266975759083 ], [ -122.027062266203501, 36.951266542551458 ], [ -122.027061667305617, 36.951266025003562 ], [ -122.027060537438132, 36.951264741191856 ], [ -122.027059740915035, 36.951263836919708 ], [ -122.027059081254819, 36.951263092167423 ], [ -122.027054389414033, 36.951256327129045 ], [ -122.027050425440692, 36.951249243450555 ], [ -122.027048452197192, 36.95124469577253 ], [ -122.027048263389815, 36.951244080031408 ], [ -122.027048249021604, 36.951244036061411 ], [ -122.027048032581973, 36.951243331464674 ], [ -122.027046276812897, 36.95123727505559 ], [ -122.027045434954061, 36.951232539531887 ], [ -122.02704542647848, 36.951232454030176 ], [ -122.027045419143818, 36.951232369414676 ], [ -122.027044506193988, 36.951221541899635 ], [ -122.02704497411915, 36.951210040235416 ], [ -122.027045621304239, 36.951205035580877 ], [ -122.02704739783843, 36.951195214613136 ], [ -122.027049175549564, 36.951185396333493 ], [ -122.027050443798757, 36.951180397963768 ], [ -122.027051713170309, 36.951175399579348 ], [ -122.027053343360251, 36.951170585718302 ], [ -122.027054974709117, 36.951165773644519 ], [ -122.027054985311793, 36.951165742865292 ], [ -122.027055036263334, 36.951165598008117 ], [ -122.027057042581546, 36.951159788816852 ], [ -122.027059111576207, 36.951153803974435 ], [ -122.027061160078389, 36.951146148600479 ], [ -122.02706182212809, 36.951142758677491 ], [ -122.027062704634943, 36.95113822766848 ], [ -122.027064017246886, 36.951131490328677 ], [ -122.027064221666706, 36.951130444077315 ], [ -122.027064231779875, 36.951130334000077 ], [ -122.027064342690096, 36.951129161906131 ], [ -122.02706468369189, 36.951125555397283 ], [ -122.027064651926878, 36.951124987164555 ], [ -122.027064638275178, 36.951124757540811 ], [ -122.027064555490952, 36.951123281580294 ], [ -122.02706453570552, 36.951122915957683 ], [ -122.027064407815999, 36.951120657456777 ], [ -122.027063972478615, 36.951118575109241 ], [ -122.027063875540449, 36.951118114971358 ], [ -122.027063394382097, 36.951115822346296 ], [ -122.027061943508969, 36.951112114942319 ], [ -122.027061380313299, 36.951111199503593 ], [ -122.027060877523652, 36.951110383305434 ], [ -122.027059799928111, 36.951108632895689 ], [ -122.027058335395409, 36.951106959648641 ], [ -122.027057456016976, 36.951105956429977 ], [ -122.027057015748156, 36.951105453927056 ], [ -122.027056908359853, 36.951105363412488 ], [ -122.02705612335491, 36.951104694199209 ], [ -122.027055144182299, 36.951103863513026 ], [ -122.027054702678853, 36.951103576409835 ], [ -122.027053485135667, 36.951102784893095 ], [ -122.027053023188188, 36.951102486342208 ], [ -122.027052123864095, 36.951102048428751 ], [ -122.027051580648234, 36.951101784286195 ], [ -122.027050950079911, 36.951101476228317 ], [ -122.02705085260628, 36.951101431544465 ], [ -122.027050693763783, 36.951101350715632 ], [ -122.027048184302714, 36.951100472482814 ], [ -122.027048122324203, 36.951100461579117 ], [ -122.027047414431124, 36.951100326660665 ], [ -122.027044443094525, 36.951099760880389 ], [ -122.02704310339854, 36.951099533303804 ], [ -122.027042988495381, 36.951099514982573 ], [ -122.027042812681259, 36.951099483040167 ], [ -122.0270424092692, 36.951099412624025 ], [ -122.027041901930986, 36.951099421972195 ], [ -122.027041706387266, 36.951099413719021 ], [ -122.027041663712041, 36.951099413376774 ], [ -122.027041624386086, 36.951099412089441 ], [ -122.027041586201037, 36.951099411688404 ], [ -122.027041396398303, 36.951099409668295 ], [ -122.027040631794378, 36.951099412472878 ], [ -122.027036793608715, 36.951099453729931 ], [ -122.027029724170347, 36.95110050427968 ], [ -122.027029568593662, 36.951100528846951 ], [ -122.027022562432492, 36.951102261666925 ], [ -122.02702251103328, 36.951102274055543 ], [ -122.027015534597936, 36.951104530075185 ], [ -122.027012315447294, 36.951105803256688 ], [ -122.027002932108942, 36.951109519179042 ], [ -122.027002893131012, 36.951109535009699 ], [ -122.027002864164487, 36.951109546203256 ], [ -122.027002806286433, 36.951109571293351 ], [ -122.027002729508141, 36.951109605642799 ], [ -122.027002553921889, 36.951109695357488 ], [ -122.027002016139036, 36.951109974559003 ], [ -122.026999245255098, 36.951111425711382 ], [ -122.026999203037732, 36.951111447892799 ], [ -122.02699415902525, 36.951114090444975 ], [ -122.026993462384397, 36.951114453734967 ], [ -122.026993430196825, 36.951114472180258 ], [ -122.026985134585146, 36.951120381762586 ], [ -122.026983904777325, 36.951121251292513 ], [ -122.026983562763093, 36.951121494586147 ], [ -122.026983121129689, 36.95112180857587 ], [ -122.026982239976988, 36.951122264400908 ], [ -122.02698120883673, 36.951122798791118 ], [ -122.026980875496662, 36.951122971678579 ], [ -122.026980123086531, 36.951123242876662 ], [ -122.026980019440273, 36.95112328118271 ], [ -122.026979682756064, 36.951123400042817 ], [ -122.026979436448968, 36.951123490683649 ], [ -122.02697861828446, 36.951123786173753 ], [ -122.026978437713382, 36.951123851621652 ], [ -122.026975875760854, 36.951124423182684 ], [ -122.026961432702265, 36.951126143451347 ], [ -122.02695948030788, 36.95112637629353 ], [ -122.026927941978286, 36.951129538846956 ], [ -122.026922765230807, 36.951130181599012 ], [ -122.026920811933394, 36.951130425266641 ], [ -122.026913703180156, 36.951131309604683 ], [ -122.026909128784794, 36.951131921938092 ], [ -122.026904542059583, 36.951132535333954 ], [ -122.026904499530801, 36.951132542199247 ], [ -122.026904441377951, 36.951132553775047 ], [ -122.026903966198375, 36.951132653721338 ], [ -122.02690231809629, 36.951132997028296 ], [ -122.026902184452453, 36.951133051047265 ], [ -122.026902139898411, 36.951133068753307 ], [ -122.026900304105041, 36.951133845285376 ], [ -122.026898431725456, 36.95113464482619 ], [ -122.026898387207993, 36.951134664334063 ], [ -122.026898341604692, 36.951134685658594 ], [ -122.026898309343736, 36.951134700500056 ], [ -122.026898282732219, 36.95113471706992 ], [ -122.026896314645185, 36.951136055872439 ], [ -122.026895974710811, 36.951136291027908 ], [ -122.026892857148923, 36.951138419002895 ], [ -122.02689180659479, 36.951139324034237 ], [ -122.026891772381759, 36.951139353320244 ], [ -122.026891444625406, 36.951139635177931 ], [ -122.026888462831778, 36.95114220025264 ], [ -122.026888436366789, 36.9511422240301 ], [ -122.026888022516701, 36.951142579110154 ], [ -122.026887993843204, 36.951142604718868 ], [ -122.02688945577863, 36.951131336963378 ], [ -122.026889488458266, 36.951131177025403 ], [ -122.026891970565032, 36.951119001031785 ], [ -122.026892899666322, 36.951115932940922 ], [ -122.026894213923143, 36.951111595441461 ], [ -122.026895417546939, 36.951108775186498 ], [ -122.026897288777278, 36.951104384432455 ], [ -122.026898241459605, 36.951102586705751 ], [ -122.026909880748008, 36.951080596726804 ], [ -122.026910990228359, 36.951078503159728 ], [ -122.026911981874932, 36.951077020337948 ], [ -122.026912957159382, 36.951075561161247 ], [ -122.026917604659431, 36.951068603517101 ], [ -122.026917898901075, 36.951068164390598 ], [ -122.026918208719721, 36.95106782869653 ], [ -122.026935851170279, 36.951048731309157 ], [ -122.026936014858464, 36.951048553434077 ], [ -122.026947565080278, 36.951039580454733 ], [ -122.026957563234703, 36.951031808355033 ], [ -122.026957623009793, 36.95103176611758 ], [ -122.026957657314313, 36.951031741336301 ], [ -122.026957731590983, 36.951031694403042 ], [ -122.02695814073806, 36.951031439416028 ], [ -122.026958330386194, 36.951031323382828 ], [ -122.026970862497819, 36.951023756910701 ], [ -122.026995752105904, 36.951010639499941 ], [ -122.026995840036307, 36.951010601399723 ], [ -122.027005457548569, 36.951006530046932 ], [ -122.027011533739397, 36.95100395688511 ], [ -122.027011689595781, 36.951003890859639 ], [ -122.027012487840892, 36.951003665021567 ], [ -122.027028705856367, 36.950999061133579 ], [ -122.02704163596826, 36.950995386171755 ], [ -122.027042340413544, 36.950995185893994 ], [ -122.02704559471195, 36.950994261010464 ], [ -122.027046918340758, 36.950993698456863 ], [ -122.027061458307088, 36.950987523244059 ], [ -122.027061623661865, 36.950987427354974 ], [ -122.027070084042265, 36.950982553775901 ], [ -122.027073135780569, 36.950980281567105 ], [ -122.027073349263475, 36.950980122865758 ], [ -122.027075903218503, 36.950978219453553 ], [ -122.027076029320654, 36.95097812588093 ], [ -122.027077878726629, 36.950976748977482 ], [ -122.027084373703431, 36.950970529533087 ], [ -122.027084708528463, 36.950970208831258 ], [ -122.027085744782028, 36.950968876823005 ], [ -122.027087234010196, 36.950966960320187 ], [ -122.027089306498837, 36.950964295402727 ], [ -122.027089593074578, 36.950963755443283 ], [ -122.027091220757782, 36.950960696224811 ], [ -122.027092716454362, 36.950957882956544 ], [ -122.027092933886976, 36.95095720061407 ], [ -122.027094403676259, 36.950952560979964 ], [ -122.027094858495857, 36.950951128444622 ], [ -122.027095047758877, 36.950949999482567 ], [ -122.027095391410512, 36.950947959201116 ], [ -122.027095571761265, 36.950946888932904 ], [ -122.027095851245463, 36.950945227089107 ], [ -122.027095901208526, 36.950944426180996 ], [ -122.027095969853946, 36.950943384411474 ], [ -122.027096305740315, 36.950936765302906 ], [ -122.027096315840211, 36.950936599352254 ], [ -122.027096367184384, 36.950935590252051 ], [ -122.027093953665812, 36.950906627988346 ], [ -122.027081021056574, 36.950847556073228 ], [ -122.027077461126169, 36.950838695371402 ], [ -122.027077313242046, 36.950838325118255 ], [ -122.027076997456376, 36.950837538913639 ], [ -122.027071963164275, 36.950829669001109 ], [ -122.027071582731949, 36.95082907199118 ], [ -122.027071009838281, 36.950828176505638 ], [ -122.027062218096816, 36.950817690996793 ], [ -122.027061218111598, 36.950816499207505 ], [ -122.027057178725826, 36.950812221911086 ], [ -122.02705712817972, 36.950812165798332 ], [ -122.027055736213242, 36.950810692565575 ], [ -122.027047788441465, 36.950802229980027 ], [ -122.027046716197475, 36.950800963437338 ], [ -122.02703822903463, 36.950790933542805 ], [ -122.027034736564048, 36.950786329161453 ], [ -122.027025754457853, 36.950774488055131 ], [ -122.027025735965907, 36.950774462162919 ], [ -122.02702412647163, 36.950772341122047 ], [ -122.02700750613657, 36.95075025172698 ], [ -122.026988784955364, 36.950730370715263 ], [ -122.026988277744621, 36.95072983394256 ], [ -122.026988252627277, 36.950729813544228 ], [ -122.026988098684058, 36.950729697504954 ], [ -122.026964018739264, 36.950711445723989 ], [ -122.026963553293513, 36.950711195882704 ], [ -122.026963363721933, 36.950711094729009 ], [ -122.026958976103501, 36.950708742418477 ], [ -122.026957500308981, 36.950707950678222 ], [ -122.026957418588182, 36.950707907590335 ], [ -122.026953590105691, 36.950706547372818 ], [ -122.026950203853929, 36.950705344478308 ], [ -122.026950166553505, 36.950705332350196 ], [ -122.026947919557642, 36.950704881445226 ], [ -122.026947761705301, 36.950704849267439 ], [ -122.026945577920017, 36.950704414657146 ], [ -122.026945526063074, 36.950704404522014 ], [ -122.026942460600864, 36.950703792209232 ], [ -122.026942142389316, 36.950703770242242 ], [ -122.026941916482997, 36.950703759682952 ], [ -122.026941281127577, 36.950703713031359 ], [ -122.02693246941628, 36.950703123703839 ], [ -122.026931764989044, 36.950703159063607 ], [ -122.026931581001534, 36.950703166880274 ], [ -122.02693153497718, 36.950703167483006 ], [ -122.026925683017907, 36.950703458603662 ], [ -122.026923809741021, 36.950703550725379 ], [ -122.026923361070928, 36.950703573723708 ], [ -122.026922463694092, 36.950703617918599 ], [ -122.02691452199258, 36.950704952043388 ], [ -122.026913171329937, 36.950705178807048 ], [ -122.026913079555925, 36.950705193526709 ], [ -122.026912666637187, 36.950705262918575 ], [ -122.026904708099877, 36.950707536299497 ], [ -122.026901745849315, 36.950708742129571 ], [ -122.026901684567193, 36.950708765461762 ], [ -122.026899812551406, 36.950709527148106 ], [ -122.026899284677725, 36.950709741333995 ], [ -122.026897185494306, 36.950710596113908 ], [ -122.026890217888607, 36.950714389435021 ], [ -122.026880704727702, 36.950721382861033 ], [ -122.026879471204282, 36.950722290288411 ], [ -122.026879234710805, 36.950722532199876 ], [ -122.026875392694009, 36.950726471133699 ], [ -122.026870715717038, 36.9507312600063 ], [ -122.026870687135357, 36.950731290119762 ], [ -122.026870494701058, 36.95073148999969 ], [ -122.026869957684355, 36.950732248621811 ], [ -122.026869862697069, 36.950732381438989 ], [ -122.026863679109312, 36.950741103894345 ], [ -122.026863373478321, 36.95074153505923 ], [ -122.026859133938771, 36.950747515879755 ], [ -122.026858002366779, 36.950749737704065 ], [ -122.026857908441769, 36.950749922776119 ], [ -122.02685061698881, 36.950764242589329 ], [ -122.02685059217761, 36.950764292479512 ], [ -122.026850444286552, 36.95076458459824 ], [ -122.026850403382838, 36.950764726620172 ], [ -122.02685038841814, 36.950764763764774 ], [ -122.026850352193108, 36.950764859764924 ], [ -122.026848178669709, 36.950771392091276 ], [ -122.02684767702398, 36.950772896432518 ], [ -122.026847078502897, 36.950776373838472 ], [ -122.026846430856452, 36.950780141168636 ], [ -122.026846210972508, 36.95078142102939 ], [ -122.026846141073335, 36.950785715197249 ], [ -122.026846116808045, 36.950787172733598 ], [ -122.026846079409125, 36.950789530727235 ], [ -122.026846071485579, 36.950790024681176 ], [ -122.026846719450774, 36.950798479238259 ], [ -122.02684912855446, 36.950817177049075 ], [ -122.026849132782985, 36.950817219349432 ], [ -122.02684919197408, 36.950817700709088 ], [ -122.026849202383147, 36.950817770865328 ], [ -122.02684924477019, 36.950818088429088 ], [ -122.026849281732979, 36.950818360103391 ], [ -122.026849290708071, 36.950818414958221 ], [ -122.026850367173509, 36.950825909547362 ], [ -122.026850371182235, 36.950825941036371 ], [ -122.026850583127143, 36.950828965346332 ], [ -122.026851263362431, 36.950838565339453 ], [ -122.026851336310301, 36.950839612914706 ], [ -122.026851593384947, 36.950850822110738 ], [ -122.026851850459693, 36.950862031306762 ], [ -122.026851941353584, 36.950867938295175 ], [ -122.026852032320761, 36.950873848887447 ], [ -122.026851966655428, 36.950882548900758 ], [ -122.026851899757702, 36.950891243523039 ], [ -122.026850845554179, 36.950920081778946 ], [ -122.026850833007217, 36.95092023784855 ], [ -122.026850814713967, 36.950920442657427 ], [ -122.026850417318286, 36.950925197114451 ], [ -122.026849941303752, 36.950927686116934 ], [ -122.02684990680028, 36.950927866806062 ], [ -122.026848719835755, 36.950934102339218 ], [ -122.026848688168727, 36.950934256856797 ], [ -122.026848632088246, 36.950934536057844 ], [ -122.026848626048931, 36.950934570381996 ], [ -122.026848558261435, 36.95093488127786 ], [ -122.026848546018087, 36.950934941817728 ], [ -122.026848524605796, 36.950935048438126 ], [ -122.02684848027414, 36.950935242773745 ], [ -122.026848271008646, 36.950935940329003 ], [ -122.026848164609575, 36.95093628507442 ], [ -122.026848002616802, 36.950936822500559 ], [ -122.026844012880417, 36.950950065414844 ], [ -122.026842930510327, 36.950953658200547 ], [ -122.026839189972449, 36.950964080742288 ], [ -122.026838945541385, 36.950964760734301 ], [ -122.026834044770723, 36.950974946137293 ], [ -122.026833471568239, 36.950976134197859 ], [ -122.026833358481014, 36.950976370888483 ], [ -122.026831736931527, 36.950978682939272 ], [ -122.026828109775948, 36.950983857287952 ], [ -122.026828012671345, 36.95098399644111 ], [ -122.02682575276414, 36.950987218938977 ], [ -122.026822549964791, 36.950990511460155 ], [ -122.026822285974347, 36.950990781668331 ], [ -122.026821818543169, 36.950991262714759 ], [ -122.026819991454872, 36.950992633013485 ], [ -122.026819481578841, 36.950993014584014 ], [ -122.026818070323515, 36.950994072132708 ], [ -122.026817767305559, 36.950994300496227 ], [ -122.026817146841196, 36.950994765522871 ], [ -122.026814504721472, 36.950996198763328 ], [ -122.026814368186365, 36.950996276250933 ], [ -122.026811862601619, 36.950997632003684 ], [ -122.026808878905058, 36.950998777732579 ], [ -122.026808710169334, 36.950998817792019 ], [ -122.026808557112659, 36.950998855843771 ], [ -122.026808198422586, 36.950998941647647 ], [ -122.026804652250362, 36.950999759500668 ], [ -122.026804359424489, 36.95099982641829 ], [ -122.026802530895509, 36.950999910742468 ], [ -122.026801884599919, 36.950999933624715 ], [ -122.026801642184154, 36.950999939502744 ], [ -122.026801405642843, 36.950999902948034 ], [ -122.026801351577234, 36.950999894644177 ], [ -122.026800735362997, 36.950999795472306 ], [ -122.026798965262117, 36.950999495125828 ], [ -122.026796245547843, 36.950998547546028 ], [ -122.026796105990684, 36.950998476377436 ], [ -122.026795955061559, 36.950998398148222 ], [ -122.026795879026494, 36.950998358590553 ], [ -122.026793743750076, 36.950997272685406 ], [ -122.026793368936666, 36.950997007237596 ], [ -122.026793278954798, 36.950996944431679 ], [ -122.026793210612794, 36.950996896662552 ], [ -122.026793041984575, 36.950996776309353 ], [ -122.026792660380806, 36.950996508246909 ], [ -122.026792593143043, 36.950996459562184 ], [ -122.026791533713691, 36.950995712833929 ], [ -122.026791506314552, 36.950995690663028 ], [ -122.026791028760613, 36.950995231904372 ], [ -122.02679092231223, 36.950995132365414 ], [ -122.026790664518657, 36.95099487890306 ], [ -122.026790458393677, 36.950994681538837 ], [ -122.026790427443828, 36.950994650402599 ], [ -122.026789636047468, 36.950993887547831 ], [ -122.026789609661023, 36.950993859956583 ], [ -122.026789135087768, 36.950993216415618 ], [ -122.026789048387315, 36.950993094088403 ], [ -122.026788977067625, 36.95099301031081 ], [ -122.026788782948003, 36.950992740694453 ], [ -122.02678875520094, 36.950992701405603 ], [ -122.0267886108346, 36.950992504133879 ], [ -122.026788587760862, 36.950992473795651 ], [ -122.026788566913879, 36.950992442527117 ], [ -122.026788118154002, 36.950991853620501 ], [ -122.026788061061112, 36.950991751632863 ], [ -122.026787685172991, 36.950990991447711 ], [ -122.02678764544946, 36.950990915367072 ], [ -122.026787528359293, 36.950990678987139 ], [ -122.026787501460021, 36.950990626169371 ], [ -122.02678737873876, 36.950990388961969 ], [ -122.026787356201496, 36.950990329778769 ], [ -122.026787311694775, 36.950990239341756 ], [ -122.02678726014139, 36.950990133676818 ], [ -122.026787007835338, 36.950989653043592 ], [ -122.026786987250134, 36.950989579415875 ], [ -122.026786965890395, 36.950989522920807 ], [ -122.026786707019752, 36.950988608902868 ], [ -122.026786653982839, 36.950988430261233 ], [ -122.026786555931679, 36.950988080983635 ], [ -122.026786506390607, 36.950987908604588 ], [ -122.026786488105458, 36.950987837650295 ], [ -122.026786474768372, 36.950987789160884 ], [ -122.026786434830441, 36.950987647296387 ], [ -122.02678633430908, 36.950987342209302 ], [ -122.026786329293003, 36.95098726116818 ], [ -122.026786314265621, 36.950987184764116 ], [ -122.026786234581692, 36.950986247672411 ], [ -122.026786113267192, 36.950984974983292 ], [ -122.026786126858283, 36.950984870267689 ], [ -122.026786126442346, 36.950984794573458 ], [ -122.02678635024381, 36.950982602660794 ], [ -122.026786414174737, 36.950982212511029 ], [ -122.026787680879281, 36.950974872882078 ], [ -122.026787858507873, 36.950973834191565 ], [ -122.026788285370671, 36.95097135754844 ], [ -122.026788276662671, 36.950971205361967 ], [ -122.026788211461351, 36.950968937028122 ], [ -122.026788210702748, 36.950968789243475 ], [ -122.02678806343755, 36.950962981222482 ], [ -122.026788058895335, 36.95096275778775 ], [ -122.026787986122059, 36.9509600065171 ], [ -122.026787961619746, 36.950959905905044 ], [ -122.026787470577091, 36.950957734167474 ], [ -122.026787264411453, 36.950956816755756 ], [ -122.026786034257583, 36.950951372575453 ], [ -122.026785988620645, 36.950951171307331 ], [ -122.026785456944182, 36.950948823469247 ], [ -122.026783950763487, 36.950945377229246 ], [ -122.026783830622378, 36.950945101236982 ], [ -122.026780776054764, 36.950938120993314 ], [ -122.026764559045944, 36.950909744111257 ], [ -122.026761613366872, 36.950905247913653 ], [ -122.026758667614857, 36.950900748112169 ], [ -122.026757831430771, 36.950899770460104 ], [ -122.026751914699375, 36.950892843916222 ], [ -122.026750872419086, 36.950891946464964 ], [ -122.026750521606402, 36.950891646457634 ], [ -122.026743759747092, 36.950885843044091 ], [ -122.026743407665393, 36.950885535843959 ], [ -122.026739418398805, 36.950882066244716 ], [ -122.026738102720074, 36.950880920942303 ], [ -122.026736326394683, 36.950879375236724 ], [ -122.02673515178094, 36.950877933399184 ], [ -122.026730321119928, 36.950872014578167 ], [ -122.026724372166385, 36.950861735139924 ], [ -122.026724049154495, 36.950860924696961 ], [ -122.026722627789951, 36.950857342167666 ], [ -122.026720334420617, 36.950851572161632 ], [ -122.026720083473862, 36.950850937407594 ], [ -122.026719580069738, 36.950848930748734 ], [ -122.026719223330687, 36.950847510644145 ], [ -122.026719193990374, 36.950847392972932 ], [ -122.026719088880085, 36.950846972594 ], [ -122.02671773999397, 36.950841597556845 ], [ -122.026716337283915, 36.950836005137326 ], [ -122.026714345103187, 36.950820857946745 ], [ -122.026713039158381, 36.950792794076342 ], [ -122.026713429231748, 36.950776797414463 ], [ -122.026713432146892, 36.950776719874263 ], [ -122.026713440555113, 36.950776360190773 ], [ -122.026713531083516, 36.950775345170527 ], [ -122.026714977748583, 36.950759900618458 ], [ -122.026716328698598, 36.950745436909365 ], [ -122.026716513080899, 36.950743459995415 ], [ -122.026716831213236, 36.950741655259066 ], [ -122.02671868257282, 36.950731205190344 ], [ -122.026718886049423, 36.950730057117894 ], [ -122.026720373872649, 36.950724480919931 ], [ -122.026721862818249, 36.950718904707301 ], [ -122.026723355905787, 36.950713311317784 ], [ -122.026724849121294, 36.950707724234945 ], [ -122.026728432873668, 36.950689754511011 ], [ -122.026728742833185, 36.950688155352175 ], [ -122.026730513664603, 36.950678991429633 ], [ -122.026730970990457, 36.950676632443304 ], [ -122.026732591416987, 36.950668244609361 ], [ -122.026733042586429, 36.950666742731997 ], [ -122.026736673555433, 36.950654631002784 ], [ -122.026736921644854, 36.950653799563796 ], [ -122.026744626239321, 36.950630417423959 ], [ -122.026750119035299, 36.950600582913232 ], [ -122.026750097621488, 36.950598811460992 ], [ -122.026750085474191, 36.950597882496801 ], [ -122.026750079530316, 36.950597313925954 ], [ -122.026749923126616, 36.950596579704673 ], [ -122.026749909240195, 36.950596504186827 ], [ -122.026749895353731, 36.950596428669044 ], [ -122.026749865647176, 36.950596292978851 ], [ -122.026749642417428, 36.950595254130434 ], [ -122.026749481157267, 36.950594501948991 ], [ -122.026749394172739, 36.950594089443413 ], [ -122.026749023855444, 36.950593216536966 ], [ -122.026748665239765, 36.950592366908133 ], [ -122.026748082626696, 36.950590993018416 ], [ -122.026743429385661, 36.950583140632403 ], [ -122.026728452659981, 36.950560757518765 ], [ -122.026728240714633, 36.950560439471694 ], [ -122.026726014143264, 36.950557236972799 ], [ -122.026702229580096, 36.950523019457016 ], [ -122.026702212229182, 36.950522994451028 ], [ -122.026700955417482, 36.950521375254638 ], [ -122.026700261259379, 36.950520479552864 ], [ -122.026699677850644, 36.950519729294342 ], [ -122.026695932060349, 36.950515586924332 ], [ -122.02669234937845, 36.950511735304019 ], [ -122.026688762170181, 36.950507881940588 ], [ -122.026683301729051, 36.950501471206053 ], [ -122.026677841288858, 36.950495060471326 ], [ -122.026660308094677, 36.950474013038551 ], [ -122.026653126721584, 36.950466571349473 ], [ -122.026652515312591, 36.950465935006832 ], [ -122.026652141379245, 36.950465546985789 ], [ -122.026649298365697, 36.950463172636759 ], [ -122.026646236106728, 36.950460618217598 ], [ -122.026645734593686, 36.950460195819566 ], [ -122.026645709458222, 36.950460174520217 ], [ -122.02664289728483, 36.950457825901651 ], [ -122.026642218463138, 36.950457242710478 ], [ -122.026615352531834, 36.950434110465892 ], [ -122.026614657701955, 36.950433513065235 ], [ -122.026612397848027, 36.950430882352258 ], [ -122.026611939094437, 36.950430353955412 ], [ -122.026611824093351, 36.950430220283216 ], [ -122.026611206418451, 36.950429496607306 ], [ -122.026610079371196, 36.950428184817874 ], [ -122.026609733190469, 36.95042778111312 ], [ -122.026609067174633, 36.950426667856497 ], [ -122.026607979245597, 36.950424849989226 ], [ -122.026605978898189, 36.950421507545769 ], [ -122.026605653594956, 36.950420639456659 ], [ -122.02660468705011, 36.95041805399152 ], [ -122.026603484263944, 36.950414838986731 ], [ -122.026603365546919, 36.950414135813361 ], [ -122.026602641396494, 36.950409886287851 ], [ -122.026602309943229, 36.950407942262643 ], [ -122.026601902876379, 36.950405426974086 ], [ -122.026601521391925, 36.950403065453401 ], [ -122.026600717661864, 36.950400756323099 ], [ -122.026600431312616, 36.950399926474915 ], [ -122.026599874470719, 36.950398328752804 ], [ -122.02659974503409, 36.950398092534357 ], [ -122.026598615117422, 36.950396031896481 ], [ -122.02659740479713, 36.950393827220267 ], [ -122.02659682830874, 36.950393085882531 ], [ -122.026596292208112, 36.95039239808716 ], [ -122.026595254470465, 36.950391060796143 ], [ -122.02659416144084, 36.950389654837778 ], [ -122.026592896219526, 36.950388450296167 ], [ -122.026592508078394, 36.950388081385817 ], [ -122.02659029252429, 36.950385972780602 ], [ -122.026590212353213, 36.950385895427083 ], [ -122.026589371428955, 36.950385291828475 ], [ -122.02658669257896, 36.950383370427694 ], [ -122.026586470350608, 36.950383209321458 ], [ -122.026583819496821, 36.950381781404261 ], [ -122.026582301665954, 36.950380964976581 ], [ -122.026582162476387, 36.950380911826691 ], [ -122.026580401372897, 36.950380224750369 ], [ -122.026577785774251, 36.950379205510082 ], [ -122.026576958355619, 36.950378990145794 ], [ -122.026576680672378, 36.950378918081945 ], [ -122.026573010947871, 36.950377964912228 ], [ -122.026570841146551, 36.950377665289949 ], [ -122.026570570894521, 36.950377627373832 ], [ -122.026569975257644, 36.950377545955128 ], [ -122.026568737430594, 36.950377523411191 ], [ -122.026568434161547, 36.950377518370082 ], [ -122.026567364825425, 36.950377499027113 ], [ -122.026567263741853, 36.950377497647075 ], [ -122.026566894169662, 36.950377489869297 ], [ -122.026564849232386, 36.950377698683582 ], [ -122.026564003160999, 36.950377780955016 ], [ -122.026563958405887, 36.950377788750487 ], [ -122.026563837354672, 36.950377799347301 ], [ -122.026560869773462, 36.950378466329049 ], [ -122.026560649066965, 36.950378545819582 ], [ -122.026560585521665, 36.950378568280108 ], [ -122.026558258010098, 36.950379403513821 ], [ -122.026558214560666, 36.950379420304081 ], [ -122.026558058503753, 36.950379476418547 ], [ -122.026557667361587, 36.950379677998413 ], [ -122.026556966162048, 36.950380037740764 ], [ -122.026556556101468, 36.950380247679028 ], [ -122.026555615936374, 36.950380727704371 ], [ -122.026555548193869, 36.950380764638794 ], [ -122.026554510325568, 36.950381299113424 ], [ -122.026553350168101, 36.950381893766206 ], [ -122.02655210365748, 36.950382769818646 ], [ -122.026551356380637, 36.950383293279039 ], [ -122.026551328683325, 36.950383311665377 ], [ -122.026550537164127, 36.950383868147725 ], [ -122.026549142302201, 36.950384847976565 ], [ -122.026547937151506, 36.950385991139783 ], [ -122.026547638583224, 36.950386272614352 ], [ -122.026545777881509, 36.950388032661508 ], [ -122.026545739361737, 36.950388071015645 ], [ -122.026545528966892, 36.95038827113018 ], [ -122.026545014795659, 36.950388938431857 ], [ -122.026544857251707, 36.950389142360358 ], [ -122.026544814589712, 36.950389197891255 ], [ -122.026544467699026, 36.950389643113269 ], [ -122.026544088194228, 36.950390141031043 ], [ -122.026543185666014, 36.950391312674704 ], [ -122.026542788566786, 36.950391828846612 ], [ -122.02654180419195, 36.950393669341018 ], [ -122.026541699315914, 36.950393868073981 ], [ -122.026541618183472, 36.950394019634381 ], [ -122.026541388903169, 36.950394450699903 ], [ -122.026541227669298, 36.950394749301246 ], [ -122.026541145542538, 36.950394907182933 ], [ -122.026540731931121, 36.950395660583055 ], [ -122.026540706583276, 36.950395739318161 ], [ -122.026539395282455, 36.950399697825759 ], [ -122.026539379260143, 36.950399821047455 ], [ -122.026539126353285, 36.950401520391615 ], [ -122.026539122504047, 36.950401551983539 ], [ -122.026539117513877, 36.950401582689196 ], [ -122.026539110663293, 36.950401632344153 ], [ -122.026539074055293, 36.950401875242591 ], [ -122.0265389505483, 36.950402704148829 ], [ -122.026538737860562, 36.950404117290255 ], [ -122.026537921741905, 36.95040959547368 ], [ -122.026537728038463, 36.950410893014705 ], [ -122.026537650934372, 36.950416214628937 ], [ -122.026537623368782, 36.950418228240331 ], [ -122.026537574209314, 36.95042161013545 ], [ -122.026537566388129, 36.950422164467504 ], [ -122.02653756035599, 36.950422862064798 ], [ -122.026537450402998, 36.950433528144615 ], [ -122.026537186578139, 36.950435463742522 ], [ -122.026536985110226, 36.950436931709483 ], [ -122.026536814119439, 36.950438186597374 ], [ -122.026536623571133, 36.950439584128809 ], [ -122.026535908172988, 36.950444824882652 ], [ -122.026529014163785, 36.950476380068956 ], [ -122.026524117764879, 36.950494625612677 ], [ -122.026519936547857, 36.950506293945757 ], [ -122.02651188194902, 36.950523894134172 ], [ -122.026509601121987, 36.950527634180723 ], [ -122.026509451191856, 36.950527881266439 ], [ -122.026508542895016, 36.950528934929906 ], [ -122.026506307378241, 36.950531534382307 ], [ -122.026505423401986, 36.950532293039409 ], [ -122.026505032614111, 36.950532622582962 ], [ -122.026504608882391, 36.950532988605268 ], [ -122.026503720415874, 36.950533747321138 ], [ -122.026502522947823, 36.950534771426639 ], [ -122.026502154896477, 36.950535004245573 ], [ -122.026500332435646, 36.950536159996339 ], [ -122.026498181803845, 36.95053752190946 ], [ -122.026497286250645, 36.950537931958877 ], [ -122.026496897980692, 36.950538109168932 ], [ -122.026493389196219, 36.950539715962535 ], [ -122.026490963050634, 36.950540836359984 ], [ -122.026490911944691, 36.950540863163482 ], [ -122.026490168879675, 36.950541207232213 ], [ -122.026488978760185, 36.950541985217484 ], [ -122.026488941051468, 36.950542008240816 ], [ -122.026487837355035, 36.950542729221063 ], [ -122.026487790849117, 36.95054276137148 ], [ -122.026487297708258, 36.95054308234193 ], [ -122.026486104687763, 36.95054415955903 ], [ -122.026485955744761, 36.950544289477563 ], [ -122.026485193837871, 36.950544977144922 ], [ -122.026485118878298, 36.950545045715344 ], [ -122.026484834371146, 36.950545300871248 ], [ -122.026483330066824, 36.950547194132781 ], [ -122.026483047537312, 36.950547546590911 ], [ -122.026482955587582, 36.95054766314658 ], [ -122.026482840595435, 36.95054780613836 ], [ -122.026481394951958, 36.950550486268831 ], [ -122.026481370085676, 36.950550533456067 ], [ -122.026480941690608, 36.950551885437285 ], [ -122.026480458475746, 36.950553412966414 ], [ -122.026480212401069, 36.950555227572842 ], [ -122.0264784791963, 36.950568011965608 ], [ -122.026478365809538, 36.950568841640447 ], [ -122.026478278330956, 36.950571885191124 ], [ -122.026477366159071, 36.950603519765501 ], [ -122.02647728022967, 36.95060652905083 ], [ -122.02647753976072, 36.95062968434199 ], [ -122.02647780045109, 36.950652841420336 ], [ -122.026478096431148, 36.950657073121505 ], [ -122.026478393533807, 36.950661304808023 ], [ -122.026478556981488, 36.95066205425757 ], [ -122.026483304347124, 36.950683598949517 ], [ -122.026483509752026, 36.950684534395393 ], [ -122.026492375505413, 36.950719327580643 ], [ -122.026497584056202, 36.950750248486251 ], [ -122.026499690365412, 36.950768085128395 ], [ -122.026499815302529, 36.950769149596177 ], [ -122.026499817706878, 36.950769212647728 ], [ -122.026499832947891, 36.950769907262995 ], [ -122.026499995243867, 36.950777726535307 ], [ -122.026500044275636, 36.950780028424731 ], [ -122.02649953639947, 36.950786143315881 ], [ -122.0264995022211, 36.950786561012649 ], [ -122.026499363138797, 36.950789827832047 ], [ -122.026499360668424, 36.950789872022554 ], [ -122.026498519867545, 36.950809604594994 ], [ -122.026498504149785, 36.950809991409791 ], [ -122.026498575096937, 36.950810664568358 ], [ -122.026502005566783, 36.95084227292795 ], [ -122.026502109113537, 36.950843224126352 ], [ -122.026504152568464, 36.950851670327431 ], [ -122.026504522634866, 36.950853193894567 ], [ -122.02650594197263, 36.950857063931444 ], [ -122.026506817999973, 36.950859449617987 ], [ -122.026506832202983, 36.950859485479469 ], [ -122.026507005745344, 36.950859958132632 ], [ -122.026507603769531, 36.950861593165889 ], [ -122.026508098180699, 36.950862936670134 ], [ -122.026508876464462, 36.950864490940063 ], [ -122.026516566832399, 36.950879848304609 ], [ -122.026517308834286, 36.950881330053477 ], [ -122.026525673964841, 36.95089817545378 ], [ -122.026525899937553, 36.950898631199131 ], [ -122.026525916349115, 36.95089866522931 ], [ -122.026531722589752, 36.950912586437987 ], [ -122.026535550105635, 36.95092179871979 ], [ -122.02653922775211, 36.950930653390245 ], [ -122.026539376554766, 36.95093101371895 ], [ -122.026539896475185, 36.950932148264414 ], [ -122.026541112057174, 36.950934804817472 ], [ -122.026541129701215, 36.950934844238688 ], [ -122.026548978809274, 36.950951989279332 ], [ -122.026550339500233, 36.950954962501825 ], [ -122.026559496802591, 36.95097525988664 ], [ -122.026561441709873, 36.950981619328154 ], [ -122.026561591990642, 36.950982107605945 ], [ -122.026561855500617, 36.950982973800741 ], [ -122.026562270958408, 36.950986619968781 ], [ -122.026562602113188, 36.950989543587809 ], [ -122.026562753965379, 36.950990882565101 ], [ -122.02656043625727, 36.951021479353614 ], [ -122.026553181443646, 36.951052852720522 ], [ -122.026550411328472, 36.951061468284557 ], [ -122.026550296313772, 36.951061831166207 ], [ -122.026550127345203, 36.951062356967824 ], [ -122.026546607037588, 36.951071131950897 ], [ -122.02654446217629, 36.951076479736919 ], [ -122.026533949480552, 36.951098382832988 ], [ -122.026526004923852, 36.951112671523681 ], [ -122.026513914638542, 36.951130266874038 ], [ -122.02651340157901, 36.95113098913334 ], [ -122.026497451894258, 36.951153438335048 ], [ -122.026496956300818, 36.951154136033573 ], [ -122.026496767623954, 36.951154465634495 ], [ -122.026483757164982, 36.951177171941907 ], [ -122.026482386455129, 36.951179561810392 ], [ -122.026482271225717, 36.951179858908198 ], [ -122.026481762320145, 36.951181172291292 ], [ -122.026481459281612, 36.951181952180264 ], [ -122.026481263371039, 36.951182478334573 ], [ -122.02648113260345, 36.95118283962001 ], [ -122.026481064010184, 36.951183276692277 ], [ -122.026481043811501, 36.951183387802672 ], [ -122.02648101676202, 36.951183548568032 ], [ -122.026480888134742, 36.951184401873256 ], [ -122.026480649987462, 36.95118605416237 ], [ -122.026480529937729, 36.951186887529204 ], [ -122.026480571594348, 36.951187500691809 ], [ -122.026480871898215, 36.951191945016589 ], [ -122.026480960098993, 36.951193246076294 ], [ -122.026482324221291, 36.951201083859367 ], [ -122.026482359791189, 36.951201287061785 ], [ -122.026486978277873, 36.951227814299855 ], [ -122.026487884793383, 36.951233025708298 ], [ -122.026488688952725, 36.951236792052498 ], [ -122.026490566666965, 36.951245590985685 ], [ -122.026490576654567, 36.951245640420176 ], [ -122.026491466565574, 36.951249813879173 ], [ -122.026494162123115, 36.951262831372993 ], [ -122.026494222085233, 36.95126312978185 ], [ -122.02649439934126, 36.951265110972592 ], [ -122.02649452112189, 36.951266462059117 ], [ -122.026494533843504, 36.951266590762224 ], [ -122.026494537095758, 36.951266640284871 ], [ -122.026494259287944, 36.951270153142204 ], [ -122.026494200008543, 36.951270385523259 ], [ -122.026494099159734, 36.951270782464455 ], [ -122.02649409304702, 36.95127081318482 ], [ -122.02649398396855, 36.951271247182419 ], [ -122.02649382809247, 36.951271864733549 ], [ -122.026493818740306, 36.95127190180466 ], [ -122.026493804031702, 36.951271951562489 ], [ -122.026493391833611, 36.951273603426827 ], [ -122.026493042123661, 36.951274407357751 ], [ -122.026491980273903, 36.951276856265721 ], [ -122.026491949019942, 36.951276920659126 ], [ -122.02649161170406, 36.951277450467131 ], [ -122.02648443498839, 36.95128858215881 ], [ -122.026483837329181, 36.95128950649017 ], [ -122.026482023095156, 36.951291565121657 ], [ -122.026481975924014, 36.951291619810434 ], [ -122.026476150129426, 36.951298227882589 ], [ -122.026473644397186, 36.951301068785142 ], [ -122.026473557235235, 36.951301144724752 ], [ -122.026473433486814, 36.951301243673015 ], [ -122.026463826666088, 36.951309214275014 ], [ -122.026461968225291, 36.951310755302693 ], [ -122.026461383487586, 36.951311100001838 ], [ -122.026458217993664, 36.951312969952042 ], [ -122.026448456369991, 36.951318738277273 ], [ -122.026446380591523, 36.951319585532957 ], [ -122.026433329912734, 36.951324901264414 ], [ -122.026433045950171, 36.951325017630296 ], [ -122.026433010211576, 36.95132502711003 ], [ -122.026419475679887, 36.951328469299426 ], [ -122.02641659809666, 36.951329201786614 ], [ -122.026401542123395, 36.951331319321902 ], [ -122.026401333859226, 36.951331348182848 ], [ -122.026399081101857, 36.951331664252187 ], [ -122.026391725704812, 36.951332071454644 ], [ -122.026391059456628, 36.951332107212416 ], [ -122.026381365528579, 36.951332643258247 ], [ -122.026368728117774, 36.95133210577319 ], [ -122.026367904369636, 36.95133207149776 ], [ -122.026364457541789, 36.951331535355763 ], [ -122.026354682522054, 36.951330015052299 ], [ -122.026354163107342, 36.951329872255052 ], [ -122.026321384023277, 36.951320884868721 ], [ -122.026320689605697, 36.95132069479704 ], [ -122.026310492982262, 36.951316717066504 ], [ -122.02630479779431, 36.95131384023508 ], [ -122.026300940498331, 36.951311891898264 ], [ -122.026297569902454, 36.951309857885661 ], [ -122.026280540879313, 36.951299589192885 ], [ -122.02627871294365, 36.951298487539582 ], [ -122.026276976092817, 36.95129728195873 ], [ -122.026265985655726, 36.951289659403528 ], [ -122.026264181659116, 36.951288409642054 ], [ -122.026262569332104, 36.951287087980255 ], [ -122.026251537859679, 36.95127805380173 ], [ -122.026250013489417, 36.951276805786819 ], [ -122.026231609700858, 36.951261433640603 ], [ -122.026230526901088, 36.951260697126251 ], [ -122.026219604139627, 36.951253254819427 ], [ -122.026217803988359, 36.951252028437793 ], [ -122.026215691383854, 36.951250953039519 ], [ -122.026215252305221, 36.951250729885722 ], [ -122.026202508667367, 36.951244245942853 ], [ -122.02618942626907, 36.951237502385339 ], [ -122.026187902293998, 36.951236715771884 ], [ -122.026186159265663, 36.951235482333757 ], [ -122.026185112315233, 36.95123474174499 ], [ -122.026176185249199, 36.951228423225047 ], [ -122.026175552986558, 36.951227976402002 ], [ -122.026175456123198, 36.951227906476149 ], [ -122.026174983379747, 36.95122757381813 ], [ -122.026174858031467, 36.951227483537849 ], [ -122.026174777859936, 36.951227406184032 ], [ -122.02617358959985, 36.951226287144173 ], [ -122.026168651764465, 36.951221613340188 ], [ -122.026168578493028, 36.951221544006742 ], [ -122.026167157198302, 36.951220201819368 ], [ -122.026161989308889, 36.951213738566587 ], [ -122.026161425898962, 36.95121303310286 ], [ -122.026160712749046, 36.951212142152464 ], [ -122.026160667340093, 36.951212062541217 ], [ -122.026159395334005, 36.951209861371346 ], [ -122.026158626171991, 36.951207871706593 ], [ -122.02615846738324, 36.951207461942865 ], [ -122.026158316041816, 36.951206755591294 ], [ -122.026158230457, 36.951206356584812 ], [ -122.026157937578446, 36.951204984306798 ], [ -122.026157879472407, 36.95120367203873 ], [ -122.026157870192364, 36.951203546895293 ], [ -122.02615784489484, 36.951202965059977 ], [ -122.026157821409782, 36.95120247241843 ], [ -122.026157979776315, 36.951200595877758 ], [ -122.026158740307224, 36.9511915515289 ], [ -122.026158904902147, 36.951189594701084 ], [ -122.026161345859066, 36.951166491476613 ], [ -122.026161982131754, 36.951157134240184 ], [ -122.026162122963072, 36.95115505786562 ], [ -122.026162898999232, 36.951143626972176 ], [ -122.026162908917726, 36.951141352247824 ], [ -122.026162914024482, 36.951140387911515 ], [ -122.026162920526389, 36.951139105438095 ], [ -122.026162919739164, 36.951139066697401 ], [ -122.026162764564717, 36.951138061202123 ], [ -122.026162755407015, 36.951137997337781 ], [ -122.026162389320945, 36.951137000911601 ], [ -122.026162375081412, 36.951136963248118 ], [ -122.0261617975288, 36.951136003835018 ], [ -122.026161015885648, 36.951135112879896 ], [ -122.026160072839815, 36.951134346598892 ], [ -122.026158985394332, 36.951133712879916 ], [ -122.026157917838802, 36.951133284371167 ], [ -122.026157785346825, 36.951133229330679 ], [ -122.026150626914543, 36.951130453653128 ], [ -122.026150274944939, 36.951130317675151 ], [ -122.02614976642127, 36.951130047667185 ], [ -122.026148794898447, 36.951129537695707 ], [ -122.026143299343715, 36.951126648330629 ], [ -122.026142272119301, 36.951125939024799 ], [ -122.026142108165118, 36.951125827621397 ], [ -122.026138023262405, 36.95112301081133 ], [ -122.026136971012434, 36.95112228561171 ], [ -122.026136483560094, 36.951121836892931 ], [ -122.02613246407816, 36.951118150482714 ], [ -122.026132441206101, 36.951118130054816 ], [ -122.026132413697255, 36.951118102478063 ], [ -122.026132327858235, 36.95111802249486 ], [ -122.026132268295527, 36.951117964697424 ], [ -122.02613041137208, 36.951116265033527 ], [ -122.02612953533017, 36.951115149116042 ], [ -122.02612820859899, 36.951113459634939 ], [ -122.02612630105321, 36.951111036980912 ], [ -122.026126277906471, 36.951111003038825 ], [ -122.026126258237284, 36.951110974458295 ], [ -122.026125097584028, 36.951109500890404 ], [ -122.026123574510009, 36.95110665865819 ], [ -122.026123020079808, 36.951105621440163 ], [ -122.026123000282468, 36.951105586553062 ], [ -122.026121794680407, 36.951103337651958 ], [ -122.026121774221053, 36.951103297816942 ], [ -122.026121160914329, 36.951102153677816 ], [ -122.02611968455102, 36.951097521077912 ], [ -122.026119387210201, 36.951096592241925 ], [ -122.026118830647107, 36.951094842213386 ], [ -122.026118816288601, 36.951094798693774 ], [ -122.026118691552114, 36.951094406958617 ], [ -122.026118554055685, 36.951093995113766 ], [ -122.026118507658211, 36.951093866851416 ], [ -122.026118002355631, 36.951092373891257 ], [ -122.026117917840111, 36.95109222089458 ], [ -122.02611707819409, 36.95109071338571 ], [ -122.026117056023537, 36.951090672221333 ], [ -122.026116931333732, 36.951090448556826 ], [ -122.026116877182474, 36.951090380775476 ], [ -122.02611675853899, 36.951090233632641 ], [ -122.026116070764289, 36.951089375693691 ], [ -122.026115750566547, 36.951088979758069 ], [ -122.026115508624656, 36.951088677422668 ], [ -122.026115329015553, 36.951088513955305 ], [ -122.026115137979588, 36.951088340724404 ], [ -122.026114297215145, 36.951087579412523 ], [ -122.026114060416688, 36.951087364424943 ], [ -122.026113767606333, 36.9510871006052 ], [ -122.026113422695119, 36.951086869910149 ], [ -122.026113142703053, 36.95108668432583 ], [ -122.026112215008737, 36.951086065638023 ], [ -122.026112015834514, 36.951085933968272 ], [ -122.026111746073539, 36.951085754558356 ], [ -122.026111217673886, 36.951085501031791 ], [ -122.02611081399975, 36.951085307153278 ], [ -122.026109845601653, 36.951084840397584 ], [ -122.026109707259081, 36.951084773718179 ], [ -122.026109492973248, 36.951084671985349 ], [ -122.026108680220332, 36.951084405058161 ], [ -122.026107260501789, 36.951083941506219 ], [ -122.026107191550196, 36.951083918977901 ], [ -122.026107060437198, 36.95108387653589 ], [ -122.026105421529124, 36.951083567252226 ], [ -122.026104524188852, 36.951083392451963 ], [ -122.026104120570551, 36.951083367094618 ], [ -122.026103464048759, 36.951083328826137 ], [ -122.026101507990475, 36.951083215646314 ], [ -122.026101467523716, 36.951083213472458 ], [ -122.026101330444376, 36.951083208958373 ], [ -122.026101219220237, 36.951083205908283 ], [ -122.026100929217634, 36.951083190779194 ], [ -122.026100703969249, 36.951083212652421 ], [ -122.026100478702631, 36.951083233624658 ], [ -122.026098422958739, 36.951083464200366 ], [ -122.026095587176599, 36.951083822140241 ], [ -122.026095530091283, 36.951083830998094 ], [ -122.026095498751374, 36.951083835914211 ], [ -122.026095442770256, 36.951083843856487 ], [ -122.026095391315977, 36.951083853541803 ], [ -122.026090368456394, 36.951085438686 ], [ -122.026088934783772, 36.951085890921846 ], [ -122.026088896855043, 36.951085903133723 ], [ -122.026087684624585, 36.951086477736069 ], [ -122.026084147071273, 36.95108816239555 ], [ -122.0260829170996, 36.95108874804432 ], [ -122.026082778648046, 36.951088841777469 ], [ -122.026082733154283, 36.951088868507341 ], [ -122.026063847770303, 36.951101459243915 ], [ -122.026056259028664, 36.951107954290279 ], [ -122.026055202815513, 36.951108857585638 ], [ -122.026049291931173, 36.951114871065556 ], [ -122.026049041512053, 36.95111520147384 ], [ -122.026043948799199, 36.951121914379669 ], [ -122.026043913811165, 36.951121960798162 ], [ -122.026043819468526, 36.951122070175323 ], [ -122.026042741360442, 36.951123277456929 ], [ -122.02604262830053, 36.951123405102834 ], [ -122.026042441677177, 36.951123614818265 ], [ -122.026040960141685, 36.951125248234185 ], [ -122.026038659100792, 36.951126945546171 ], [ -122.02603856616112, 36.951127013450389 ], [ -122.026038129178758, 36.951127335486248 ], [ -122.02603696035473, 36.951127946468603 ], [ -122.026035359398008, 36.951128786601032 ], [ -122.026034908328455, 36.951129023208566 ], [ -122.026034086701017, 36.951129314231331 ], [ -122.026034042091851, 36.951129329234192 ], [ -122.026032609498145, 36.951129834625256 ], [ -122.026031609488925, 36.951130188362221 ], [ -122.026031389847304, 36.951130265134282 ], [ -122.026022202358604, 36.951133398950773 ], [ -122.026021967733541, 36.95113351196639 ], [ -122.026021926583525, 36.951133531429875 ], [ -122.026014914442101, 36.951136905327679 ], [ -122.026013536780638, 36.951137572213106 ], [ -122.025994664657233, 36.951149324661309 ], [ -122.025994023224214, 36.951149807981672 ], [ -122.025976188217086, 36.951163309573545 ], [ -122.025975566715175, 36.95116377911517 ], [ -122.025970407071881, 36.951168524702574 ], [ -122.025967143346122, 36.951171528716245 ], [ -122.02596537871861, 36.951173542532153 ], [ -122.025963382559368, 36.951175821623536 ], [ -122.025959774292318, 36.951179939506687 ], [ -122.025959540820764, 36.951180275100121 ], [ -122.025957105923922, 36.951183784645799 ], [ -122.025955934240642, 36.951185470780011 ], [ -122.025953539651425, 36.95118891941857 ], [ -122.025948505977468, 36.951198372956426 ], [ -122.025947016436461, 36.951202707331504 ], [ -122.025946054917483, 36.951205508186185 ], [ -122.025945932861106, 36.951206464140064 ], [ -122.025945608872021, 36.951208976382013 ], [ -122.02594510635852, 36.951212870676798 ], [ -122.025945198850778, 36.951214051822873 ], [ -122.025945205025053, 36.951214134651195 ], [ -122.025945588337166, 36.951219018570718 ], [ -122.025945685368626, 36.951220257333276 ], [ -122.025946212042783, 36.951226615519829 ], [ -122.025946241577984, 36.951226963892424 ], [ -122.025946319079779, 36.951227904617859 ], [ -122.025946144649325, 36.951229377636935 ], [ -122.025945717834048, 36.951233018608868 ], [ -122.025945423141053, 36.951235535874559 ], [ -122.025945098689547, 36.951236533228261 ], [ -122.025943090417698, 36.951242747958737 ], [ -122.025943022729521, 36.951242953413939 ], [ -122.025939784041583, 36.951249400532319 ], [ -122.025939711667831, 36.951249541163406 ], [ -122.025939235768888, 36.951250490032741 ], [ -122.02593921417818, 36.951250532671075 ], [ -122.025937798152185, 36.951253345782405 ], [ -122.025936214705808, 36.951255766365279 ], [ -122.025936162562274, 36.951255852660388 ], [ -122.025934178298741, 36.951258883185005 ], [ -122.025934151131807, 36.951258927698674 ], [ -122.025934133665217, 36.951258952259323 ], [ -122.025933983384007, 36.951259182226238 ], [ -122.025932394544256, 36.951261613693859 ], [ -122.025931234774333, 36.951263388889437 ], [ -122.025931181416652, 36.951263470694514 ], [ -122.025930980962372, 36.951263773413039 ], [ -122.025925251874526, 36.951272490769924 ], [ -122.025925079764576, 36.951272751662898 ], [ -122.025925055873785, 36.951272791627765 ], [ -122.025924998794736, 36.951272911331415 ], [ -122.025924973854629, 36.951272954914749 ], [ -122.025923929165614, 36.951275144051039 ], [ -122.025921994698933, 36.951279188659598 ], [ -122.025920350008022, 36.951282629285508 ], [ -122.025920180882153, 36.951283202851087 ], [ -122.025915170614255, 36.951300053920193 ], [ -122.025915028606306, 36.951300525296816 ], [ -122.025914911703168, 36.951300961198605 ], [ -122.025914898025206, 36.951301006436942 ], [ -122.025913005087503, 36.951307979357573 ], [ -122.025912759964186, 36.951308846803364 ], [ -122.025912743119889, 36.951308901996171 ], [ -122.025912529256928, 36.951309650076212 ], [ -122.025910498856163, 36.951314886407303 ], [ -122.025910483854304, 36.951314921749905 ], [ -122.025910338801694, 36.951315298541807 ], [ -122.025910168082746, 36.951315627906681 ], [ -122.025907233940856, 36.95132131404187 ], [ -122.02590495904937, 36.951324630440816 ], [ -122.025904673323652, 36.951325046923557 ], [ -122.025903322163089, 36.951327018378684 ], [ -122.025902829814882, 36.951327765597362 ], [ -122.025891893717542, 36.951344369791066 ], [ -122.02589171836776, 36.951344637034737 ], [ -122.025887570827777, 36.95135343822929 ], [ -122.025885616065935, 36.951357589442829 ], [ -122.025884774771569, 36.951360173340092 ], [ -122.025883653389258, 36.951363617029941 ], [ -122.025881411710401, 36.951370502593015 ], [ -122.025881254242563, 36.951370986788547 ], [ -122.025881163121653, 36.951371586368822 ], [ -122.025875983980967, 36.951405825334078 ], [ -122.025875882915741, 36.951406488127517 ], [ -122.025875902646902, 36.951406961893333 ], [ -122.025876337458143, 36.951417144115133 ], [ -122.025876416041029, 36.951418967087939 ], [ -122.025876625438997, 36.951423912762081 ], [ -122.025877020112858, 36.951425653194967 ], [ -122.025880524377527, 36.951441064483532 ], [ -122.02588105511775, 36.951442317396264 ], [ -122.025881978651142, 36.951444499698816 ], [ -122.025882293584885, 36.951445244463187 ], [ -122.025884656806753, 36.951448928225794 ], [ -122.025884809926438, 36.951449169542229 ], [ -122.025885741699653, 36.951450209933746 ], [ -122.025886439089774, 36.951450988443867 ], [ -122.025888020025903, 36.951452754806567 ], [ -122.025888396912862, 36.95145306709184 ], [ -122.0258898039001, 36.951454230133798 ], [ -122.025889830158206, 36.951454251418618 ], [ -122.025891850447067, 36.951455922813992 ], [ -122.02589430490923, 36.951457575910581 ], [ -122.025894380059626, 36.951457627195907 ], [ -122.025905704011151, 36.951465251729537 ], [ -122.025905742745522, 36.951465279159379 ], [ -122.025907763436905, 36.951466638738736 ], [ -122.025916039527189, 36.951472197086964 ], [ -122.025924314496251, 36.951477755449325 ], [ -122.025944556484873, 36.951492469151326 ], [ -122.025947939001597, 36.951494868899786 ], [ -122.02595228082528, 36.951497950907786 ], [ -122.025954626621754, 36.951499616239595 ], [ -122.025959602928893, 36.951502701658868 ], [ -122.025960136260508, 36.951502976750113 ], [ -122.02596085452771, 36.951503345847939 ], [ -122.025966746579513, 36.951506295819321 ], [ -122.025967175372784, 36.951506510096834 ], [ -122.025967269533552, 36.951506557528575 ], [ -122.025967449905693, 36.951506647990072 ], [ -122.025968137906403, 36.951506964314007 ], [ -122.025968733161804, 36.951507247606649 ], [ -122.025977403254672, 36.951511141709808 ], [ -122.025982283277514, 36.951513577731674 ], [ -122.025997221674217, 36.951521034192133 ], [ -122.025997251171873, 36.951521049126214 ], [ -122.025997294305029, 36.951521071992545 ], [ -122.025997445197845, 36.951521148420873 ], [ -122.025997688354124, 36.951521289428257 ], [ -122.026024993857249, 36.951537420156136 ], [ -122.026038775926139, 36.951548091858683 ], [ -122.026038886608319, 36.95154817872632 ], [ -122.026040274352852, 36.951549665544277 ], [ -122.026040650954613, 36.951550074259721 ], [ -122.02604184575253, 36.951551349120685 ], [ -122.02604196739226, 36.951551533172989 ], [ -122.026043315642355, 36.951553563022095 ], [ -122.026043853003557, 36.951554367957854 ], [ -122.026044175015201, 36.951554853087458 ], [ -122.026044372813161, 36.951555303795359 ], [ -122.026044697815351, 36.951556046625122 ], [ -122.026045815278508, 36.951558599479391 ], [ -122.026046920226662, 36.951563409969474 ], [ -122.026047355189903, 36.951565309384598 ], [ -122.026047732138906, 36.951566950918519 ], [ -122.026047742682778, 36.951567304045575 ], [ -122.026047966026781, 36.951574980131923 ], [ -122.026047978730773, 36.951575439570732 ], [ -122.026047945286919, 36.951575672514544 ], [ -122.026047939155674, 36.95157570233394 ], [ -122.02604718551413, 36.951580720992133 ], [ -122.026046825653253, 36.951583125561633 ], [ -122.026046083152167, 36.951585487376384 ], [ -122.026045105441696, 36.951588596649664 ], [ -122.026044466342569, 36.9515906317828 ], [ -122.026044084663795, 36.951591409996318 ], [ -122.026043856090936, 36.951591876197824 ], [ -122.026040938739115, 36.951597836077376 ], [ -122.02604028322547, 36.951599173906956 ], [ -122.026040261671312, 36.951599218347233 ], [ -122.026038048352476, 36.951603741532729 ], [ -122.02603791904582, 36.951604009075133 ], [ -122.026037429614391, 36.9516050103908 ], [ -122.026036811702994, 36.951606983064686 ], [ -122.026035814164359, 36.951610166494724 ], [ -122.026035089830785, 36.951612483012305 ], [ -122.026034746172925, 36.951614800855779 ], [ -122.026034422128717, 36.951616978758658 ], [ -122.026033954034958, 36.951620135432989 ], [ -122.0260334061864, 36.951630861314833 ], [ -122.026032857507971, 36.951641601626498 ], [ -122.026032726407976, 36.951650567443821 ], [ -122.026032601047433, 36.951659207857723 ], [ -122.026032595509278, 36.95165954317158 ], [ -122.026032623857247, 36.951660330437505 ], [ -122.026032695410777, 36.951662359874 ], [ -122.026033566774132, 36.951686841815373 ], [ -122.026033739107987, 36.95169173119983 ], [ -122.02603394235922, 36.951693334453822 ], [ -122.026035509787178, 36.951705708856991 ], [ -122.026035727967866, 36.951707438982943 ], [ -122.026037292939591, 36.951713171674278 ], [ -122.026037885638956, 36.951714489562043 ], [ -122.026039776592299, 36.951718692278128 ], [ -122.026044715842175, 36.951728628998339 ], [ -122.026044769140071, 36.951728765281111 ], [ -122.026049189248255, 36.951739788417292 ], [ -122.02604920736816, 36.951739851263163 ], [ -122.026056590146538, 36.951766485626088 ], [ -122.026056716009663, 36.951766932769544 ], [ -122.026058897005754, 36.95177479951797 ], [ -122.026060678229555, 36.951781227798143 ], [ -122.026060870064029, 36.951782213888841 ], [ -122.026061208579307, 36.951783953253944 ], [ -122.026064577559623, 36.951801324586896 ], [ -122.026064411781533, 36.951801565571117 ], [ -122.026064117202495, 36.951801988478415 ], [ -122.026064063753068, 36.951802065778864 ], [ -122.02606387502361, 36.951802337703768 ], [ -122.026063827058834, 36.951802408624161 ], [ -122.026062903388251, 36.951802983053987 ], [ -122.026062705201511, 36.951803065853547 ], [ -122.026062248685733, 36.951803255670754 ], [ -122.02606189570777, 36.951803401776964 ], [ -122.026061638482986, 36.951803507878935 ], [ -122.026061529368931, 36.951803553465226 ], [ -122.026061447958639, 36.951803525692789 ], [ -122.026061334915269, 36.951803488421355 ], [ -122.026060106013063, 36.951803077343492 ], [ -122.02605827010062, 36.951801970383897 ], [ -122.026058158679987, 36.951801902450903 ], [ -122.026058025656013, 36.951801821282807 ], [ -122.026057972236558, 36.951801789539267 ], [ -122.026057005987425, 36.951800931639944 ], [ -122.026056541982669, 36.951800421333239 ], [ -122.026056287062246, 36.951800143499554 ], [ -122.026056210111477, 36.951800058894037 ], [ -122.026055940268179, 36.951799765034373 ], [ -122.02605458183929, 36.951798229168702 ], [ -122.026054061236351, 36.951797641199576 ], [ -122.026045580742419, 36.951787385848412 ], [ -122.02603364282372, 36.951776073597543 ], [ -122.026019528649428, 36.951765472026921 ], [ -122.02601946615799, 36.951765435896185 ], [ -122.026018018678812, 36.951764601417516 ], [ -122.026015592976691, 36.951763203883814 ], [ -122.026015067550006, 36.951762986365281 ], [ -122.026014872803543, 36.95176290690614 ], [ -122.026013439192752, 36.951762312862712 ], [ -122.026012860584657, 36.951762075312885 ], [ -122.026011285445492, 36.951761423643411 ], [ -122.026010254560902, 36.951761142447779 ], [ -122.026009542087536, 36.951760948104628 ], [ -122.026007909344727, 36.951760500857191 ], [ -122.026007742235464, 36.951760455281423 ], [ -122.026006697788631, 36.951760169757328 ], [ -122.026005063625135, 36.951759928900131 ], [ -122.026003792116313, 36.951759741873595 ], [ -122.026002724450109, 36.951759584621826 ], [ -122.026001932690079, 36.951759467015982 ], [ -122.025999448638586, 36.951759397693259 ], [ -122.025999407085479, 36.95175939733592 ], [ -122.025997449954559, 36.951759342745255 ], [ -122.025997090442061, 36.951759333031596 ], [ -122.025994400523771, 36.951759576411277 ], [ -122.025992376363405, 36.951759759709894 ], [ -122.025992288950107, 36.951759768063418 ], [ -122.025977409258743, 36.951762995299624 ], [ -122.025976457894842, 36.95176320150599 ], [ -122.025975488643141, 36.951763411551198 ], [ -122.025975033841632, 36.951763575211153 ], [ -122.025970401006106, 36.951765237253049 ], [ -122.025967766900735, 36.95176618282705 ], [ -122.025964274427196, 36.951767435224284 ], [ -122.025962952368701, 36.951767910329707 ], [ -122.025961404004462, 36.951768465898937 ], [ -122.025959614851061, 36.951769107528726 ], [ -122.025957253791091, 36.951770338809851 ], [ -122.025954116115045, 36.951771976776946 ], [ -122.025945048651451, 36.95177671132511 ], [ -122.025930847914481, 36.95178594418762 ], [ -122.025930675046368, 36.951786057295926 ], [ -122.025918956666231, 36.951794502475117 ], [ -122.025918139930923, 36.951795089923309 ], [ -122.025909179880472, 36.951802182368866 ], [ -122.025904833147422, 36.951806044064611 ], [ -122.02590324819721, 36.951807451733096 ], [ -122.025897060654884, 36.951812949742006 ], [ -122.025896863194191, 36.951813123551638 ], [ -122.025896664629215, 36.951813298276917 ], [ -122.025896404073492, 36.951813572042738 ], [ -122.025867439568955, 36.951844119217846 ], [ -122.025866886616541, 36.951844702312421 ], [ -122.025866228570948, 36.951845584173817 ], [ -122.0258650370655, 36.951847179546654 ], [ -122.025864912406476, 36.951847344292773 ], [ -122.025864499206904, 36.951847897621626 ], [ -122.025862602168218, 36.951851298292198 ], [ -122.025862368682539, 36.951851909648603 ], [ -122.025862353589019, 36.951851940486442 ], [ -122.025862278890187, 36.951852132515562 ], [ -122.025861832978805, 36.951853286462622 ], [ -122.025861708210286, 36.951853611621345 ], [ -122.025861227103093, 36.951854857048872 ], [ -122.025858527964132, 36.951868574184175 ], [ -122.025857449368857, 36.951882138087925 ], [ -122.025856014653598, 36.951912494853978 ], [ -122.025856012530568, 36.951912556162483 ], [ -122.02585600268408, 36.951912734726257 ], [ -122.025855998663744, 36.951912813182062 ], [ -122.025855999871851, 36.951912872644549 ], [ -122.025855996837095, 36.951914712906948 ], [ -122.025855995043869, 36.951914956250732 ], [ -122.025855946815184, 36.951940050417832 ], [ -122.02585592540342, 36.951950934326455 ], [ -122.025855924915547, 36.951951020846735 ], [ -122.025856457168359, 36.951956824731326 ], [ -122.025856463031445, 36.951956892243608 ], [ -122.025856910162986, 36.951961767217796 ], [ -122.025857002544711, 36.951962777139983 ], [ -122.025857122849018, 36.951963227059998 ], [ -122.025857560377744, 36.951964865999386 ], [ -122.025857720930034, 36.95196547310028 ], [ -122.025857995588169, 36.951966501364353 ], [ -122.025858547635792, 36.951967642251333 ], [ -122.025858745695956, 36.951968050600378 ], [ -122.02585881721096, 36.95196819926143 ], [ -122.025859076262051, 36.951968735681952 ], [ -122.025859713826293, 36.951970051181171 ], [ -122.025860630823587, 36.951971303545143 ], [ -122.025860645929441, 36.951971328580719 ], [ -122.025861783541771, 36.951972883559748 ], [ -122.025862113857286, 36.951973335237327 ], [ -122.025862350426152, 36.951973649358976 ], [ -122.025862413924429, 36.951973735041904 ], [ -122.02586685963378, 36.951979718415487 ], [ -122.025868069468956, 36.951981346346571 ], [ -122.025870088147187, 36.9519852590143 ], [ -122.025870291472572, 36.951985650171899 ], [ -122.025870524070086, 36.951986100424676 ], [ -122.025872518204679, 36.951989965650654 ], [ -122.025874646266146, 36.95199660928408 ], [ -122.025874948354016, 36.95199755067523 ], [ -122.025874980731729, 36.951997652085559 ], [ -122.025875778948361, 36.952003227192868 ], [ -122.025876109927012, 36.952005535305751 ], [ -122.02587608720296, 36.952006351176905 ], [ -122.025876068730781, 36.952006989458603 ], [ -122.025875999131188, 36.952009532616408 ], [ -122.025875996642114, 36.952009575905883 ], [ -122.025875989083687, 36.952009867088044 ], [ -122.025875949565204, 36.952011293282141 ], [ -122.025875887108953, 36.952013469563546 ], [ -122.025875465956332, 36.952015565827629 ], [ -122.025875332482357, 36.952016236254771 ], [ -122.025874314851265, 36.952021305228286 ], [ -122.025874190235683, 36.952021914258779 ], [ -122.025873222045547, 36.952026708624572 ], [ -122.025873017905539, 36.952027714316614 ], [ -122.025872699570129, 36.952029289250611 ], [ -122.025872548246966, 36.952033834111724 ], [ -122.025872523466731, 36.95203460404926 ], [ -122.025872464517448, 36.952036345011727 ], [ -122.025872459014749, 36.952036516309178 ], [ -122.025872430433878, 36.952037375513896 ], [ -122.025873337267583, 36.952044096410063 ], [ -122.025873514580809, 36.95204541793246 ], [ -122.025873727296243, 36.952046105457512 ], [ -122.025873798250231, 36.952046337035014 ], [ -122.025874738496967, 36.952049396874678 ], [ -122.025875038998933, 36.952050370729317 ], [ -122.025875053622926, 36.95205042731267 ], [ -122.025875933330099, 36.952053270758654 ], [ -122.025876295706922, 36.952054029321175 ], [ -122.025879996621882, 36.952061764434774 ], [ -122.02588022408284, 36.952062238185654 ], [ -122.025883874641522, 36.952069871222911 ], [ -122.025886584537517, 36.95207403708968 ], [ -122.025890052479781, 36.952079369084146 ], [ -122.025891210404836, 36.952081149994939 ], [ -122.025892602428513, 36.952083289217811 ], [ -122.025892807602631, 36.952083605552673 ], [ -122.0258941277758, 36.952085634869903 ], [ -122.025895076401909, 36.952086785886863 ], [ -122.025897035792156, 36.952089161906038 ], [ -122.025897115207812, 36.952089257293665 ], [ -122.025898083375267, 36.952090430584512 ], [ -122.025898451748887, 36.952090876356777 ], [ -122.0258997399891, 36.952092439277315 ], [ -122.025909238784564, 36.952103958293982 ], [ -122.025926396016729, 36.952121083394239 ], [ -122.025927253525523, 36.952121784109032 ], [ -122.025930261035199, 36.952124239232752 ], [ -122.025932267249829, 36.9521258801716 ], [ -122.02593526336949, 36.952128327333625 ], [ -122.025937066271084, 36.952129798806624 ], [ -122.025944791694144, 36.952134888534424 ], [ -122.025946500006512, 36.952136015189673 ], [ -122.025948099069794, 36.952137070278503 ], [ -122.025948833138585, 36.952137553620389 ], [ -122.025948928770518, 36.952137618155341 ], [ -122.025950696573162, 36.952138799004317 ], [ -122.02595178369009, 36.952139526453074 ], [ -122.025953447929695, 36.952140639265977 ], [ -122.025955807547618, 36.952142652275192 ], [ -122.025957379877923, 36.95214399429107 ], [ -122.025957564955547, 36.952144150477672 ], [ -122.025959391946074, 36.952146144323216 ], [ -122.025960036131039, 36.952146846027318 ], [ -122.025961123621855, 36.952148033977394 ], [ -122.025961427552218, 36.952148458063213 ], [ -122.025965358385889, 36.952153968740632 ], [ -122.025966630907234, 36.952155752656836 ], [ -122.025966893400096, 36.952156126818551 ], [ -122.025966911983588, 36.952156157215661 ], [ -122.025967147003968, 36.952156505602524 ], [ -122.025971021464812, 36.952163441793338 ], [ -122.025971243984685, 36.952163838106706 ], [ -122.025971343497503, 36.952164093642459 ], [ -122.025971357755424, 36.952164132206818 ], [ -122.025972985462246, 36.952168365405164 ], [ -122.025973401505311, 36.952169444087396 ], [ -122.025974422670316, 36.952174938774306 ], [ -122.025974480587365, 36.952175247123265 ], [ -122.025975044754659, 36.952181626447981 ], [ -122.025975608903735, 36.952188004871793 ], [ -122.025976441615143, 36.952197874581813 ], [ -122.025977273259045, 36.952207747009382 ], [ -122.025977985621111, 36.952216722515182 ], [ -122.025978699050967, 36.952225695303447 ], [ -122.025979414945766, 36.952234678873644 ], [ -122.025980131908469, 36.952243659726378 ], [ -122.025981273803936, 36.952250288328088 ], [ -122.025981592046492, 36.952252135199991 ], [ -122.025982372806894, 36.952254308556348 ], [ -122.025983854850409, 36.952258446332863 ], [ -122.025984540496736, 36.952260359589978 ], [ -122.025984893540794, 36.952260990305859 ], [ -122.025985332730357, 36.9522617712936 ], [ -122.025987130481084, 36.952264978518457 ], [ -122.025987160802813, 36.952265033995161 ], [ -122.025988915389448, 36.952268161579312 ], [ -122.025997089515627, 36.952282788996087 ], [ -122.025997563755439, 36.952283637114043 ], [ -122.025998462170691, 36.95228524568892 ], [ -122.02599916637692, 36.952287243414609 ], [ -122.02600444330929, 36.952302192622895 ], [ -122.026004730470575, 36.95230300714185 ], [ -122.026004820984838, 36.952303261894166 ], [ -122.026005235373631, 36.952305364345833 ], [ -122.02600618359152, 36.952310197615212 ], [ -122.026006211088941, 36.952310335136836 ], [ -122.026006758346341, 36.952313118948858 ], [ -122.026007265571693, 36.952319569311378 ], [ -122.02600731407037, 36.952320187791706 ], [ -122.026007448907507, 36.952321905490756 ], [ -122.026007541255623, 36.952323079429277 ], [ -122.026007476296925, 36.952324082398775 ], [ -122.026007345001332, 36.952326241557607 ], [ -122.026007254215045, 36.952326636564329 ], [ -122.026006883889195, 36.952328250028962 ], [ -122.026006631229933, 36.952329354585672 ], [ -122.026006226980584, 36.952330348478007 ], [ -122.026006181254644, 36.95233047434138 ], [ -122.026005412313822, 36.952332364280231 ], [ -122.026004690359514, 36.952333527247859 ], [ -122.026004633834773, 36.952333619007476 ], [ -122.02600459361777, 36.952333684419266 ], [ -122.026004359745997, 36.952333945219529 ], [ -122.026003596584772, 36.952334793311174 ], [ -122.026003555964991, 36.952334838902132 ], [ -122.026003517517168, 36.952334880859858 ], [ -122.026002678868494, 36.952335550603408 ], [ -122.026002280046271, 36.952335872139628 ], [ -122.02600221590744, 36.952335920741966 ], [ -122.026000733087372, 36.952336773746488 ], [ -122.02599902542309, 36.952337447654116 ], [ -122.025998814904966, 36.952337531516136 ], [ -122.025997348916206, 36.952338107636088 ], [ -122.025997248360881, 36.952338132383005 ], [ -122.025996567956057, 36.952338300798061 ], [ -122.025993858501735, 36.95233896528724 ], [ -122.025993732346933, 36.952339001183397 ], [ -122.025993380537287, 36.952339039131772 ], [ -122.025992283774713, 36.952339163430786 ], [ -122.025992107860716, 36.952339181954514 ], [ -122.025992007030794, 36.952339193187207 ], [ -122.02599192857906, 36.952339200522246 ], [ -122.02599095598238, 36.952339301567733 ], [ -122.025990766597573, 36.952339320267754 ], [ -122.02599037450355, 36.952339365051621 ], [ -122.025989997149424, 36.952339416852084 ], [ -122.025988552724939, 36.952339341131861 ], [ -122.025987143764453, 36.952339076599536 ], [ -122.025987034069715, 36.952339038383016 ], [ -122.025985948695762, 36.952338673188649 ], [ -122.025985807477511, 36.952338630878756 ], [ -122.025984696802325, 36.952338070458097 ], [ -122.025984581183565, 36.95233801699888 ], [ -122.025983586553522, 36.952337309968428 ], [ -122.025983493221318, 36.952337248106893 ], [ -122.025983196453097, 36.952336955500584 ], [ -122.025982881156224, 36.952336635199963 ], [ -122.025982602861603, 36.952336367585112 ], [ -122.025982584442886, 36.952336345296487 ], [ -122.025982382190108, 36.952336062267413 ], [ -122.025982304854409, 36.952335958741969 ], [ -122.025982278229861, 36.952335919438205 ], [ -122.025982142990003, 36.952335729255502 ], [ -122.025981869124308, 36.952335348033159 ], [ -122.025981714080331, 36.952335012117402 ], [ -122.025981633236427, 36.95233484645599 ], [ -122.025981509801539, 36.9523345741108 ], [ -122.025981363036635, 36.952334258813977 ], [ -122.025981220699961, 36.952333664091391 ], [ -122.025981174399433, 36.952333485361251 ], [ -122.025981163454205, 36.952333444049927 ], [ -122.025981085001263, 36.952333119748396 ], [ -122.025981061022222, 36.952332436962919 ], [ -122.025981054817038, 36.952332297360158 ], [ -122.025981053279381, 36.952332221680628 ], [ -122.025981044511383, 36.952331955945404 ], [ -122.025981126658593, 36.952331467328378 ], [ -122.025981169766808, 36.952331212629616 ], [ -122.025981206945062, 36.952330997660617 ], [ -122.025981238931465, 36.952330803486923 ], [ -122.025981417174478, 36.95233034695616 ], [ -122.025981432048383, 36.952330305306873 ], [ -122.025981544115197, 36.952330018164091 ], [ -122.025981605929175, 36.952329855141485 ], [ -122.025981668865668, 36.952329692104236 ], [ -122.025981950549777, 36.95232924233035 ], [ -122.025982171310432, 36.952328888879535 ], [ -122.025982319220375, 36.952328652635202 ], [ -122.025982918608236, 36.952327702149553 ], [ -122.025983026349508, 36.95232742317399 ], [ -122.025983060935417, 36.952327356934731 ], [ -122.025983127666564, 36.952327159602746 ], [ -122.025983138306458, 36.952327130625491 ], [ -122.025983314523941, 36.952326684935478 ], [ -122.025983360835113, 36.952326422084106 ], [ -122.025983379729226, 36.952326301979014 ], [ -122.025983431067459, 36.952326010223892 ], [ -122.025983437088939, 36.952325974998772 ], [ -122.02598349634593, 36.952325630871215 ], [ -122.025983488035592, 36.952325387659663 ], [ -122.025983481025008, 36.952325208415246 ], [ -122.025983468565741, 36.952324871534593 ], [ -122.02598345796126, 36.952324570677128 ], [ -122.025983408921277, 36.952324367650746 ], [ -122.025983368453268, 36.952324199658548 ], [ -122.025983259611237, 36.952323761304065 ], [ -122.025983202072609, 36.952323526847472 ], [ -122.025983132728939, 36.952323374553309 ], [ -122.025983075215137, 36.952323251843495 ], [ -122.025983022447832, 36.952323141688154 ], [ -122.025983004877091, 36.952323105870676 ], [ -122.02598278538251, 36.952322637422832 ], [ -122.025982731620786, 36.95232253358882 ], [ -122.025982666669989, 36.952322431703621 ], [ -122.025982622785861, 36.952322371898482 ], [ -122.025982603024872, 36.952322338813232 ], [ -122.025982562563314, 36.952322281666831 ], [ -122.02598246125099, 36.952322158629052 ], [ -122.025982337731122, 36.952321992624967 ], [ -122.025982318116561, 36.952321966747277 ], [ -122.025982254050319, 36.952321853135096 ], [ -122.025982185676924, 36.952321748591146 ], [ -122.025982143025203, 36.95232169417698 ], [ -122.025982083168785, 36.952321621964245 ], [ -122.025982054518764, 36.95232159350126 ], [ -122.025982006473853, 36.952321549971899 ], [ -122.02598191607008, 36.952321466443564 ], [ -122.025981402632979, 36.952320954981055 ], [ -122.025981243428816, 36.95232080115948 ], [ -122.025981145423358, 36.952320730347239 ], [ -122.025981072718523, 36.952320688942955 ], [ -122.025980357200581, 36.952320179224138 ], [ -122.025980247841261, 36.952320102252173 ], [ -122.02598011970943, 36.952320040846089 ], [ -122.025980086843717, 36.952320025956055 ], [ -122.025979154444272, 36.952319563233786 ], [ -122.02597911819251, 36.952319547486866 ], [ -122.0259789622894, 36.952319500863226 ], [ -122.025977934606132, 36.952319156542259 ], [ -122.025977895059924, 36.952319144443244 ], [ -122.025976603487791, 36.952318909915945 ], [ -122.025975282912498, 36.952318850598431 ], [ -122.025973968115366, 36.952318965134253 ], [ -122.025969905991104, 36.952320090709989 ], [ -122.025969756408827, 36.952320134122225 ], [ -122.025969208174359, 36.952320286388364 ], [ -122.025969055755255, 36.95232035597212 ], [ -122.025965824326988, 36.952321691466537 ], [ -122.025964955770377, 36.952322049790652 ], [ -122.025964886665349, 36.952322075027112 ], [ -122.025964729664437, 36.952322140164931 ], [ -122.025964696298544, 36.952322155921763 ], [ -122.025963581906197, 36.952322794127575 ], [ -122.025963341017828, 36.952322930655825 ], [ -122.025962532994868, 36.952323394527724 ], [ -122.025960619358727, 36.952324486577389 ], [ -122.025960236770871, 36.952324778161845 ], [ -122.025958796029386, 36.952325878441428 ], [ -122.02595818890974, 36.952326337881544 ], [ -122.025957666007116, 36.952326742148301 ], [ -122.025957631738265, 36.952326768731211 ], [ -122.02595697934386, 36.952327265712498 ], [ -122.02595643608899, 36.95232782885445 ], [ -122.025948438811739, 36.952336108181406 ], [ -122.025948398137018, 36.952336151069481 ], [ -122.025948333314957, 36.952336221309189 ], [ -122.025947207179641, 36.952337386862588 ], [ -122.025941992371429, 36.952345058421301 ], [ -122.025939565379616, 36.952348627341216 ], [ -122.025938160607126, 36.952351332162948 ], [ -122.025930125081118, 36.952366792642856 ], [ -122.025930105625378, 36.952366829846092 ], [ -122.025929245448339, 36.95236848486762 ], [ -122.025923135017734, 36.952379659343144 ], [ -122.02590546153472, 36.952408144637161 ], [ -122.025900365350154, 36.952415907463696 ], [ -122.025890928127836, 36.952429306346573 ], [ -122.025882164948925, 36.952441615884922 ], [ -122.025875021846787, 36.952451648551204 ], [ -122.025873398509333, 36.952453930872352 ], [ -122.025872616427179, 36.952455118958049 ], [ -122.025856520082868, 36.952479547190421 ], [ -122.025854755441202, 36.95248222517904 ], [ -122.025844379441722, 36.952497114289201 ], [ -122.025839551956409, 36.952502407049259 ], [ -122.02581504835436, 36.952524886086188 ], [ -122.025793485758967, 36.952543396557324 ], [ -122.025781585706326, 36.952552633538069 ], [ -122.025781528156188, 36.95255267484454 ], [ -122.025781460740831, 36.952552727995595 ], [ -122.025772442621019, 36.952558459496849 ], [ -122.025772404837838, 36.952558478916174 ], [ -122.025771743166615, 36.952558795780561 ], [ -122.02577169537183, 36.952558819836852 ], [ -122.025771666459462, 36.952558833732965 ], [ -122.025764055610537, 36.952562480397631 ], [ -122.025763866566862, 36.952562571187713 ], [ -122.025762834574522, 36.952563065024542 ], [ -122.025762656701588, 36.952563152964935 ], [ -122.025762488693928, 36.952563229060736 ], [ -122.025762242856544, 36.952563343123622 ], [ -122.025748295069192, 36.952569835748946 ], [ -122.025735014771556, 36.952577292919408 ], [ -122.025728972239705, 36.952581144355925 ], [ -122.025722850974645, 36.952585542040183 ], [ -122.025716492973956, 36.952590114948499 ], [ -122.025716294833572, 36.952590255422805 ], [ -122.025716231762033, 36.952590301307424 ], [ -122.025716181978353, 36.952590338006317 ], [ -122.025706180736506, 36.952597698194289 ], [ -122.025705905242248, 36.952597900060255 ], [ -122.025704144003043, 36.952599198285483 ], [ -122.025695723965711, 36.952604744420903 ], [ -122.02569512008796, 36.952605142536498 ], [ -122.025695009294793, 36.952605216081189 ], [ -122.025681020732975, 36.952612687019077 ], [ -122.025680079661853, 36.952613068819588 ], [ -122.025674690207111, 36.952615240907974 ], [ -122.025674381706537, 36.9526153657037 ], [ -122.025670747957989, 36.952616519908489 ], [ -122.025670271602081, 36.952616673035052 ], [ -122.025667580608413, 36.952617528326428 ], [ -122.025667519269476, 36.952617548955175 ], [ -122.025667486897859, 36.952617558390642 ], [ -122.02566475898135, 36.952618143809197 ], [ -122.02566278569094, 36.952618566151671 ], [ -122.025662670541678, 36.952618591089241 ], [ -122.025658570809128, 36.952618971864794 ], [ -122.025657713412528, 36.952619050672794 ], [ -122.02565717527861, 36.952619036986938 ], [ -122.02565684835325, 36.952619028648137 ], [ -122.025656798905075, 36.952619026591613 ], [ -122.025655870963391, 36.952619004488547 ], [ -122.025652852263917, 36.95261892863612 ], [ -122.025652724253874, 36.95261892850872 ], [ -122.025651849231835, 36.95261880297798 ], [ -122.02565168042473, 36.952618784459538 ], [ -122.025651506889446, 36.952618754287485 ], [ -122.025648724040693, 36.952618349119348 ], [ -122.02564837717145, 36.952618298685749 ], [ -122.025647980744196, 36.952618240789889 ], [ -122.025647797270409, 36.952618218858596 ], [ -122.025647739744656, 36.95261820609349 ], [ -122.02563974202819, 36.952616185744553 ], [ -122.025639632589403, 36.952616160140948 ], [ -122.025639413974332, 36.952616066574542 ], [ -122.02563934608915, 36.952616041328433 ], [ -122.025639231940417, 36.952616004972164 ], [ -122.025639127748548, 36.952615961276202 ], [ -122.025639018199968, 36.952615930266894 ], [ -122.025638354032935, 36.952615682119266 ], [ -122.025631859468504, 36.952613256393548 ], [ -122.025630815572825, 36.952612722131306 ], [ -122.025629359826922, 36.952611978775593 ], [ -122.025624621591163, 36.952609560708865 ], [ -122.025620686441528, 36.952607098789883 ], [ -122.025601610071732, 36.952595164354996 ], [ -122.025600067876397, 36.952594200438227 ], [ -122.025595914986425, 36.952591245714963 ], [ -122.025595806749735, 36.952591168727956 ], [ -122.025580500805575, 36.952580275391391 ], [ -122.025579182606975, 36.952579338282661 ], [ -122.025572063633987, 36.952573867504086 ], [ -122.025564949225611, 36.952568400270117 ], [ -122.025556880028674, 36.952562086697611 ], [ -122.02554880856971, 36.952555772252978 ], [ -122.025541814873392, 36.95254961403063 ], [ -122.025540273517336, 36.952547917437563 ], [ -122.025540101214986, 36.952547726838013 ], [ -122.025536538341981, 36.952543801925863 ], [ -122.025535698744903, 36.952542877479623 ], [ -122.025534133186653, 36.952541205535141 ], [ -122.025533097914661, 36.952540100708184 ], [ -122.025532158298503, 36.952539337981698 ], [ -122.025532032582802, 36.95253922968184 ], [ -122.025532000674971, 36.952539206668447 ], [ -122.025531952721622, 36.95253916764365 ], [ -122.025531677551484, 36.952538943243788 ], [ -122.025531422014112, 36.952538745622654 ], [ -122.025531225728912, 36.952538590483172 ], [ -122.025530074685193, 36.952537645779742 ], [ -122.025530028202212, 36.952537623858291 ], [ -122.025529964532865, 36.952537585039103 ], [ -122.025529884946252, 36.952537536515173 ], [ -122.02552979625095, 36.952537481802061 ], [ -122.025529729122354, 36.952537438522256 ], [ -122.025527917713418, 36.952536322221619 ], [ -122.025526650916248, 36.952535538542648 ], [ -122.025526569688338, 36.952535519779353 ], [ -122.025526254898367, 36.952535445494746 ], [ -122.025524986739484, 36.952535147573094 ], [ -122.025524678214936, 36.952535160621615 ], [ -122.025523905164789, 36.952535190562173 ], [ -122.025523695621729, 36.952535267201085 ], [ -122.025522885769973, 36.952535586002774 ], [ -122.025521639059761, 36.952536178172565 ], [ -122.025519668130471, 36.952539480673558 ], [ -122.025518290214904, 36.952541794924869 ], [ -122.025518138123942, 36.952542046543435 ], [ -122.025517816938219, 36.952542707710627 ], [ -122.025517762822659, 36.952542807549172 ], [ -122.025517678574346, 36.952542971766213 ], [ -122.025515899420782, 36.95254659438271 ], [ -122.025515672995368, 36.952547056049085 ], [ -122.025514630180382, 36.952549173062089 ], [ -122.025514378331238, 36.952550041496146 ], [ -122.025513008224365, 36.952554730271402 ], [ -122.025512473892903, 36.952556562164894 ], [ -122.025512458573246, 36.952556637163802 ], [ -122.025512444778798, 36.952556731968897 ], [ -122.025510629361236, 36.952569183081849 ], [ -122.025510300776119, 36.952573902388224 ], [ -122.025510237985642, 36.952578273963894 ], [ -122.025511033384547, 36.952587083468536 ], [ -122.025513474936304, 36.952597497175709 ], [ -122.025513642118554, 36.952598209629159 ], [ -122.025514741879576, 36.952601052001171 ], [ -122.025514777533274, 36.952601148862797 ], [ -122.025517447477881, 36.952608046757021 ], [ -122.025517824349066, 36.952609021415768 ], [ -122.025519727470666, 36.952614265752779 ], [ -122.025520549561179, 36.952616539504305 ], [ -122.025520826786192, 36.952617307292719 ], [ -122.02552104191443, 36.952618611198332 ], [ -122.025522235710895, 36.95262586184505 ], [ -122.025522622394192, 36.952643018979863 ], [ -122.02552266317322, 36.952645302953897 ], [ -122.025522663978464, 36.952645342595545 ], [ -122.025522927173739, 36.952659626561442 ], [ -122.025522965994654, 36.952661814134146 ], [ -122.025523184361006, 36.952663774962275 ], [ -122.025524361012344, 36.952674382752726 ], [ -122.025524365441484, 36.952674434963633 ], [ -122.025524567134369, 36.952676238302296 ], [ -122.025525594568947, 36.952686907523358 ], [ -122.025525647084564, 36.952687447548065 ], [ -122.025525641733736, 36.952687571080645 ], [ -122.025525629317173, 36.95268801012088 ], [ -122.025525628041976, 36.952688057900424 ], [ -122.025525535781611, 36.952691199742262 ], [ -122.025525443503341, 36.952691742562621 ], [ -122.025525316955537, 36.95269247778409 ], [ -122.025525180231384, 36.952693209534004 ], [ -122.025524484737929, 36.952696891869515 ], [ -122.025524460431427, 36.9526970219584 ], [ -122.025524378433516, 36.952697462810214 ], [ -122.025515670180468, 36.952721823167451 ], [ -122.02550873700639, 36.952735339754092 ], [ -122.025508048059436, 36.952736304025656 ], [ -122.02550802400323, 36.952736335881902 ], [ -122.025507341944376, 36.95273725230043 ], [ -122.025506630673902, 36.952738223172354 ], [ -122.025506097918083, 36.952738971819173 ], [ -122.025505697669473, 36.952739499744006 ], [ -122.025505566492313, 36.952739675389232 ], [ -122.025505063430032, 36.952740338034822 ], [ -122.025504644756467, 36.952740898643384 ], [ -122.02550418345534, 36.952741516584481 ], [ -122.025503283366191, 36.952742534084919 ], [ -122.025501792685006, 36.952743940514274 ], [ -122.0255014313244, 36.952744282285892 ], [ -122.025500142286418, 36.952745499531396 ], [ -122.025498718100522, 36.95274653109837 ], [ -122.025497765397503, 36.952747224860047 ], [ -122.025497223167733, 36.952747617662126 ], [ -122.025496543751544, 36.952748111389596 ], [ -122.025494798222269, 36.952749077769475 ], [ -122.025494771591553, 36.952749093438065 ], [ -122.025494570637932, 36.95274920601198 ], [ -122.025493051606929, 36.952750045965885 ], [ -122.025492913944703, 36.952750123466629 ], [ -122.025492583040489, 36.952750306230961 ], [ -122.025492553060317, 36.952750322844544 ], [ -122.025487926485582, 36.952752130776709 ], [ -122.025485421026886, 36.952753109802501 ], [ -122.025485385378957, 36.952753123786721 ], [ -122.025481060132677, 36.952754122115529 ], [ -122.025477912902701, 36.952754849996005 ], [ -122.025470446919982, 36.95275579028533 ], [ -122.025456602934639, 36.952756837449805 ], [ -122.025449859442375, 36.952756861691761 ], [ -122.025449568493798, 36.952756855585228 ], [ -122.025449297788242, 36.952756851016233 ], [ -122.025447460412238, 36.952756667781976 ], [ -122.025443178041812, 36.952756238970359 ], [ -122.025442941715198, 36.952756213224283 ], [ -122.025438078711005, 36.952755668546381 ], [ -122.025437157411588, 36.952755641848746 ], [ -122.025436053022474, 36.952755612139399 ], [ -122.025433992973262, 36.952755577810322 ], [ -122.025433370700028, 36.952755567927809 ], [ -122.02542891141897, 36.952755495596442 ], [ -122.025428877705039, 36.952755494235134 ], [ -122.025426794825108, 36.952755717944008 ], [ -122.025426430719747, 36.952755758755018 ], [ -122.025424064156098, 36.952756334033182 ], [ -122.025421841817888, 36.952757210223027 ], [ -122.025419824934431, 36.952758361290343 ], [ -122.025418064558551, 36.95275975772914 ], [ -122.025416609388358, 36.952761364657405 ], [ -122.025415496676388, 36.952763136528311 ], [ -122.02541524214169, 36.952763817550547 ], [ -122.025415228097174, 36.952763844769905 ], [ -122.025414832653595, 36.952764830434234 ], [ -122.025414752504503, 36.952765030644954 ], [ -122.025414611520389, 36.952765829138258 ], [ -122.025414604394314, 36.952765865278927 ], [ -122.02541458295488, 36.952766025970618 ], [ -122.025414549679567, 36.952766212050328 ], [ -122.025414458938187, 36.952766664731925 ], [ -122.025414414156259, 36.952766892416726 ], [ -122.025414399403701, 36.952766995344973 ], [ -122.025414430381389, 36.952767746529183 ], [ -122.025414426525231, 36.952767833093525 ], [ -122.025414427543694, 36.952767938519003 ], [ -122.025414434484759, 36.952768390823792 ], [ -122.025414445348261, 36.952768980958744 ], [ -122.02541470523235, 36.952770111251212 ], [ -122.025415493383363, 36.952773533559018 ], [ -122.025415508891854, 36.952773578415425 ], [ -122.025415828240924, 36.952774982791809 ], [ -122.025415925451952, 36.952775401472842 ], [ -122.02541648729661, 36.952776637759591 ], [ -122.025416849354897, 36.952777435979925 ], [ -122.02541698921813, 36.95277774325703 ], [ -122.025417996483952, 36.952779956910746 ], [ -122.025418037366208, 36.95278003477911 ], [ -122.025418395541223, 36.952780835303237 ], [ -122.025418712321667, 36.952781532732452 ], [ -122.025419378195039, 36.95278247297022 ], [ -122.025419396668624, 36.952782497961735 ], [ -122.025420019744018, 36.952783376577536 ], [ -122.02542032612034, 36.952783810545867 ], [ -122.025421835940989, 36.952785944628566 ], [ -122.025421899421147, 36.952786029410788 ], [ -122.025422128370622, 36.952786355348486 ], [ -122.02542215483038, 36.952786386543877 ], [ -122.025422735180996, 36.952787207141505 ], [ -122.02542338482094, 36.952787845694196 ], [ -122.02542448248326, 36.952788926275041 ], [ -122.025424915601022, 36.952789353178112 ], [ -122.025424947637021, 36.952789382498104 ], [ -122.025426832539907, 36.952791242218851 ], [ -122.025426877125611, 36.952791281287752 ], [ -122.025426914884335, 36.952791315940004 ], [ -122.025427881919541, 36.952792267557818 ], [ -122.02542833078428, 36.95279258521127 ], [ -122.025430234242336, 36.952793921099897 ], [ -122.02543064315816, 36.952794206833268 ], [ -122.025433221466116, 36.95279604035963 ], [ -122.025433328452294, 36.95279611105483 ], [ -122.02543350376294, 36.952796228619007 ], [ -122.02543366646907, 36.95279633373152 ], [ -122.025434002460372, 36.952796567248939 ], [ -122.025440757029259, 36.952799962865463 ], [ -122.025441229938338, 36.952800192789233 ], [ -122.025441648432988, 36.952800397290474 ], [ -122.025447221769824, 36.952802412422962 ], [ -122.02544726475719, 36.952802428081924 ], [ -122.025447326974685, 36.952802450698762 ], [ -122.025447470658207, 36.952802503791347 ], [ -122.025447597356745, 36.952802549896617 ], [ -122.025447633553696, 36.952802562940825 ], [ -122.025447958185481, 36.952802679452596 ], [ -122.025454133680242, 36.952805040872967 ], [ -122.025454994530364, 36.952805518954541 ], [ -122.025459537230716, 36.952808039618255 ], [ -122.025459760977014, 36.95280816465938 ], [ -122.025460347412292, 36.952808566125576 ], [ -122.025466281285986, 36.952812631245251 ], [ -122.025473564078069, 36.95281826119961 ], [ -122.025476158268134, 36.952820268446203 ], [ -122.025477545428501, 36.952821338930711 ], [ -122.025478664335765, 36.952822359754812 ], [ -122.025479054509574, 36.952822717828155 ], [ -122.025483059902612, 36.952826371102617 ], [ -122.025483957906502, 36.952827351559918 ], [ -122.025484663016869, 36.952828122762078 ], [ -122.025488003533582, 36.952831769415056 ], [ -122.025492121801605, 36.952837441672379 ], [ -122.025492382860804, 36.95283780053375 ], [ -122.025493532290028, 36.952839384199926 ], [ -122.025497327526821, 36.95284656656596 ], [ -122.025497342687643, 36.952846594304411 ], [ -122.025497821427706, 36.95284749823908 ], [ -122.02549791998797, 36.952847789835168 ], [ -122.025499889308051, 36.952853611868186 ], [ -122.025500307428103, 36.95285484823259 ], [ -122.025501384405032, 36.952862096803329 ], [ -122.025501433449818, 36.952862410675714 ], [ -122.025501517598116, 36.95286539250182 ], [ -122.025501602923953, 36.952868377016102 ], [ -122.025500889778201, 36.952880477564911 ], [ -122.025500262283273, 36.952884135579801 ], [ -122.025500114887521, 36.952885005350801 ], [ -122.025500079922466, 36.952885163515894 ], [ -122.025499954014577, 36.952885930270511 ], [ -122.025499836978511, 36.952886359865282 ], [ -122.025499677820918, 36.952886926991525 ], [ -122.025498222750301, 36.952891855692627 ], [ -122.025498187034884, 36.952891976918892 ], [ -122.025497802413867, 36.952893274252439 ], [ -122.025489746863741, 36.952914389907534 ], [ -122.025479525999884, 36.95293974243225 ], [ -122.025466111119016, 36.9529717018873 ], [ -122.02546364545249, 36.952977238592858 ], [ -122.025461178663079, 36.952982775313082 ], [ -122.025453030856312, 36.952997470318032 ], [ -122.025434284302563, 36.95302422217631 ], [ -122.025422335276474, 36.953038848854703 ], [ -122.02542081947459, 36.953040677366893 ], [ -122.025420762436312, 36.953040743899734 ], [ -122.025408013160529, 36.953056107402347 ], [ -122.025407188962632, 36.953057102280731 ], [ -122.025406072238525, 36.953058676844186 ], [ -122.025396748088554, 36.95307184620598 ], [ -122.025396225212887, 36.953072583908749 ], [ -122.025396028533848, 36.953072962276572 ], [ -122.02539600040808, 36.953073014913372 ], [ -122.025390509887117, 36.953083426055457 ], [ -122.025390437400745, 36.953083561280522 ], [ -122.025390378001063, 36.953083677409481 ], [ -122.025390343401625, 36.953083853593519 ], [ -122.025390295727448, 36.95308410474702 ], [ -122.025390224868985, 36.953084485974728 ], [ -122.025389998004783, 36.953085700137201 ], [ -122.025389800269579, 36.953086938701304 ], [ -122.025389761444785, 36.953087210916912 ], [ -122.025389730993595, 36.953087480770058 ], [ -122.025389705735165, 36.953087564009621 ], [ -122.025389714618015, 36.95308761435988 ], [ -122.025389730218009, 36.953087663721057 ], [ -122.025389773771295, 36.953088038945999 ], [ -122.025389803921229, 36.953088307105112 ], [ -122.02538984154495, 36.953088556241546 ], [ -122.025389988250396, 36.953089697927822 ], [ -122.025389995626313, 36.953089729372849 ], [ -122.02539001945037, 36.953089796650119 ], [ -122.025390033171234, 36.953089864059649 ], [ -122.025390044280883, 36.953089913479538 ], [ -122.025390581652317, 36.953092100838262 ], [ -122.025390650152985, 36.953092377507545 ], [ -122.025390721502703, 36.953092683878666 ], [ -122.025390771737349, 36.953092890494368 ], [ -122.025390798965702, 36.953092959529506 ], [ -122.025390817042449, 36.953093075546064 ], [ -122.025390993821844, 36.953093707668579 ], [ -122.025391005547405, 36.953093842693157 ], [ -122.025391045830077, 36.953094333312741 ], [ -122.0253911661475, 36.953095779044055 ], [ -122.025391321934279, 36.953097644264268 ], [ -122.02539133119501, 36.953097768506815 ], [ -122.025391334190459, 36.953097805416284 ], [ -122.025391002749387, 36.953101831747389 ], [ -122.025390968650328, 36.95310197728454 ], [ -122.025390926448978, 36.953102166184578 ], [ -122.025389997973278, 36.953105766855792 ], [ -122.025389933423796, 36.953106016427711 ], [ -122.025389897854453, 36.953106144861508 ], [ -122.02538974084294, 36.953106762425946 ], [ -122.025389467270102, 36.953107833009703 ], [ -122.025388926894436, 36.953109035953581 ], [ -122.025388352115002, 36.953110314146045 ], [ -122.02538822108896, 36.953110607844579 ], [ -122.025387021110959, 36.953113280240949 ], [ -122.025386880347625, 36.953113592090617 ], [ -122.025385891642941, 36.953115720109885 ], [ -122.025385742100255, 36.953116041987492 ], [ -122.025385586114893, 36.953116378368307 ], [ -122.025384856680063, 36.953117947864868 ], [ -122.025384508142068, 36.953118147080886 ], [ -122.025384337204173, 36.953118244842933 ], [ -122.025384276157567, 36.953118279886674 ], [ -122.025383472484762, 36.953118737389218 ], [ -122.025383249914427, 36.953118780854339 ], [ -122.025381987167606, 36.953119026275594 ], [ -122.025381666225414, 36.953118980909075 ], [ -122.025380773236705, 36.953118855611208 ], [ -122.025379566969605, 36.95311845414286 ], [ -122.025379207298698, 36.953118326373854 ], [ -122.025379013043491, 36.953118271239262 ], [ -122.025378564231147, 36.953118122106737 ], [ -122.025377966213327, 36.953117924459796 ], [ -122.025377793214005, 36.953117865442408 ], [ -122.025377542396896, 36.953117734446892 ], [ -122.02537740406953, 36.953117668667616 ], [ -122.025377078466676, 36.953117504405441 ], [ -122.02537704100061, 36.953117484168281 ], [ -122.025376971864361, 36.953117452630039 ], [ -122.025376774247789, 36.953117342567026 ], [ -122.025376711792134, 36.953117308237829 ], [ -122.025376454221274, 36.953117176429551 ], [ -122.025375764518472, 36.953116832187462 ], [ -122.025375067860566, 36.95311647722211 ], [ -122.025374779528889, 36.953116268314197 ], [ -122.025374690576811, 36.953116200987743 ], [ -122.025374422890721, 36.953116013438212 ], [ -122.02537397133986, 36.953115674191167 ], [ -122.025373931445685, 36.953115644973948 ], [ -122.025372682156856, 36.953114728589703 ], [ -122.025371351408069, 36.953113726757273 ], [ -122.025370859999697, 36.95311336009491 ], [ -122.025367312623828, 36.953110696635406 ], [ -122.02536704119774, 36.95311054608343 ], [ -122.025366476833526, 36.95311023624901 ], [ -122.025361248686067, 36.953107360469367 ], [ -122.025354189988875, 36.953104085079588 ], [ -122.025347131292321, 36.953100809689388 ], [ -122.025338026556383, 36.953096586882786 ], [ -122.025328922962302, 36.953092364961769 ], [ -122.02531267424979, 36.953084758833604 ], [ -122.025296431208375, 36.953077155332572 ], [ -122.025293039541552, 36.953075302704143 ], [ -122.025289663774046, 36.953073458879409 ], [ -122.025289214126857, 36.953073213330583 ], [ -122.025289088038221, 36.953073141983943 ], [ -122.025289058412, 36.953073120743007 ], [ -122.025288803038109, 36.953072931229833 ], [ -122.025288645706624, 36.953072814331435 ], [ -122.025288600754905, 36.95307275724349 ], [ -122.025288222941953, 36.953072289063094 ], [ -122.025287879637204, 36.953071640193969 ], [ -122.025287733552631, 36.953071026594678 ], [ -122.025287719350658, 36.953070824914697 ], [ -122.025287685968863, 36.953070342315456 ], [ -122.025287763442591, 36.953069733902325 ], [ -122.025287909374512, 36.9530692895108 ], [ -122.025287937909297, 36.953069201722442 ], [ -122.025288506726, 36.953067464003425 ], [ -122.025288620079294, 36.95306690829095 ], [ -122.025288641665441, 36.953066754806869 ], [ -122.025288702171395, 36.953066306125713 ], [ -122.025288839022096, 36.953065304018544 ], [ -122.025288891338022, 36.953064230922323 ], [ -122.025288890569499, 36.953064193082582 ], [ -122.025288881955717, 36.953064045400694 ], [ -122.025288877563312, 36.953063994991709 ], [ -122.025288829400409, 36.953063226909762 ], [ -122.025288819206594, 36.953063056718868 ], [ -122.025288747894919, 36.953062586331264 ], [ -122.025288700791393, 36.95306220214087 ], [ -122.025288635495116, 36.953061751500655 ], [ -122.025288599372161, 36.953061576241858 ], [ -122.025288580636911, 36.95306142779117 ], [ -122.025288575286609, 36.953061385505393 ], [ -122.025288564988529, 36.95306132075472 ], [ -122.025288528914061, 36.95306120317116 ], [ -122.025288513497131, 36.953061162819502 ], [ -122.025288499038041, 36.953061114344607 ], [ -122.025288423692459, 36.953060832357714 ], [ -122.02528806780343, 36.953059840301144 ], [ -122.025287669037652, 36.953058672173 ], [ -122.02528725474869, 36.953057900769892 ], [ -122.025284548942963, 36.953052885917742 ], [ -122.025284153877948, 36.953052176445013 ], [ -122.025283841516995, 36.953051613685005 ], [ -122.025282489538725, 36.953049621725391 ], [ -122.025281891159494, 36.953048742785754 ], [ -122.025280913009681, 36.953047299264355 ], [ -122.025280558142569, 36.95304685511578 ], [ -122.025276516088979, 36.953041783846473 ], [ -122.02527575857151, 36.953040975478771 ], [ -122.025270610937952, 36.953035484300152 ], [ -122.025270093309658, 36.953034932335946 ], [ -122.02526975160157, 36.953034638513287 ], [ -122.025269654462264, 36.953034555072492 ], [ -122.025265242555449, 36.953030679108331 ], [ -122.025264482669414, 36.953030141127449 ], [ -122.025260968056344, 36.953027652967613 ], [ -122.025260314363479, 36.953027201913827 ], [ -122.025260222025594, 36.953027133730373 ], [ -122.025259853869699, 36.953026864585745 ], [ -122.025259659566373, 36.953026751775667 ], [ -122.025259500465623, 36.953026658331162 ], [ -122.025254582434627, 36.953023792007897 ], [ -122.025254531333033, 36.953023763838445 ], [ -122.025254039028155, 36.953023518847445 ], [ -122.025253968714637, 36.953023484620978 ], [ -122.025253253084117, 36.953023135310254 ], [ -122.025253151045533, 36.953023087079771 ], [ -122.025249672387176, 36.953021429343181 ], [ -122.025246779994717, 36.953020054119349 ], [ -122.0252463082806, 36.953019827783869 ], [ -122.02524597363653, 36.953019715908454 ], [ -122.025239708975477, 36.95301760887665 ], [ -122.025239278198399, 36.953017463112481 ], [ -122.025236060094528, 36.953016858157525 ], [ -122.025235931571487, 36.953016832803172 ], [ -122.025235615876753, 36.953016769343854 ], [ -122.025233601573973, 36.953016389258394 ], [ -122.025233377265636, 36.953016347133286 ], [ -122.025231860015055, 36.953016058775084 ], [ -122.025224704045414, 36.953015678359598 ], [ -122.025224647843203, 36.953015675490064 ], [ -122.025224267862185, 36.953015653425069 ], [ -122.025221488901479, 36.953015882630908 ], [ -122.025218853219855, 36.953016476745326 ], [ -122.025218786340758, 36.953016501051046 ], [ -122.025216362897737, 36.953017427630421 ], [ -122.025216271889136, 36.953017480188514 ], [ -122.025214111682985, 36.953018707024228 ], [ -122.025214054223696, 36.953018752835185 ], [ -122.025213986844051, 36.953018807787757 ], [ -122.025212749424725, 36.953019802662944 ], [ -122.025212163880127, 36.953020274433463 ], [ -122.025212139695654, 36.953020299983073 ], [ -122.025211991568867, 36.953020470442574 ], [ -122.025208871431047, 36.953024025884133 ], [ -122.025208574018237, 36.953024365015963 ], [ -122.025207243707428, 36.953025927952417 ], [ -122.025207221786431, 36.953025954373537 ], [ -122.025207166883362, 36.953026015471259 ], [ -122.025207048962827, 36.953026125156107 ], [ -122.025206991649895, 36.953026178174667 ], [ -122.025205887481562, 36.953027210057698 ], [ -122.025195988889053, 36.953034764415392 ], [ -122.025195469034031, 36.953035153318588 ], [ -122.025195004466411, 36.953035500044038 ], [ -122.025189400888124, 36.953039681852502 ], [ -122.025183456622614, 36.953044117745748 ], [ -122.025182761997868, 36.95304463690352 ], [ -122.025182706801971, 36.953044683586015 ], [ -122.025171343550753, 36.953054428959653 ], [ -122.025170846878936, 36.953054853606943 ], [ -122.025170417946214, 36.953055296293066 ], [ -122.025164646764424, 36.953061233100186 ], [ -122.025164604948017, 36.95306127510176 ], [ -122.025163897747277, 36.953062004400344 ], [ -122.025163443048768, 36.953062615945313 ], [ -122.025161593627473, 36.953065102178115 ], [ -122.025161459172722, 36.953065282371774 ], [ -122.025160891867259, 36.953066044085453 ], [ -122.025159306004284, 36.953069067582518 ], [ -122.025158841078479, 36.953069949617209 ], [ -122.025158615149763, 36.953070380636021 ], [ -122.025157113023525, 36.953074928746311 ], [ -122.025154679279169, 36.953089005570874 ], [ -122.025154388719159, 36.953095653818806 ], [ -122.025154246224616, 36.953098921582168 ], [ -122.02515420241825, 36.953099916163808 ], [ -122.025154059313437, 36.95310320916834 ], [ -122.025154720027828, 36.95313574416879 ], [ -122.025155658645076, 36.953181963654295 ], [ -122.02515604411137, 36.953200944807165 ], [ -122.025156562335823, 36.953226463231964 ], [ -122.025157577989333, 36.953240977972591 ], [ -122.025159407161738, 36.953262210329648 ], [ -122.025159420613249, 36.953262375070793 ], [ -122.025159407958199, 36.953265898875145 ], [ -122.025159405763063, 36.953266564880622 ], [ -122.0251593769908, 36.953275653721811 ], [ -122.02515817031211, 36.953286180042838 ], [ -122.025158165284708, 36.953286208946572 ], [ -122.025158065197374, 36.953287086208931 ], [ -122.025157860141732, 36.953288876845001 ], [ -122.025157594240085, 36.953289938315976 ], [ -122.025157260767827, 36.953291266520765 ], [ -122.025155548684808, 36.953298082959982 ], [ -122.025154997028537, 36.953299394192676 ], [ -122.025154969414857, 36.953299472055924 ], [ -122.025151810497974, 36.953306979705438 ], [ -122.025145653843836, 36.953317269778019 ], [ -122.02514531819898, 36.953317827496853 ], [ -122.025139685638408, 36.953327218539222 ], [ -122.025139396691173, 36.953327698145159 ], [ -122.025138735648454, 36.953329152294842 ], [ -122.025135244332517, 36.953336824702987 ], [ -122.025135226053592, 36.953336864594306 ], [ -122.025134659644991, 36.95333811293677 ], [ -122.025130797700029, 36.953346334509312 ], [ -122.025122344779135, 36.9533590040094 ], [ -122.025097487412822, 36.95338786341145 ], [ -122.025086916497543, 36.953398365322172 ], [ -122.025085997470413, 36.953399280331695 ], [ -122.025077137332275, 36.953408098978144 ], [ -122.025076560568365, 36.953408671565988 ], [ -122.025074055498038, 36.953411716997941 ], [ -122.02506890611798, 36.953417973698834 ], [ -122.025068003632171, 36.953419371527829 ], [ -122.025067961058795, 36.953419431562935 ], [ -122.025063252546204, 36.95342671796034 ], [ -122.025062506754608, 36.953427869518222 ], [ -122.025062409008399, 36.953428087982665 ], [ -122.025061846331582, 36.953429354299679 ], [ -122.025059993826716, 36.953433514074199 ], [ -122.025059550268367, 36.953434508477265 ], [ -122.025058004668708, 36.953441450705917 ], [ -122.025057815210886, 36.953443899003858 ], [ -122.025057271427372, 36.953450906532268 ], [ -122.025057090505953, 36.953453222244107 ], [ -122.025057015931111, 36.953456959538308 ], [ -122.025057013990377, 36.953457029856267 ], [ -122.025056723021379, 36.953471621166209 ], [ -122.025056607197797, 36.95347741911209 ], [ -122.025056748787748, 36.953492354424696 ], [ -122.025056891518616, 36.953507290623541 ], [ -122.025057235439576, 36.953516319617684 ], [ -122.025057580446614, 36.953525346795232 ], [ -122.025058385060532, 36.953533838063684 ], [ -122.025058528031053, 36.953534630138869 ], [ -122.025060200740981, 36.953543845421045 ], [ -122.025063115475547, 36.953554890988869 ], [ -122.025063127488124, 36.953554929582758 ], [ -122.025066957624219, 36.953566319145985 ], [ -122.025067185029712, 36.953566790195644 ], [ -122.025077689837545, 36.953588586771254 ], [ -122.025078041524978, 36.953589316638194 ], [ -122.025078677292626, 36.953590267184822 ], [ -122.025082588128811, 36.953596119703946 ], [ -122.025083230851649, 36.953597080973807 ], [ -122.025084143388966, 36.953598445149602 ], [ -122.02508880697232, 36.953604096771215 ], [ -122.025089378047028, 36.953604792226969 ], [ -122.025090049293524, 36.953605609835094 ], [ -122.025090660646825, 36.953606353428107 ], [ -122.025090908169105, 36.95360665389039 ], [ -122.025091265026759, 36.953607085396918 ], [ -122.025094309961474, 36.953610331295117 ], [ -122.025094369671621, 36.953610396300654 ], [ -122.025094399499324, 36.953610427452062 ], [ -122.025094476414296, 36.953610510256375 ], [ -122.025095432186802, 36.953611515194375 ], [ -122.025099527563086, 36.953615893661798 ], [ -122.025105218304773, 36.953621641792274 ], [ -122.02510835714223, 36.953624811663367 ], [ -122.025110897583616, 36.953627378357034 ], [ -122.025119092284299, 36.953635002447726 ], [ -122.025127512979921, 36.953641977431118 ], [ -122.025141311132629, 36.953654368498064 ], [ -122.025141768992569, 36.953654907726879 ], [ -122.025144435540142, 36.953658044122534 ], [ -122.025144630447443, 36.953658352482421 ], [ -122.025144881032062, 36.953658748430229 ], [ -122.025145202747666, 36.953659274119708 ], [ -122.025145224753828, 36.953659307175769 ], [ -122.02514527584934, 36.953659390317782 ], [ -122.025147765765439, 36.953663450036274 ], [ -122.025151487264054, 36.953671922075223 ], [ -122.025151532721821, 36.953672059362155 ], [ -122.025154698452042, 36.953681584948121 ], [ -122.025154831248614, 36.95368220773328 ], [ -122.025157770696865, 36.953696072788127 ], [ -122.025158359388541, 36.953703109662115 ], [ -122.025158414097817, 36.95370375780071 ], [ -122.025158646953756, 36.953706543025653 ], [ -122.025158728438115, 36.953707514339989 ], [ -122.025158997128301, 36.953710737072782 ], [ -122.025158983270543, 36.953711049965712 ], [ -122.025158978700475, 36.953711101393118 ], [ -122.025158523510655, 36.953719872286456 ], [ -122.025158330183814, 36.95372362284963 ], [ -122.025157955383207, 36.953725514836606 ], [ -122.025155882209788, 36.953736004729045 ], [ -122.025155810855495, 36.953736361631059 ], [ -122.025151740511021, 36.953750357128158 ], [ -122.025147669060686, 36.953764353540741 ], [ -122.025145177807005, 36.953772945595965 ], [ -122.025140721972107, 36.953788306926519 ], [ -122.025139835150227, 36.953791360931795 ], [ -122.02513844130155, 36.953796762851447 ], [ -122.025130753434141, 36.953826538578681 ], [ -122.025130714825565, 36.953826683273526 ], [ -122.02513068779713, 36.953826789967046 ], [ -122.025128647424253, 36.953834693024945 ], [ -122.025123964850053, 36.953851496515377 ], [ -122.025121683696014, 36.953858104112946 ], [ -122.02511940368241, 36.953864712596769 ], [ -122.0251057529522, 36.953899671538146 ], [ -122.02509973073623, 36.953914262113599 ], [ -122.025093705204981, 36.953928855435628 ], [ -122.025085381178229, 36.953947875709829 ], [ -122.025074053179239, 36.953970147103 ], [ -122.025073063083681, 36.953972041730424 ], [ -122.025073040369094, 36.953972084383302 ], [ -122.025059479453375, 36.953998031181087 ], [ -122.025058664466414, 36.953999590980239 ], [ -122.025057374488824, 36.954002422257794 ], [ -122.025051121215711, 36.954016141701899 ], [ -122.025050311924844, 36.954017926723111 ], [ -122.02505027323113, 36.954018011940725 ], [ -122.025049751897654, 36.954019157859165 ], [ -122.025048760627001, 36.954021326462417 ], [ -122.025048447806427, 36.954022123598001 ], [ -122.025048180952183, 36.954022806582877 ], [ -122.025047530662093, 36.954024458852388 ], [ -122.025043525933469, 36.954034554053621 ], [ -122.02504239574742, 36.954037402165902 ], [ -122.025042371153489, 36.95403746286707 ], [ -122.025042281708778, 36.954037813697312 ], [ -122.025042246486052, 36.954037959249035 ], [ -122.025037779857925, 36.954055389840661 ], [ -122.025037571731147, 36.954056200025903 ], [ -122.025037367838664, 36.954056997539084 ], [ -122.025032372349415, 36.954076475333757 ], [ -122.025019877976916, 36.954108385746672 ], [ -122.025018766342427, 36.954111207481688 ], [ -122.025007511910502, 36.954139758274088 ], [ -122.025007476712574, 36.954139849754291 ], [ -122.025005998796772, 36.954143600897133 ], [ -122.02500275809345, 36.954152392000388 ], [ -122.024999517426011, 36.954161184905502 ], [ -122.024992643797233, 36.954179912242282 ], [ -122.024985770219899, 36.954198642281511 ], [ -122.02498448033775, 36.954202308055649 ], [ -122.024979642459684, 36.954216055845627 ], [ -122.024976459671336, 36.95422510032526 ], [ -122.024967592958461, 36.954250245843028 ], [ -122.024966310965922, 36.954253028351026 ], [ -122.024966227007212, 36.954253206982813 ], [ -122.024965376297075, 36.954255053825811 ], [ -122.024964279190542, 36.954256711037431 ], [ -122.024963705088595, 36.954257580981356 ], [ -122.024963334619386, 36.954258138253877 ], [ -122.024962954394297, 36.954258712776564 ], [ -122.024962380274005, 36.954259581819528 ], [ -122.024959679234755, 36.954262600072653 ], [ -122.024958737174771, 36.954263653263901 ], [ -122.024958654845832, 36.954263746261667 ], [ -122.024957132631641, 36.95426503954657 ], [ -122.024955331156363, 36.954266570792342 ], [ -122.024954975753147, 36.954266874634421 ], [ -122.024954323328558, 36.954267426582682 ], [ -122.02495426929076, 36.954267475052269 ], [ -122.02494887817582, 36.954272171350468 ], [ -122.024948746873335, 36.95427228571598 ], [ -122.024947760466233, 36.954273145732024 ], [ -122.024942438061444, 36.95427956690331 ], [ -122.024940820257299, 36.954282401565827 ], [ -122.024940255305296, 36.954283390346589 ], [ -122.024938675493146, 36.954286160527914 ], [ -122.024938438040849, 36.954286577278033 ], [ -122.024936243093322, 36.954291680565369 ], [ -122.024935758146626, 36.954293070228879 ], [ -122.02493195748697, 36.954303871089785 ], [ -122.024931837658073, 36.954304218712522 ], [ -122.024931794699086, 36.95430434273689 ], [ -122.024931728572895, 36.954304597736268 ], [ -122.024931695046178, 36.954304716230205 ], [ -122.024929482787201, 36.954315824348988 ], [ -122.024928460582416, 36.95432094924724 ], [ -122.024928236672991, 36.954324410929203 ], [ -122.02492823201132, 36.954324457851811 ], [ -122.024927747134797, 36.954331934127545 ], [ -122.024927744370714, 36.95433196390286 ], [ -122.024927579480476, 36.954334516416942 ], [ -122.024927481176817, 36.954339463413774 ], [ -122.024927220317124, 36.954352442107634 ], [ -122.024927220328735, 36.954352497981091 ], [ -122.024927214915223, 36.954352673783191 ], [ -122.024927096888248, 36.954358640279828 ], [ -122.024927126950502, 36.954359014780216 ], [ -122.024927330382894, 36.954361567884405 ], [ -122.024928082718958, 36.954371024107353 ], [ -122.024928107584003, 36.954371308557057 ], [ -122.024928525850967, 36.954372994613742 ], [ -122.024929391010332, 36.954376449261886 ], [ -122.024931214732831, 36.954383755661027 ], [ -122.024931498256464, 36.954384944222625 ], [ -122.024931580495519, 36.954385289202641 ], [ -122.024931654053205, 36.954385593742842 ], [ -122.024931672370585, 36.954385998136011 ], [ -122.024931689663461, 36.954386352076099 ], [ -122.024931719820458, 36.95438700774546 ], [ -122.024931729842265, 36.954387224800293 ], [ -122.024931741462325, 36.9543874652651 ], [ -122.024931655924945, 36.954388063870411 ], [ -122.024931512422896, 36.954389070570038 ], [ -122.024931500744515, 36.954389159039046 ], [ -122.024931476045552, 36.954389325180394 ], [ -122.024931148699807, 36.954390291928675 ], [ -122.024931135996923, 36.954390329944594 ], [ -122.024930909224679, 36.954390996183655 ], [ -122.024930888053248, 36.95439105954361 ], [ -122.024930864837799, 36.954391132843313 ], [ -122.024929996233553, 36.954392706860546 ], [ -122.024929920432186, 36.954392844832249 ], [ -122.02492842866944, 36.954394919047175 ], [ -122.024928304205389, 36.954395093702757 ], [ -122.024927260195923, 36.954396545650233 ], [ -122.024926548200455, 36.954397537255204 ], [ -122.024896644290777, 36.954436083677905 ], [ -122.024887509580026, 36.95444775635228 ], [ -122.024878376043844, 36.954459431714085 ], [ -122.024873977340945, 36.954465057670909 ], [ -122.024869578619061, 36.954470682726701 ], [ -122.024866781334936, 36.954474325857205 ], [ -122.02486401351922, 36.954477927147764 ], [ -122.024863977424616, 36.954477974481492 ], [ -122.024859504911902, 36.954483836612724 ], [ -122.024855032416752, 36.954489699644689 ], [ -122.024852558328803, 36.954492448176012 ], [ -122.024852463870403, 36.954492552146554 ], [ -122.024851694203377, 36.954493192141385 ], [ -122.024851218264331, 36.954493587678087 ], [ -122.02484943596383, 36.95449506820492 ], [ -122.02484939718498, 36.954495093945297 ], [ -122.024849300689311, 36.95449515288314 ], [ -122.02484927188577, 36.954495172184743 ], [ -122.024848256167516, 36.954495805484235 ], [ -122.024848108672487, 36.954495896630597 ], [ -122.024846568420656, 36.954496854908598 ], [ -122.024845981807957, 36.954497219449919 ], [ -122.024845915110404, 36.954497252764895 ], [ -122.024845319823029, 36.954497521893927 ], [ -122.024845247512431, 36.954497555282238 ], [ -122.024845167672879, 36.954497604990458 ], [ -122.024844881468965, 36.954497722282795 ], [ -122.024844802459356, 36.954497757561164 ], [ -122.024844749050004, 36.954497781690485 ], [ -122.024844707916159, 36.954497802054505 ], [ -122.024842266859608, 36.954498914500284 ], [ -122.024842154519433, 36.954498967337038 ], [ -122.024842096692936, 36.954498995128894 ], [ -122.02483993557351, 36.954500068767381 ], [ -122.02483861704512, 36.954500720445807 ], [ -122.024838483668205, 36.954500787976677 ], [ -122.024836728274181, 36.95450165804823 ], [ -122.024836671698324, 36.954501692131998 ], [ -122.024835791211089, 36.954502293923753 ], [ -122.024835107894674, 36.954502762464919 ], [ -122.024833475386018, 36.954503877854478 ], [ -122.024833134270821, 36.954504111216799 ], [ -122.024833094424196, 36.954504139674661 ], [ -122.024831834079436, 36.954505002370894 ], [ -122.024830534695781, 36.954506209830896 ], [ -122.024829934035893, 36.954506767409775 ], [ -122.024827966665981, 36.954508590103792 ], [ -122.024827844453441, 36.954508709757448 ], [ -122.024827653791988, 36.954508887081033 ], [ -122.024827115447081, 36.954509582627665 ], [ -122.024825962260522, 36.95451107745653 ], [ -122.024825880242162, 36.954511185770322 ], [ -122.024825663601021, 36.954511466168881 ], [ -122.024824634077703, 36.954513465847327 ], [ -122.024824382370994, 36.954513954878443 ], [ -122.024824219223831, 36.954514270624912 ], [ -122.024823920099053, 36.954515300086868 ], [ -122.024823688064842, 36.954516094362951 ], [ -122.024823416207013, 36.954517028843753 ], [ -122.024823358433352, 36.954517225156756 ], [ -122.024823107941103, 36.954520262727236 ], [ -122.024823214535189, 36.954521143594782 ], [ -122.024823469969164, 36.954523271560262 ], [ -122.024823637081695, 36.954524533739381 ], [ -122.024823766706447, 36.954525498116098 ], [ -122.024823919238671, 36.954526650541197 ], [ -122.024823916376249, 36.954526730784188 ], [ -122.024823841403176, 36.954528513410217 ], [ -122.024823775920183, 36.954530044481146 ], [ -122.024823657832982, 36.954530588539662 ], [ -122.024823467492922, 36.954531445353567 ], [ -122.024823457382723, 36.954531500458124 ], [ -122.024823263155838, 36.954532387062002 ], [ -122.024823042101062, 36.954533390269802 ], [ -122.024822636792976, 36.954534388677608 ], [ -122.024822626152286, 36.954534417654735 ], [ -122.024822114956564, 36.954535676087801 ], [ -122.024821967299545, 36.954536035789808 ], [ -122.024821729862111, 36.954536619258931 ], [ -122.024820537768861, 36.954538576004033 ], [ -122.024820519288269, 36.954538605984851 ], [ -122.024820012856381, 36.954539435390906 ], [ -122.024819935657675, 36.954539559862987 ], [ -122.02481986826966, 36.95453966978782 ], [ -122.024819514986604, 36.95454007813936 ], [ -122.02481940309687, 36.954540208472231 ], [ -122.02481729863905, 36.95454263495138 ], [ -122.024815458563893, 36.954544754273194 ], [ -122.024814471346843, 36.954545574646474 ], [ -122.024812044163539, 36.954547591701299 ], [ -122.024810097300374, 36.954549207755178 ], [ -122.024809237508407, 36.954549722762138 ], [ -122.024809082228131, 36.95454981761501 ], [ -122.024803926935277, 36.954552912117563 ], [ -122.024798796101464, 36.954555994584588 ], [ -122.024798714071508, 36.95455604702493 ], [ -122.024797797758282, 36.954556598818471 ], [ -122.02479249984107, 36.954561019929685 ], [ -122.024792455888146, 36.954561067366114 ], [ -122.024791820754103, 36.954561807435311 ], [ -122.024788157934125, 36.954566070183496 ], [ -122.02478806339559, 36.954566225522676 ], [ -122.024788018850558, 36.954566299101252 ], [ -122.024785643813587, 36.954570165609404 ], [ -122.024785108047723, 36.954571430671933 ], [ -122.024785024417426, 36.954571625520643 ], [ -122.024784543197114, 36.954572756494244 ], [ -122.024784531525299, 36.954572789990792 ], [ -122.024783809170003, 36.954574488260484 ], [ -122.024783122535979, 36.954577226933324 ], [ -122.024783040581838, 36.954577559641685 ], [ -122.024782775628253, 36.954578612988691 ], [ -122.024782690406937, 36.954578950696288 ], [ -122.024782670275556, 36.954579009987263 ], [ -122.024782016605002, 36.954580828117713 ], [ -122.024781554119173, 36.95458210754208 ], [ -122.024781516803642, 36.954582205358228 ], [ -122.024781469841855, 36.954582325830089 ], [ -122.024781445339073, 36.954582391035956 ], [ -122.024781429213348, 36.954582426393131 ], [ -122.024781336485731, 36.954582670926072 ], [ -122.024781322587003, 36.954582705352891 ], [ -122.024781267737254, 36.954582769153212 ], [ -122.024781250251166, 36.95458279281273 ], [ -122.024781199873559, 36.954582855653399 ], [ -122.024781011285611, 36.954583079811407 ], [ -122.024780027552623, 36.954584293056122 ], [ -122.024778665546052, 36.954585900559991 ], [ -122.024778427771523, 36.954586080301937 ], [ -122.024777564133458, 36.954586737746439 ], [ -122.024776468388708, 36.954587577562322 ], [ -122.024776166417709, 36.954587803203083 ], [ -122.024775287081411, 36.954588461754057 ], [ -122.024773862496289, 36.954589531166711 ], [ -122.024773810685105, 36.954589578705935 ], [ -122.024773195139758, 36.95458995624189 ], [ -122.024772950172263, 36.954590113548214 ], [ -122.024772921332115, 36.954590131047908 ], [ -122.024772276006885, 36.954590535107648 ], [ -122.024771616899471, 36.954590924027478 ], [ -122.024768643363984, 36.9545925787396 ], [ -122.024768565604873, 36.95459262030986 ], [ -122.024767135440527, 36.954593414933576 ], [ -122.02476663246172, 36.954593695471672 ], [ -122.024765283730588, 36.954594352951332 ], [ -122.024765228185743, 36.954594382515673 ], [ -122.02476518927871, 36.954594401949358 ], [ -122.024765162610592, 36.95459441581589 ], [ -122.024764189789138, 36.954594894450778 ], [ -122.024763122460939, 36.954595419380865 ], [ -122.02476309133904, 36.954595435108061 ], [ -122.024755362176265, 36.954599240057675 ], [ -122.024754884871001, 36.954599513050475 ], [ -122.024754401049535, 36.95459979694278 ], [ -122.024744222804898, 36.954605867959025 ], [ -122.024744161848247, 36.954605907507158 ], [ -122.024735461913849, 36.954611896108034 ], [ -122.024728455227972, 36.954616718960779 ], [ -122.024726687806151, 36.954617937045889 ], [ -122.024726085041166, 36.954618391015259 ], [ -122.024714116589109, 36.954627434120631 ], [ -122.024712862432438, 36.954628380544975 ], [ -122.024712660068758, 36.954628534590469 ], [ -122.024712159844697, 36.954629006143875 ], [ -122.024712057326511, 36.954629100306668 ], [ -122.024712028687503, 36.954629127716728 ], [ -122.024710428718564, 36.954630629287998 ], [ -122.024709810552466, 36.954631209624772 ], [ -122.02470875991645, 36.95463261209165 ], [ -122.024708220940894, 36.954633331977981 ], [ -122.024708007758136, 36.954633616837022 ], [ -122.024707551887261, 36.954634226593093 ], [ -122.024706709758505, 36.954635943550997 ], [ -122.024706233193868, 36.95463691675581 ], [ -122.024705947519749, 36.954637502657846 ], [ -122.024705607688887, 36.954638794896987 ], [ -122.024705171821694, 36.954640445261781 ], [ -122.024705134334539, 36.954640589941803 ], [ -122.024705085321827, 36.954640775325942 ], [ -122.024705038188529, 36.954640942661776 ], [ -122.024704540443182, 36.954642642499756 ], [ -122.024704514799311, 36.954642706819349 ], [ -122.024704465116699, 36.954642803895965 ], [ -122.024703990723992, 36.954643773467588 ], [ -122.024703745861487, 36.954644267816128 ], [ -122.024703612635122, 36.95464445340027 ], [ -122.024703499048613, 36.954644610790815 ], [ -122.024703056813451, 36.954645228479215 ], [ -122.024702925795708, 36.954645412232111 ], [ -122.024702660410767, 36.95464578068291 ], [ -122.024702333655199, 36.95464611298754 ], [ -122.024702159850406, 36.954646290991661 ], [ -122.024701651559909, 36.954646807709743 ], [ -122.024701560267715, 36.95464690172571 ], [ -122.024701313834342, 36.954647152774456 ], [ -122.024700729933684, 36.954647595682815 ], [ -122.024700702289323, 36.954647616771553 ], [ -122.024700011087333, 36.954648139486238 ], [ -122.024699930381018, 36.954648201822266 ], [ -122.02469988830731, 36.954648231210406 ], [ -122.024699731275348, 36.95464835041804 ], [ -122.024698441148956, 36.954649073818345 ], [ -122.024698351224018, 36.954649124559509 ], [ -122.02469796045699, 36.95464934595406 ], [ -122.024695759011138, 36.954650258804818 ], [ -122.024695300163103, 36.954650390069801 ], [ -122.024695261109684, 36.954650402295876 ], [ -122.024694515398437, 36.954650618418704 ], [ -122.024694440568013, 36.954650638322171 ], [ -122.024693440329528, 36.954650928065817 ], [ -122.024692338148967, 36.954651119110807 ], [ -122.024691565008169, 36.954651256287924 ], [ -122.024691497834809, 36.954651266178132 ], [ -122.024691031245069, 36.954651347979095 ], [ -122.024688586600647, 36.954651509716804 ], [ -122.024687968198634, 36.954651470040339 ], [ -122.024687617488681, 36.95465145209662 ], [ -122.024684553879766, 36.954651214591756 ], [ -122.024683577446879, 36.954651128229301 ], [ -122.024683136489543, 36.954651089837228 ], [ -122.024683071140728, 36.954651078976312 ], [ -122.024682924891152, 36.954651065568534 ], [ -122.024682489656598, 36.954651032508764 ], [ -122.024681616114663, 36.954650815030028 ], [ -122.024680996420827, 36.954650656413833 ], [ -122.024680628476247, 36.954650563897012 ], [ -122.024678502374968, 36.954649988804597 ], [ -122.024677193959775, 36.954649645439126 ], [ -122.024676799902636, 36.954649538844755 ], [ -122.024676724047936, 36.95464950829512 ], [ -122.024670964210372, 36.954647162123749 ], [ -122.024665114882595, 36.954644777470051 ], [ -122.024665068435112, 36.954644757350074 ], [ -122.024648800474523, 36.954637930902969 ], [ -122.024644342807036, 36.95463628414641 ], [ -122.024642979441836, 36.954635778384336 ], [ -122.024628933168557, 36.95463058467169 ], [ -122.024627012486519, 36.954630005991163 ], [ -122.024625868159532, 36.954629780337321 ], [ -122.02462549391845, 36.954629709531154 ], [ -122.024623929076284, 36.954630065233978 ], [ -122.024613071809171, 36.954643012157675 ], [ -122.024612950126496, 36.954643157938577 ], [ -122.024612631075485, 36.95464353790512 ], [ -122.024612240833875, 36.954644117063495 ], [ -122.024612184141091, 36.954644200713958 ], [ -122.024611885454718, 36.954644643497232 ], [ -122.024595964401044, 36.954668235658524 ], [ -122.024595678801575, 36.954668659345764 ], [ -122.024595365347182, 36.954669315002079 ], [ -122.024594930232738, 36.954670228186096 ], [ -122.024594731037283, 36.954670648941217 ], [ -122.024594705173868, 36.954670702449363 ], [ -122.024594657806986, 36.954670968918713 ], [ -122.024594610769284, 36.954671251605113 ], [ -122.024594367393334, 36.954672648922688 ], [ -122.024594101622171, 36.954674325900932 ], [ -122.024594043936787, 36.954674692536877 ], [ -122.024594573442627, 36.95467903744246 ], [ -122.024594770493678, 36.954680447025019 ], [ -122.024594876031458, 36.954681220665378 ], [ -122.02459543316597, 36.95468333116866 ], [ -122.024598814690691, 36.954698509794291 ], [ -122.024600227673176, 36.954714513511959 ], [ -122.024600349018513, 36.954715733934073 ], [ -122.0246003758716, 36.954716005741233 ], [ -122.024601440639685, 36.954726638435083 ], [ -122.024601533680126, 36.954727570847616 ], [ -122.02460331793084, 36.954734372202267 ], [ -122.024603864531343, 36.954735521277321 ], [ -122.024606379419808, 36.954740810800736 ], [ -122.024606406355431, 36.954740865420888 ], [ -122.024606980861478, 36.954741674383811 ], [ -122.024607059521529, 36.954741787805958 ], [ -122.02460714280005, 36.954741907476006 ], [ -122.024607192389013, 36.954741971713062 ], [ -122.02460755308573, 36.954742481574193 ], [ -122.024607670024139, 36.954742599902943 ], [ -122.024608706533854, 36.954743654255864 ], [ -122.024608987498311, 36.954743942566466 ], [ -122.024610678569559, 36.954745213657233 ], [ -122.024612587618662, 36.954746270118967 ], [ -122.024612949833937, 36.954746412276158 ], [ -122.024612988331725, 36.954746427994117 ], [ -122.024613648243346, 36.954746687017746 ], [ -122.024613893897367, 36.954746784738582 ], [ -122.024616859945297, 36.954747968865611 ], [ -122.024618216149207, 36.954748508966688 ], [ -122.024621172366082, 36.954749430075736 ], [ -122.024633689873312, 36.954753326244912 ], [ -122.024633726052741, 36.954753338388436 ], [ -122.024636109340861, 36.954754081344198 ], [ -122.024637006495183, 36.954754300316885 ], [ -122.024649803720749, 36.954757427719592 ], [ -122.02465129559809, 36.954757792117292 ], [ -122.024657829971204, 36.954759516256381 ], [ -122.024658733141095, 36.954759754976372 ], [ -122.02466187614607, 36.954760584424456 ], [ -122.024664044246308, 36.954761458161919 ], [ -122.024664388445174, 36.954761597850961 ], [ -122.024666690892417, 36.954762894290454 ], [ -122.024667526840759, 36.954763527707804 ], [ -122.024668735716261, 36.954764443727228 ], [ -122.024668830886355, 36.954764540712127 ], [ -122.024669110637078, 36.954764824532511 ], [ -122.024670477372482, 36.954766215215308 ], [ -122.024672456223414, 36.954769216424843 ], [ -122.024672912998469, 36.954769923290449 ], [ -122.024672958627463, 36.954770013713613 ], [ -122.024673001755204, 36.95477009155293 ], [ -122.024673018111912, 36.954770122880539 ], [ -122.024673399740891, 36.954770723487613 ], [ -122.024673622337048, 36.954771400071479 ], [ -122.024673654220422, 36.954771477156569 ], [ -122.024673670686838, 36.954771513889931 ], [ -122.024673687226411, 36.954771554227023 ], [ -122.024673952815434, 36.954772357315996 ], [ -122.024674877600759, 36.954775320039758 ], [ -122.024674962347262, 36.954775622631459 ], [ -122.024674983009149, 36.954775810709229 ], [ -122.024675083467528, 36.954776887214564 ], [ -122.024675377229187, 36.954780073573247 ], [ -122.024675372981079, 36.954780196190114 ], [ -122.024675235455902, 36.954783709911936 ], [ -122.024675220185273, 36.954784119250242 ], [ -122.02467520487798, 36.954784526786653 ], [ -122.024675041084862, 36.954785585118941 ], [ -122.024675035446649, 36.954785639263839 ], [ -122.024674799591693, 36.954787241052614 ], [ -122.024674684573654, 36.954787659805916 ], [ -122.024674635780258, 36.954787856001388 ], [ -122.024674619577951, 36.954787915240999 ], [ -122.024674388342575, 36.954788776644719 ], [ -122.024673212561524, 36.954792975326761 ], [ -122.024672011865803, 36.954795670254448 ], [ -122.024671657464992, 36.954796466130311 ], [ -122.024671623077978, 36.954796542279581 ], [ -122.024670610314843, 36.954798814796924 ], [ -122.024670468210147, 36.954799060876638 ], [ -122.024670319625912, 36.954799319657646 ], [ -122.024666916182667, 36.954804910062599 ], [ -122.024666622772898, 36.954805391528048 ], [ -122.024665066779676, 36.954807953220005 ], [ -122.024664900139939, 36.954808373549533 ], [ -122.024664848687465, 36.954808494080083 ], [ -122.024664566000681, 36.954809171863985 ], [ -122.024663112573549, 36.954813024516071 ], [ -122.024663084867356, 36.95481309787445 ], [ -122.024663072200866, 36.95481313769227 ], [ -122.024663067275995, 36.954813226974125 ], [ -122.024663049051355, 36.954813269568184 ], [ -122.024662147759287, 36.954817437625316 ], [ -122.024661338568976, 36.954821219671494 ], [ -122.024659218434678, 36.954831171259244 ], [ -122.024657098299812, 36.954841122846958 ], [ -122.024654794001577, 36.954851959104282 ], [ -122.024652489702746, 36.954862795361592 ], [ -122.024651875918693, 36.954865693492245 ], [ -122.024651260072361, 36.954868600661726 ], [ -122.024650932480142, 36.954871491445395 ], [ -122.024650960497141, 36.954871875885651 ], [ -122.02465096973863, 36.954871999227358 ], [ -122.024650995528788, 36.954872384597948 ], [ -122.024650997437888, 36.954872423323984 ], [ -122.024651019599531, 36.954872685279433 ], [ -122.024651148797219, 36.954874403053779 ], [ -122.024651361678593, 36.954875209535558 ], [ -122.024651534185082, 36.954875852529355 ], [ -122.0246517677421, 36.954876737143998 ], [ -122.024651906273107, 36.95487725531715 ], [ -122.024652406288396, 36.954878322092 ], [ -122.024652425054882, 36.954878361498821 ], [ -122.024652922660295, 36.954879420194565 ], [ -122.024653187892895, 36.954879984473806 ], [ -122.024658105711808, 36.954890191891501 ], [ -122.024658949675043, 36.954891939070592 ], [ -122.024659746207277, 36.954894613289504 ], [ -122.024662668011956, 36.9549044034232 ], [ -122.024666519104784, 36.954925176780989 ], [ -122.024667552644317, 36.954935155621563 ], [ -122.024667556016624, 36.954935708905943 ], [ -122.02466759262272, 36.954943651484463 ], [ -122.024667496265607, 36.954944657567303 ], [ -122.024666893287602, 36.95495099178062 ], [ -122.024666593793953, 36.954954132726812 ], [ -122.024660017173588, 36.954984897812452 ], [ -122.024651829823085, 36.955011712430817 ], [ -122.024643932123311, 36.955033048553631 ], [ -122.024634095507523, 36.955055121064724 ], [ -122.024621366285729, 36.955079572679985 ], [ -122.024621098500376, 36.955079988924815 ], [ -122.024620384454835, 36.955081101313588 ], [ -122.024617617637873, 36.955085417225796 ], [ -122.024614375091176, 36.955090471121686 ], [ -122.024611080541263, 36.9550944568904 ], [ -122.024610894214987, 36.955094681919768 ], [ -122.02460945412939, 36.955096426521649 ], [ -122.024608418392361, 36.955097678294607 ], [ -122.024605931562888, 36.955100685627528 ], [ -122.024599615379202, 36.955108549058217 ], [ -122.024599504658852, 36.95510873705156 ], [ -122.024599476385504, 36.955108782480558 ], [ -122.024599455750874, 36.955108816995413 ], [ -122.024599432962532, 36.955108856044419 ], [ -122.024599328794935, 36.955109034940186 ], [ -122.024598201450786, 36.955110973713694 ], [ -122.024594689185676, 36.955117012527786 ], [ -122.024594676244746, 36.955117038831403 ], [ -122.024594496363463, 36.955117526021702 ], [ -122.024590584833803, 36.955127958834105 ], [ -122.024590445325416, 36.955128332848204 ], [ -122.024590323895453, 36.955128657060712 ], [ -122.02458432018804, 36.955146824175152 ], [ -122.024568174421916, 36.955182529413435 ], [ -122.024551460551493, 36.955210606324741 ], [ -122.024549596367251, 36.955212977388371 ], [ -122.024549014024657, 36.955213718568231 ], [ -122.024546907961238, 36.955216399197838 ], [ -122.024545170386233, 36.955218092716194 ], [ -122.024542752259464, 36.955220446690454 ], [ -122.024541478232948, 36.955221687159458 ], [ -122.024538473358916, 36.955223956884311 ], [ -122.024535355679021, 36.955226311894293 ], [ -122.024535262769476, 36.955226381599239 ], [ -122.024532635987526, 36.955228413874359 ], [ -122.024530054482796, 36.955230408608706 ], [ -122.024528965957089, 36.955231549324054 ], [ -122.02452705490839, 36.955233547908925 ], [ -122.02452565410789, 36.955235015331837 ], [ -122.024524511078255, 36.955236679447843 ], [ -122.024522168252318, 36.955240087726473 ], [ -122.024521768424123, 36.955240913934951 ], [ -122.024520164895193, 36.955244232341812 ], [ -122.024519964392368, 36.95524464410196 ], [ -122.024519237043052, 36.955246152284907 ], [ -122.024517219978677, 36.955252442804294 ], [ -122.024516865696739, 36.955253576623008 ], [ -122.024516166449914, 36.955255805387637 ], [ -122.024515072785675, 36.955259292859438 ], [ -122.024514631790709, 36.955260248475781 ], [ -122.024514271443678, 36.955261028207545 ], [ -122.024512011410025, 36.955265915151571 ], [ -122.024508425594888, 36.955271484505225 ], [ -122.024507921644599, 36.955272270620441 ], [ -122.024506880925102, 36.955273885635748 ], [ -122.024506466105606, 36.955274360577462 ], [ -122.024500778417632, 36.955280881128139 ], [ -122.024500468918262, 36.955281233933853 ], [ -122.024498179400851, 36.955283949403785 ], [ -122.024498140632687, 36.955284031017435 ], [ -122.024498052846681, 36.955284187169269 ], [ -122.024497923462008, 36.95528439613382 ], [ -122.024497414915629, 36.955285287747849 ], [ -122.024496478024957, 36.955286928441147 ], [ -122.024496393300126, 36.955287180078692 ], [ -122.024495967503896, 36.955288441899647 ], [ -122.02449585959954, 36.955288768638752 ], [ -122.024495409245105, 36.955290092962656 ], [ -122.024494783672438, 36.955292853365037 ], [ -122.024494156037349, 36.955295622806268 ], [ -122.024493568489873, 36.955298209683725 ], [ -122.024492980887501, 36.955300793858299 ], [ -122.024492107968811, 36.955304590254265 ], [ -122.024491234995111, 36.955308383947362 ], [ -122.024490124779049, 36.955313213501931 ], [ -122.024489014617629, 36.955318045759327 ], [ -122.024488865250106, 36.955319095792056 ], [ -122.024488001507407, 36.955325114393716 ], [ -122.024487833260892, 36.955326285432285 ], [ -122.024486629407335, 36.955335740198606 ], [ -122.024486618850872, 36.955335828652871 ], [ -122.024486540263993, 36.955336437981217 ], [ -122.024486395877446, 36.955336958952344 ], [ -122.024485787787228, 36.955339142366839 ], [ -122.024485544921518, 36.955339679945716 ], [ -122.024485409580478, 36.955339982711479 ], [ -122.024485181846046, 36.955340491254546 ], [ -122.024485053960973, 36.955340774096733 ], [ -122.024484615612707, 36.955341749504477 ], [ -122.0244835883083, 36.955343361640587 ], [ -122.024483210557122, 36.95534394784476 ], [ -122.02448304306958, 36.955344215884523 ], [ -122.024479591642063, 36.95534810817464 ], [ -122.02447836195978, 36.955349099335656 ], [ -122.024475504927707, 36.955351405876897 ], [ -122.024475403256517, 36.955351486510537 ], [ -122.024474274907519, 36.955352159129049 ], [ -122.024473345110863, 36.955352711096211 ], [ -122.024473138096695, 36.955352802119016 ], [ -122.024472294451499, 36.955353172722482 ], [ -122.024471106880924, 36.955353693814708 ], [ -122.02447042388215, 36.955353901906619 ], [ -122.024470246447095, 36.955353956495308 ], [ -122.024469545596176, 36.955354170227743 ], [ -122.024469495316254, 36.95535418260053 ], [ -122.024468723093534, 36.955354420696956 ], [ -122.024466817954988, 36.955354774538257 ], [ -122.024466419712169, 36.955354849136334 ], [ -122.02446635480166, 36.955354859898023 ], [ -122.024466238470325, 36.955354882146246 ], [ -122.02446447432412, 36.955355211614531 ], [ -122.024464123066537, 36.955355277487648 ], [ -122.024461986406152, 36.955355676711605 ], [ -122.024460878324462, 36.955356020131944 ], [ -122.024460031398561, 36.955356284438203 ], [ -122.024459235801956, 36.955356532753179 ], [ -122.024457913458292, 36.955356942057854 ], [ -122.024456485780135, 36.955357583443345 ], [ -122.024456128602807, 36.955357744919603 ], [ -122.024454196787431, 36.955358610082214 ], [ -122.02445411556802, 36.955358647191531 ], [ -122.024448654418947, 36.955361834893907 ], [ -122.024448181671318, 36.955362111430581 ], [ -122.024446538116081, 36.955363071053632 ], [ -122.024441993269591, 36.955366314364845 ], [ -122.024441023611189, 36.95536700473437 ], [ -122.024439545914433, 36.955368058615839 ], [ -122.024425922430254, 36.955380822698253 ], [ -122.02442564865261, 36.955381165123669 ], [ -122.024422858417381, 36.955384660356373 ], [ -122.024422393009985, 36.955385243200368 ], [ -122.024420133856282, 36.955388071821211 ], [ -122.024415300790309, 36.95539575904499 ], [ -122.024413735696612, 36.955399090465654 ], [ -122.024412694822658, 36.955401306573386 ], [ -122.024412050063546, 36.955402679399072 ], [ -122.024411816459377, 36.955403175402139 ], [ -122.024410561605322, 36.955407130893654 ], [ -122.024409381793419, 36.955410855601542 ], [ -122.02440923989883, 36.955411886611522 ], [ -122.024408605302341, 36.955416526105097 ], [ -122.024408661462317, 36.955417301292393 ], [ -122.024408673533941, 36.955417453435039 ], [ -122.024408765426145, 36.955418716598231 ], [ -122.024408844478756, 36.955419789778922 ], [ -122.024409016381611, 36.955422117999639 ], [ -122.024409029027183, 36.955422243099186 ], [ -122.024409207793013, 36.955422862580662 ], [ -122.024409892395298, 36.955425222849435 ], [ -122.024410639726256, 36.955427796780526 ], [ -122.024410661963273, 36.955427896521478 ], [ -122.02441109887134, 36.955429837372144 ], [ -122.024411106411748, 36.955429876925749 ], [ -122.024411129917723, 36.955429983859631 ], [ -122.024411272686663, 36.955430600206974 ], [ -122.024411308077177, 36.955430739428216 ], [ -122.024411343032696, 36.955431687019306 ], [ -122.024411361925701, 36.955432175215392 ], [ -122.024411382377352, 36.955432850837774 ], [ -122.024411384827914, 36.95543297156474 ], [ -122.024411393488052, 36.955433176922035 ], [ -122.024411397360851, 36.955433257076976 ], [ -122.024411412552595, 36.955433618254155 ], [ -122.024411417840668, 36.955433712809537 ], [ -122.024411258276842, 36.955434758469551 ], [ -122.024411077369209, 36.955435914353281 ], [ -122.024411011352655, 36.955436368513155 ], [ -122.024410976669643, 36.955436596065603 ], [ -122.024410967754804, 36.955436654759232 ], [ -122.024410779951268, 36.955437194321647 ], [ -122.024410460551053, 36.955438110498044 ], [ -122.024410437133625, 36.955438173887266 ], [ -122.024409982970056, 36.955439476632158 ], [ -122.024409963841947, 36.95543953005221 ], [ -122.024403744195851, 36.955451653920306 ], [ -122.024402885975661, 36.955453298090248 ], [ -122.024397101890614, 36.955464364578987 ], [ -122.024396202546896, 36.955466084986128 ], [ -122.02438851672018, 36.955482817764143 ], [ -122.024388262701493, 36.955483635757588 ], [ -122.024387977052442, 36.955484555097406 ], [ -122.024387669744215, 36.955487892603585 ], [ -122.024387633665384, 36.955488383320677 ], [ -122.024387627007002, 36.955488497858404 ], [ -122.02438761393914, 36.955488794519603 ], [ -122.024387612162329, 36.955488872946056 ], [ -122.024387776846396, 36.955491232802657 ], [ -122.024390042659221, 36.955515507277092 ], [ -122.024390382316255, 36.955525657405197 ], [ -122.024390720821287, 36.955535750773613 ], [ -122.024390722046547, 36.955535811137082 ], [ -122.024390601128317, 36.955543020406935 ], [ -122.024390340776833, 36.955544854120333 ], [ -122.02439031898696, 36.955544997693849 ], [ -122.024390309260369, 36.955545071718284 ], [ -122.024389975306164, 36.955546100733216 ], [ -122.024389954097359, 36.955546162291199 ], [ -122.024389661474629, 36.955547070006773 ], [ -122.02438963660542, 36.955547117193589 ], [ -122.024389241107073, 36.955547880261946 ], [ -122.024388673842282, 36.95554897721248 ], [ -122.024388494579114, 36.955549218370507 ], [ -122.024388350343685, 36.955549414912454 ], [ -122.02438829573066, 36.955549490424929 ], [ -122.024387436834033, 36.955550658777099 ], [ -122.024387402855837, 36.955550699774705 ], [ -122.024387358975218, 36.955550750814844 ], [ -122.024387084172702, 36.955551042787128 ], [ -122.024382755979516, 36.955555555738698 ], [ -122.024379030398777, 36.955559440795597 ], [ -122.024377145946104, 36.955561035298686 ], [ -122.024374748107491, 36.955563061873399 ], [ -122.024369637878422, 36.955567384984967 ], [ -122.024360397419088, 36.955573803279378 ], [ -122.024359440680044, 36.955574466443736 ], [ -122.024359359698138, 36.955574515265312 ], [ -122.024351216701461, 36.955579181724111 ], [ -122.024351137891614, 36.955579226912519 ], [ -122.024351040216715, 36.955579283161839 ], [ -122.02435099471964, 36.955579309891 ], [ -122.024348398448424, 36.955580799248679 ], [ -122.024348284080517, 36.955580862925714 ], [ -122.024347971049778, 36.955581041848177 ], [ -122.024347943313458, 36.955581058432145 ], [ -122.024347915577167, 36.955581075016106 ], [ -122.024347854528031, 36.955581110059299 ], [ -122.024320190935114, 36.955597846264716 ], [ -122.024319875926182, 36.955598093703145 ], [ -122.024302132331613, 36.95561218230521 ], [ -122.024301858420586, 36.955612407577867 ], [ -122.024301817651704, 36.955612445960689 ], [ -122.024301779109763, 36.955612483413148 ], [ -122.024301607609075, 36.955612609117686 ], [ -122.024301573539319, 36.955612645610536 ], [ -122.024301254519258, 36.955613027378135 ], [ -122.024301157886626, 36.955613134981363 ], [ -122.024301072352102, 36.955613236131242 ], [ -122.024300922985816, 36.955613401198626 ], [ -122.024299525293685, 36.955615077653341 ], [ -122.024299414725263, 36.955615217881487 ], [ -122.024298989810134, 36.955615748827988 ], [ -122.024298972305374, 36.955615771586508 ], [ -122.024298840791218, 36.955615931013369 ], [ -122.024298460879407, 36.955616410905101 ], [ -122.024298403929521, 36.955616481942144 ], [ -122.02429770911607, 36.955617657160509 ], [ -122.024297534394719, 36.955618066780822 ], [ -122.024297331874962, 36.955618545254751 ], [ -122.02429728903661, 36.955618647648812 ], [ -122.024297026521154, 36.95561926839337 ], [ -122.024296859121534, 36.955619983420199 ], [ -122.024296789867478, 36.955620278112278 ], [ -122.024296759908211, 36.955620406472406 ], [ -122.024296708294031, 36.955620629740174 ], [ -122.024296636037846, 36.955620942495294 ], [ -122.024296551670957, 36.955622539599325 ], [ -122.024296547056451, 36.955622644197284 ], [ -122.024296758863997, 36.955624338362369 ], [ -122.024296786476299, 36.955624426317669 ], [ -122.024297271888045, 36.955625990739954 ], [ -122.02430009101235, 36.955631718775734 ], [ -122.024300957811974, 36.955633484583863 ], [ -122.024302552962482, 36.955636723322066 ], [ -122.0243029257106, 36.955637273580066 ], [ -122.024309363516139, 36.955646795165798 ], [ -122.024309400537177, 36.955646848753013 ], [ -122.024309467093744, 36.955646919076671 ], [ -122.024310572110778, 36.955648250102257 ], [ -122.024311375412438, 36.955649211079752 ], [ -122.024311986536929, 36.955649942964669 ], [ -122.024312819886234, 36.955650945905099 ], [ -122.024329322936921, 36.955670728389471 ], [ -122.024331041288221, 36.95567278946843 ], [ -122.024331681206007, 36.955673446178373 ], [ -122.024344085007641, 36.9556861727906 ], [ -122.024344894676005, 36.955687004815061 ], [ -122.024346061993, 36.955688030424852 ], [ -122.024346288386496, 36.955688230232084 ], [ -122.024357465489942, 36.955698056640564 ], [ -122.024357491785622, 36.955698079727632 ], [ -122.024361245304434, 36.955701379465658 ], [ -122.024378379315337, 36.955716397232734 ], [ -122.024400958689029, 36.955739507654918 ], [ -122.024413686396528, 36.955756407024673 ], [ -122.024413713058081, 36.955756448130664 ], [ -122.024413775343831, 36.955756529324333 ], [ -122.024413790449984, 36.955756554360043 ], [ -122.024414365054483, 36.955757644492905 ], [ -122.024414432671961, 36.955757767071411 ], [ -122.02441626840853, 36.955761240576123 ], [ -122.024416572656378, 36.955761818314286 ], [ -122.024416628093192, 36.955761921676562 ], [ -122.024416962147399, 36.955762557151594 ], [ -122.02441837259623, 36.955766598556671 ], [ -122.024418383339949, 36.955766629957743 ], [ -122.024418476116523, 36.955766885582918 ], [ -122.024419154884171, 36.955768847603601 ], [ -122.024419220539116, 36.955769205417489 ], [ -122.024419305191401, 36.955769669322969 ], [ -122.024419325165027, 36.955769768192326 ], [ -122.02442033271366, 36.95577531443908 ], [ -122.024420849448106, 36.955778200491856 ], [ -122.02442089364105, 36.955778441432045 ], [ -122.024421368519185, 36.955781091020079 ], [ -122.024421393733164, 36.955781226769574 ], [ -122.024421505398706, 36.955781859744924 ], [ -122.024423681875248, 36.955788234219824 ], [ -122.024424327129282, 36.955789485642534 ], [ -122.024424556252399, 36.955789930536696 ], [ -122.024425974173852, 36.955792680443807 ], [ -122.024426198294421, 36.955793100170162 ], [ -122.024426806417608, 36.955794292600011 ], [ -122.024426836593349, 36.955794340869559 ], [ -122.024432603975129, 36.955803361142451 ], [ -122.024435055764513, 36.955807200585035 ], [ -122.024438001683691, 36.955811816698372 ], [ -122.024443348005988, 36.955819732213939 ], [ -122.024459992734407, 36.955843337464046 ], [ -122.024464181318649, 36.955849150326998 ], [ -122.02446837785331, 36.955854967591812 ], [ -122.024473059714978, 36.955861183143902 ], [ -122.024475692054864, 36.955864678675461 ], [ -122.024477734677049, 36.955867390675337 ], [ -122.024493360904231, 36.955887896539132 ], [ -122.02451984130569, 36.955925108168437 ], [ -122.024530236148081, 36.955942475103178 ], [ -122.024538502384431, 36.955959034468236 ], [ -122.024549685098052, 36.955983515880497 ], [ -122.024554626656098, 36.955994779184273 ], [ -122.024559571638264, 36.956006045146701 ], [ -122.024563616954168, 36.956015309621463 ], [ -122.02456766574862, 36.956024579457697 ], [ -122.024573347743484, 36.956037910314464 ], [ -122.024579029831827, 36.956051245675674 ], [ -122.024583105380799, 36.956060726940521 ], [ -122.024587180912576, 36.956070207304215 ], [ -122.024592446112138, 36.956080873394242 ], [ -122.024595097500509, 36.956085638446041 ], [ -122.024606909293396, 36.956106866455571 ], [ -122.024621372503049, 36.956132860416098 ], [ -122.024626063463884, 36.956140573615592 ], [ -122.024626077447536, 36.956140598665918 ], [ -122.024626900423698, 36.956141919858787 ], [ -122.024627733174256, 36.956143224702423 ], [ -122.024633369197829, 36.956152298952716 ], [ -122.024638212147863, 36.956160086765209 ], [ -122.02463851944799, 36.956160565783065 ], [ -122.0246389774384, 36.956161332111428 ], [ -122.024639593197818, 36.956162291934341 ], [ -122.024639651286293, 36.956162387601722 ], [ -122.024640253731945, 36.956163410681746 ], [ -122.024640412024567, 36.956163685276223 ], [ -122.024640732880812, 36.95616422359516 ], [ -122.024641016624017, 36.956164703822182 ], [ -122.024641766991266, 36.956165933142117 ], [ -122.024642287613176, 36.956166963600317 ], [ -122.024642415192488, 36.956167218770261 ], [ -122.024642546194485, 36.956167476599099 ], [ -122.024642794635611, 36.956167987928055 ], [ -122.024642812261476, 36.956168026448594 ], [ -122.024643856365728, 36.956170172940332 ], [ -122.024645054203532, 36.956172701327361 ], [ -122.024647299341709, 36.956178750473704 ], [ -122.024649540947749, 36.956184791555522 ], [ -122.024652220401308, 36.956192266106996 ], [ -122.024652290715224, 36.956192466152196 ], [ -122.024652998900663, 36.956194438601294 ], [ -122.024654123784131, 36.956197577144245 ], [ -122.024658708977128, 36.95621036810919 ], [ -122.024661393579265, 36.956217598371602 ], [ -122.024664078127103, 36.956224825931159 ], [ -122.024666691531479, 36.956231867875296 ], [ -122.024669303850246, 36.956238911635943 ], [ -122.024671772422749, 36.956246065418561 ], [ -122.024674245596074, 36.956253224548057 ], [ -122.024676350883638, 36.956260349736965 ], [ -122.024678457294257, 36.956267474911115 ], [ -122.024678554937822, 36.956267970188122 ], [ -122.024679309694321, 36.956271793966458 ], [ -122.024679393372523, 36.956272265094015 ], [ -122.024679450841504, 36.956272606793426 ], [ -122.024679683145735, 36.956275752501512 ], [ -122.024679711529316, 36.956276154960747 ], [ -122.024678969378073, 36.956292697832943 ], [ -122.024678376474355, 36.956296459027534 ], [ -122.024677539969161, 36.9563017725471 ], [ -122.024677332008324, 36.95630308919629 ], [ -122.024675633403575, 36.956310132551252 ], [ -122.024675482248682, 36.956310762654745 ], [ -122.024675360005489, 36.956311102198129 ], [ -122.024673511873459, 36.956316200945331 ], [ -122.024673471408533, 36.956316309616845 ], [ -122.024673258223174, 36.956316871140075 ], [ -122.024673243256316, 36.956316908284407 ], [ -122.024673050285131, 36.956317414570954 ], [ -122.024671910669582, 36.956319634675836 ], [ -122.024671853474885, 36.956319748973151 ], [ -122.024670980258634, 36.956321484361041 ], [ -122.0246709335769, 36.956321563374651 ], [ -122.02467085749872, 36.956321687831974 ], [ -122.024670501604504, 36.956322299885308 ], [ -122.024670379802558, 36.956322495233124 ], [ -122.024664857510118, 36.95633113682409 ], [ -122.024664660533134, 36.956331445803151 ], [ -122.02466167557823, 36.956336136758566 ], [ -122.024658489265164, 36.956341142157306 ], [ -122.024657281314731, 36.956343370365062 ], [ -122.024657258562613, 36.956343411215968 ], [ -122.024652442019516, 36.956352301317537 ], [ -122.0246513466153, 36.956354320780683 ], [ -122.024648053282377, 36.95636036033823 ], [ -122.02464475669079, 36.956366405345435 ], [ -122.02463640669923, 36.956378081255288 ], [ -122.024636316026729, 36.956378205903427 ], [ -122.024636293073357, 36.956378236843889 ], [ -122.024630441568604, 36.956385541772306 ], [ -122.024629445615915, 36.956386984076673 ], [ -122.024627246483206, 36.956390170588911 ], [ -122.024626010575275, 36.956391962086371 ], [ -122.024625856838767, 36.956392188492018 ], [ -122.024625839352183, 36.956392212151492 ], [ -122.024625271014685, 36.956393035156573 ], [ -122.024625179048016, 36.956393206683337 ], [ -122.024625114104495, 36.956393326489092 ], [ -122.024622550471932, 36.956398084029374 ], [ -122.024622482306867, 36.956398211086793 ], [ -122.024622183599774, 36.956398763815095 ], [ -122.024617045529851, 36.956411507988051 ], [ -122.024615118561044, 36.956418420952403 ], [ -122.024614996636998, 36.956419439986192 ], [ -122.024614631632929, 36.956422534927292 ], [ -122.024614283653634, 36.956425472839371 ], [ -122.02461434938219, 36.956427161704667 ], [ -122.024614364806027, 36.956427589566623 ], [ -122.024614363029414, 36.95642766799304 ], [ -122.024614519883485, 36.956431632965163 ], [ -122.024614556538566, 36.956432553498523 ], [ -122.024614718692987, 36.956433294857177 ], [ -122.024614845126877, 36.956433880777652 ], [ -122.024614882262753, 36.956434050616309 ], [ -122.024614982670428, 36.956434516118101 ], [ -122.024615313804873, 36.956435284105247 ], [ -122.024615482389024, 36.956435678422977 ], [ -122.024615588419195, 36.956435923060518 ], [ -122.024615663907397, 36.956436101409615 ], [ -122.024615791260672, 36.956436400740735 ], [ -122.024616327427395, 36.956437201193289 ], [ -122.024616347134028, 36.956437231575933 ], [ -122.024616701523883, 36.956437762246985 ], [ -122.024616735086155, 36.95643781137337 ], [ -122.024616838146358, 36.95643796502992 ], [ -122.024616964445656, 36.956438157133576 ], [ -122.024618335675981, 36.956439601829992 ], [ -122.024618388432671, 36.956439656112558 ], [ -122.024618468772772, 36.95643974157602 ], [ -122.024620224158156, 36.956441081217683 ], [ -122.024620267513185, 36.95644111489591 ], [ -122.024621195121881, 36.956441671415753 ], [ -122.0246249373198, 36.95644391330115 ], [ -122.024629342261193, 36.956446552955867 ], [ -122.024634341362969, 36.956449530897117 ], [ -122.024639341606061, 36.956452509724379 ], [ -122.024648693525592, 36.95645832536065 ], [ -122.024658046587504, 36.956464141882407 ], [ -122.024658385539936, 36.956464354636303 ], [ -122.024662931933037, 36.956467158258519 ], [ -122.024668309689105, 36.95647047910515 ], [ -122.024669092975174, 36.956470896025465 ], [ -122.024682777847374, 36.956478183414546 ], [ -122.024682834619199, 36.956478214213725 ], [ -122.024684898391925, 36.956479311908794 ], [ -122.024711694847753, 36.956492861418333 ], [ -122.024712535528053, 36.956493339769757 ], [ -122.02472325291096, 36.956499430430782 ], [ -122.024726944059012, 36.956501701818468 ], [ -122.024740503334257, 36.956510047935097 ], [ -122.024741875857259, 36.956510892422962 ], [ -122.024744361520334, 36.956512582086837 ], [ -122.024746283633036, 36.956513892510891 ], [ -122.024753902324534, 36.95651995700117 ], [ -122.024755165804038, 36.956520961523637 ], [ -122.024765948936334, 36.956531340969022 ], [ -122.024770732976705, 36.956536004232142 ], [ -122.024772245162751, 36.956537477723906 ], [ -122.024777417605733, 36.956542521615596 ], [ -122.02477852998102, 36.956543605615785 ], [ -122.024790437909431, 36.956554242508695 ], [ -122.024795274423184, 36.956558448183074 ], [ -122.024795339602292, 36.956558505907893 ], [ -122.024795521375395, 36.956558664843243 ], [ -122.024796907952847, 36.956559869621294 ], [ -122.024800601345987, 36.956563080915004 ], [ -122.024810677651914, 36.956571997060706 ], [ -122.024820753905288, 36.956580910502701 ], [ -122.024831477198447, 36.956591051910387 ], [ -122.024839780837283, 36.956599381131817 ], [ -122.024848032276495, 36.956607628126172 ], [ -122.02484819500161, 36.956607789112937 ], [ -122.024848767427571, 36.956608439493358 ], [ -122.024849553657532, 36.956609333101682 ], [ -122.024850889403396, 36.956610854860351 ], [ -122.024850964222239, 36.956610944901819 ], [ -122.024851514732731, 36.956611566730793 ], [ -122.024852174436319, 36.956612312396778 ], [ -122.024852269865022, 36.956612421994798 ], [ -122.024854550258681, 36.956615007416694 ], [ -122.024854610135705, 36.956615080530938 ], [ -122.02485564729777, 36.956616607996637 ], [ -122.02485577214604, 36.956616783897694 ], [ -122.024859663246247, 36.956622487088516 ], [ -122.024859701463967, 36.956622544264661 ], [ -122.024859905157641, 36.956622842597213 ], [ -122.024859961886335, 36.956622926566908 ], [ -122.024860400536028, 36.956623569684844 ], [ -122.024861261441742, 36.956624822791163 ], [ -122.024865526996351, 36.956631049180231 ], [ -122.024865762617821, 36.956631371427243 ], [ -122.024865828419038, 36.956631459784219 ], [ -122.024865984474872, 36.956631679435318 ], [ -122.0248660976944, 36.956631835662328 ], [ -122.024866358916938, 36.95663214676032 ], [ -122.024866381900139, 36.956632172594169 ], [ -122.024866744640164, 36.956632616641357 ], [ -122.024867488637952, 36.956633476556796 ], [ -122.024867731404342, 36.956633763564099 ], [ -122.024868029319478, 36.956634112032063 ], [ -122.024870958843763, 36.956637530672957 ], [ -122.024871995143641, 36.956638739129701 ], [ -122.024879099334541, 36.956645622309686 ], [ -122.024880433921297, 36.95664669979822 ], [ -122.02488694716213, 36.956651964965324 ], [ -122.024889523174409, 36.956653679579141 ], [ -122.024894420271679, 36.956656941816128 ], [ -122.024895996105741, 36.956657789050539 ], [ -122.024896262888475, 36.956657931553849 ], [ -122.024901136802328, 36.956660549745386 ], [ -122.024902490093893, 36.956661276427482 ], [ -122.024902999523746, 36.956661478840552 ], [ -122.02491709497113, 36.956667083725321 ], [ -122.024917651954169, 36.956667305342513 ], [ -122.02491810687566, 36.956667477828077 ], [ -122.024918152146938, 36.956667495259772 ], [ -122.024923892160999, 36.956669686676577 ], [ -122.024924976536255, 36.956670110471826 ], [ -122.024925052393101, 36.956670141021334 ], [ -122.024925799460718, 36.956670433148687 ], [ -122.024929593666428, 36.956672248984404 ], [ -122.024929908905577, 36.956672399865774 ], [ -122.024939389650569, 36.956677423454018 ], [ -122.024944534200316, 36.95668015255508 ], [ -122.024948865906254, 36.956682447100214 ], [ -122.024949015813789, 36.956682529851221 ], [ -122.024953847094238, 36.956685260345331 ], [ -122.02495882835575, 36.956688077193995 ], [ -122.024971855060556, 36.956695852589071 ], [ -122.024971927805666, 36.956695895795782 ], [ -122.024981276677735, 36.956701503271979 ], [ -122.024990697173664, 36.956707153968772 ], [ -122.024992679590326, 36.956708281560523 ], [ -122.025001277362023, 36.956713177007963 ], [ -122.025011826838409, 36.956719180621732 ], [ -122.025033497861756, 36.956731488570341 ], [ -122.025034098816505, 36.956731829469739 ], [ -122.025034204740194, 36.956731902882879 ], [ -122.025036133080519, 36.95673324296002 ], [ -122.025038163958428, 36.95673465559338 ], [ -122.025049957646928, 36.956744529748725 ], [ -122.025061750161072, 36.95675440121466 ], [ -122.025062782458804, 36.956755412362298 ], [ -122.025062836338748, 36.956755466629993 ], [ -122.025063122852501, 36.956755751262342 ], [ -122.025071335451642, 36.956763797784916 ], [ -122.025072338839237, 36.956765099492642 ], [ -122.025072424201355, 36.95676521102456 ], [ -122.02507253490181, 36.956765353766535 ], [ -122.025079302346811, 36.956774122115569 ], [ -122.025081936434944, 36.956778585486013 ], [ -122.02508317616163, 36.956780687059812 ], [ -122.025083784432738, 36.9567817199746 ], [ -122.025088404833838, 36.956789548530566 ], [ -122.025090894789898, 36.956795042941053 ], [ -122.025091389631839, 36.956796130509389 ], [ -122.025095679325318, 36.956805590032388 ], [ -122.025112879348811, 36.956829699807535 ], [ -122.025112941782595, 36.956829788208417 ], [ -122.025119915907851, 36.956841544890395 ], [ -122.025129368883782, 36.956859852317791 ], [ -122.025138820796542, 36.956878162461955 ], [ -122.025140541585671, 36.956881502281767 ], [ -122.025142262356695, 36.956884841200626 ], [ -122.025145414360324, 36.956890974903807 ], [ -122.025148566364422, 36.956897108606967 ], [ -122.025153607900265, 36.956906928681811 ], [ -122.025158709162156, 36.956916869635393 ], [ -122.025158723310781, 36.956916902794276 ], [ -122.025162418101715, 36.95692537879102 ], [ -122.025162790896616, 36.956926262484892 ], [ -122.025163073997945, 36.956926931968383 ], [ -122.025165318978878, 36.956934076049741 ], [ -122.025166981454404, 36.956939078420113 ], [ -122.025167172550269, 36.956939475146243 ], [ -122.025167518933799, 36.956940219501654 ], [ -122.025168667840418, 36.956942493488029 ], [ -122.025168749755252, 36.956942656432567 ], [ -122.025168810675822, 36.956942780900626 ], [ -122.02516884127337, 36.956942849891789 ], [ -122.025168883536381, 36.95694294035885 ], [ -122.025169058903515, 36.956943281417161 ], [ -122.025170244203878, 36.956945633330712 ], [ -122.025170322494631, 36.956945783706061 ], [ -122.025170502709173, 36.956946142274077 ], [ -122.025170740495795, 36.956946460436868 ], [ -122.025170993947157, 36.956946831114145 ], [ -122.02517105178076, 36.956946914168057 ], [ -122.025171954342795, 36.956948172134481 ], [ -122.025172193590578, 36.956948506950141 ], [ -122.025172839589573, 36.95694940689657 ], [ -122.025173671916519, 36.956950247631049 ], [ -122.025174313969799, 36.956950898000471 ], [ -122.025174406824817, 36.956950991410494 ], [ -122.025174665902341, 36.95695125206943 ], [ -122.025174689953516, 36.956951275185716 ], [ -122.025174715127307, 36.956951298287258 ], [ -122.025174755169871, 36.956951334712166 ], [ -122.025175309114829, 36.956951904225988 ], [ -122.025175745934135, 36.956952346402126 ], [ -122.025177937716251, 36.956953995742992 ], [ -122.025178765688523, 36.95695462205201 ], [ -122.025179153387356, 36.956954912570076 ], [ -122.025179521909848, 36.956955198833064 ], [ -122.025179767229574, 36.956955390280584 ], [ -122.025180406044228, 36.956955881182239 ], [ -122.025183899671831, 36.956958543551075 ], [ -122.025185606055643, 36.956959846876885 ], [ -122.025185662089669, 36.956959896610371 ], [ -122.025187411105591, 36.956961750904767 ], [ -122.025187439757048, 36.956961779368008 ], [ -122.025187614259011, 36.956961967235863 ], [ -122.025191092712234, 36.956965651748618 ], [ -122.025194278708923, 36.956969809604914 ], [ -122.025197470502107, 36.956973976397151 ], [ -122.025201641502633, 36.956979470445596 ], [ -122.02520581255871, 36.956984967196668 ], [ -122.025209180540884, 36.956989073106897 ], [ -122.025218812533211, 36.957000822053246 ], [ -122.025220524788978, 36.957002912037737 ], [ -122.025221225097653, 36.957003666182516 ], [ -122.025221249240374, 36.957003693803486 ], [ -122.025232823203439, 36.957016181553207 ], [ -122.025233911157926, 36.957017057694593 ], [ -122.025234166636565, 36.957017251712685 ], [ -122.025234415470877, 36.957017450323583 ], [ -122.025234727331252, 36.957017711193167 ], [ -122.025234876245179, 36.957017800265113 ], [ -122.025235064963908, 36.957017914049679 ], [ -122.02523552519574, 36.957018181990342 ], [ -122.025235692437903, 36.957018288846314 ], [ -122.025235825268908, 36.957018360104939 ], [ -122.025236012883283, 36.957018474805075 ], [ -122.025236232279269, 36.957018606212046 ], [ -122.025236760949056, 36.957018926427502 ], [ -122.025236873700692, 36.957019004257084 ], [ -122.025237426599318, 36.957019245752349 ], [ -122.025237627246213, 36.957019338653573 ], [ -122.025237737221872, 36.957019390385042 ], [ -122.02523812806426, 36.957019559201633 ], [ -122.025238251420092, 36.957019606252153 ], [ -122.025238395129918, 36.957019660245869 ], [ -122.025238474391699, 36.95701969255304 ], [ -122.025238638748164, 36.957019767905166 ], [ -122.025239143080498, 36.957019995616733 ], [ -122.025239194148256, 36.957020021984327 ], [ -122.025239230347211, 36.957020035028677 ], [ -122.025240007554302, 36.957020262775593 ], [ -122.025240304656776, 36.957020349909165 ], [ -122.025240412002887, 36.957020382750137 ], [ -122.025240570288673, 36.957020435652048 ], [ -122.02524108659226, 36.957020589309707 ], [ -122.025241243645624, 36.95702063682063 ], [ -122.025241736282254, 36.95702078628193 ], [ -122.025244365483843, 36.957021248444164 ], [ -122.025245653784935, 36.957021483924642 ], [ -122.025246955649195, 36.95702172373359 ], [ -122.025247050627968, 36.9570217558351 ], [ -122.025247125252889, 36.957021780993408 ], [ -122.025248916085701, 36.957022376683376 ], [ -122.025249409015117, 36.957022540559784 ], [ -122.025249496373306, 36.95702258447642 ], [ -122.025249608685812, 36.957022640683242 ], [ -122.025251245892463, 36.95702346818527 ], [ -122.025251657729257, 36.957023675478212 ], [ -122.025251752335592, 36.957023744533231 ], [ -122.025251884519804, 36.957023839231148 ], [ -122.0252527596992, 36.957024467625722 ], [ -122.025253287295001, 36.957024845531087 ], [ -122.025253637123924, 36.957025095990929 ], [ -122.025253726556372, 36.957025186742122 ], [ -122.025253870991563, 36.957025331746237 ], [ -122.02525529140317, 36.957026764076723 ], [ -122.02525985430421, 36.957033197440431 ], [ -122.025271587430282, 36.957054074053509 ], [ -122.025281232372578, 36.957073757774204 ], [ -122.025285955163056, 36.95708563041061 ], [ -122.025286559794196, 36.957087147309295 ], [ -122.025286589299412, 36.957087273089449 ], [ -122.025286658242479, 36.957087571381557 ], [ -122.025287904020075, 36.957092955897267 ], [ -122.025287930968915, 36.957093066390719 ], [ -122.025287936081668, 36.957093096964172 ], [ -122.025287965936144, 36.957095119737744 ], [ -122.025287973755198, 36.957095615288097 ], [ -122.025287973291313, 36.957095647736907 ], [ -122.025287974883327, 36.957095726119313 ], [ -122.025288014065467, 36.957099037467756 ], [ -122.025288024845821, 36.957099153579833 ], [ -122.025287051653791, 36.957103900243673 ], [ -122.02528698838141, 36.957104212881944 ], [ -122.025286893912025, 36.957104703462079 ], [ -122.025286812090897, 36.95710515332334 ], [ -122.02528656713811, 36.957105754014307 ], [ -122.025286553239198, 36.957105788441197 ], [ -122.025284592433138, 36.95711064625339 ], [ -122.025284160761416, 36.957111342209039 ], [ -122.02528410106558, 36.957111443922827 ], [ -122.025283215763267, 36.957112860453421 ], [ -122.025283063497554, 36.957113103963245 ], [ -122.025281396304933, 36.957115776161643 ], [ -122.025281374492593, 36.957115807988529 ], [ -122.025277413513066, 36.95712032337935 ], [ -122.025277228086807, 36.957120537583748 ], [ -122.025273513583372, 36.957123697970282 ], [ -122.02527229013613, 36.957124720599523 ], [ -122.0252721398723, 36.957124841521768 ], [ -122.02527154253255, 36.957125342284584 ], [ -122.025269626596383, 36.957126714620699 ], [ -122.025269495625153, 36.95712679023125 ], [ -122.025268845204707, 36.957127165522238 ], [ -122.025268571059598, 36.957127324112378 ], [ -122.025265721736787, 36.957128961891357 ], [ -122.025264070850227, 36.957129893684787 ], [ -122.025263405835361, 36.957130269166669 ], [ -122.025261895139977, 36.957130971126013 ], [ -122.0252617917224, 36.957131021142906 ], [ -122.025261710519786, 36.957131059153724 ], [ -122.025258620869323, 36.957132143142822 ], [ -122.02525817597288, 36.957132298559401 ], [ -122.025257673101592, 36.957132474560396 ], [ -122.025255906946299, 36.957132817584267 ], [ -122.025253967421932, 36.957133194417423 ], [ -122.025253402555606, 36.957133303640347 ], [ -122.025252002614977, 36.957133376924908 ], [ -122.025251483216095, 36.957133402643912 ], [ -122.025249033287892, 36.957133529315222 ], [ -122.025247978791526, 36.957133581859686 ], [ -122.025246162570355, 36.95713367140366 ], [ -122.025244556155144, 36.957133751894922 ], [ -122.025244029275626, 36.957133851609015 ], [ -122.025243984516337, 36.95713385940401 ], [ -122.02524236360901, 36.957134166282607 ], [ -122.025241794215518, 36.957134273762371 ], [ -122.025240232588587, 36.957134569051277 ], [ -122.0252401766395, 36.957134578794999 ], [ -122.025239690571155, 36.957134752773776 ], [ -122.025239612498567, 36.957134779028216 ], [ -122.025239231061974, 36.957134907480196 ], [ -122.025238996807687, 36.957134984441709 ], [ -122.025236126212846, 36.95713596192838 ], [ -122.025236077219191, 36.957135982395329 ], [ -122.025236045876738, 36.957135987311233 ], [ -122.025233640066318, 36.957137180410115 ], [ -122.025233600053767, 36.957137200759611 ], [ -122.025233494464146, 36.957137254409595 ], [ -122.025233309880477, 36.957137344239158 ], [ -122.025231973456741, 36.957138001562797 ], [ -122.025231929118334, 36.957138030079548 ], [ -122.025229849922312, 36.95713938111971 ], [ -122.025228811419453, 36.957140055273634 ], [ -122.025228177520802, 36.957140470000496 ], [ -122.025226790940835, 36.957141643458918 ], [ -122.025225917679407, 36.957142381238036 ], [ -122.025224838052068, 36.957143297447878 ], [ -122.025224809503769, 36.957143329362815 ], [ -122.025224765549623, 36.957143376799465 ], [ -122.025224010372213, 36.957144233793002 ], [ -122.025222408814201, 36.957146046301141 ], [ -122.02522212057292, 36.957146506071901 ], [ -122.025221633347357, 36.957147286564343 ], [ -122.02522105467439, 36.957148208838106 ], [ -122.025220523915493, 36.957149057488976 ], [ -122.025220194555061, 36.957149870161558 ], [ -122.025220075870365, 36.9571501636985 ], [ -122.025219472763951, 36.957151652237066 ], [ -122.025219225766506, 36.957152262867695 ], [ -122.025218000460811, 36.957158280798318 ], [ -122.025217967291397, 36.957161457915156 ], [ -122.025217965112844, 36.957161516520806 ], [ -122.025217938971068, 36.957163933845344 ], [ -122.025217934483663, 36.957164376386721 ], [ -122.02521821050928, 36.957165913805383 ], [ -122.025218250971733, 36.957166136770411 ], [ -122.025218497864628, 36.957167511455346 ], [ -122.025218543201902, 36.957167753281503 ], [ -122.025218574964143, 36.957167934905769 ], [ -122.025218604908432, 36.957168082308719 ], [ -122.025218665919667, 36.957168377099869 ], [ -122.02521881743111, 36.957168759924755 ], [ -122.025219034268403, 36.957169290590947 ], [ -122.025219539168305, 36.957170569078819 ], [ -122.025220356182658, 36.957172535595483 ], [ -122.02522047264894, 36.957172796317373 ], [ -122.025220554856944, 36.957172973677039 ], [ -122.025220795531808, 36.957173544584819 ], [ -122.025220811925863, 36.957173577714293 ], [ -122.025221383167761, 36.957174501168012 ], [ -122.02522232828828, 36.957176029834649 ], [ -122.025226624186416, 36.957182973159206 ], [ -122.025229524667466, 36.957187669153114 ], [ -122.025232027764531, 36.957191321363652 ], [ -122.025235508772013, 36.957196402681248 ], [ -122.02523732682603, 36.957199057226902 ], [ -122.025242761193326, 36.957206488521301 ], [ -122.025243913978883, 36.957208068542592 ], [ -122.025250501133371, 36.957217079857898 ], [ -122.025250890980175, 36.957217586632474 ], [ -122.025251072120795, 36.957217824879855 ], [ -122.025252081332127, 36.957219136423127 ], [ -122.025252780153465, 36.957220038381799 ], [ -122.025254983304364, 36.957222910482983 ], [ -122.025259247279322, 36.957227950016616 ], [ -122.02526056703573, 36.957229291742735 ], [ -122.025266580070777, 36.957235413251965 ], [ -122.025276910768667, 36.957246729496923 ], [ -122.025282606407245, 36.957254307870087 ], [ -122.025289331385665, 36.957263580527012 ], [ -122.025296057506651, 36.957272854069792 ], [ -122.025300642262366, 36.957279367352029 ], [ -122.025304233827399, 36.957284639174233 ], [ -122.025307155253117, 36.957288928457196 ], [ -122.025307828889026, 36.95728991725894 ], [ -122.025309363662785, 36.957292667430181 ], [ -122.025309434705918, 36.957292792667012 ], [ -122.025309464974342, 36.957292845441081 ], [ -122.025310546234792, 36.957295934983925 ], [ -122.025310716346226, 36.957297012380302 ], [ -122.025310752672482, 36.957297197549558 ], [ -122.025310780182352, 36.957297390944831 ], [ -122.025310828490902, 36.957297723751985 ], [ -122.025311049985959, 36.957299119496263 ], [ -122.025311043919871, 36.957299373710299 ], [ -122.025311003124301, 36.957300903557758 ], [ -122.025310966905337, 36.957302327005301 ], [ -122.025310934116405, 36.957303532320822 ], [ -122.025310905849224, 36.957304628533578 ], [ -122.025310899160942, 36.957304852115413 ], [ -122.025310878808909, 36.957305619291482 ], [ -122.025311384280243, 36.957308888492932 ], [ -122.025312469414942, 36.957312058190666 ], [ -122.025313698960744, 36.957314321207853 ], [ -122.025314103633477, 36.957315060294498 ], [ -122.025314122181371, 36.957315088889821 ], [ -122.025316087265352, 36.95731762886269 ], [ -122.025317472455185, 36.957318930080035 ], [ -122.025318525618601, 36.957319917521808 ], [ -122.025321364959126, 36.957321879211825 ], [ -122.025324475713404, 36.957323437224396 ], [ -122.025324542644768, 36.95732347059397 ], [ -122.02532609237214, 36.95732424787176 ], [ -122.025326122994656, 36.957324262791346 ], [ -122.025327635327102, 36.957325023435779 ], [ -122.025327890477641, 36.9573252012366 ], [ -122.02532799299793, 36.957325272891588 ], [ -122.02532897377688, 36.957325958481462 ], [ -122.02532967430453, 36.957326446772662 ], [ -122.025330387400928, 36.957326945713703 ], [ -122.025330686303548, 36.957327231985801 ], [ -122.025331286409028, 36.957327807203399 ], [ -122.025332192336037, 36.957328677614427 ], [ -122.02533232514304, 36.957328802944481 ], [ -122.025332728292526, 36.957329190588126 ], [ -122.025333068841945, 36.957329647540881 ], [ -122.025333601020705, 36.957330361528633 ], [ -122.025333656426525, 36.957330435602351 ], [ -122.025334601857651, 36.957331702919923 ], [ -122.025341327040039, 36.957343141123033 ], [ -122.025347949686548, 36.957355612525824 ], [ -122.025356857196272, 36.957375033729775 ], [ -122.02535772817744, 36.957376837326017 ], [ -122.025362170887135, 36.957386031692231 ], [ -122.025362898830224, 36.957387537965602 ], [ -122.025365080993467, 36.957390869043451 ], [ -122.025367389368199, 36.95739438771939 ], [ -122.025367414761746, 36.957394421632308 ], [ -122.025367529453845, 36.957394594962167 ], [ -122.025367617391808, 36.957394722681471 ], [ -122.025367758490304, 36.957394924503859 ], [ -122.02536777913717, 36.957394945862269 ], [ -122.025367803353191, 36.957394977086985 ], [ -122.025369983879244, 36.95739750883358 ], [ -122.025372648568194, 36.957400601994053 ], [ -122.025372770386809, 36.957400739183228 ], [ -122.025372863498831, 36.957400845206365 ], [ -122.025372884218839, 36.957400870168549 ], [ -122.025372914157884, 36.957400906725553 ], [ -122.025373128496582, 36.957401176079991 ], [ -122.025375669963637, 36.957404173524253 ], [ -122.025378565599212, 36.957407634952354 ], [ -122.025379020749952, 36.957408260730077 ], [ -122.025379087601905, 36.957408345468231 ], [ -122.02537950098322, 36.957408905104565 ], [ -122.025381957499135, 36.957412529984715 ], [ -122.025382022636535, 36.957412640879767 ], [ -122.025382081666564, 36.957412727522637 ], [ -122.025382177572865, 36.957412860544871 ], [ -122.025382200684604, 36.957412892685255 ], [ -122.025382276901993, 36.957412996225841 ], [ -122.025383482615666, 36.957414804454878 ], [ -122.025390130291171, 36.95742723587589 ], [ -122.025390164147211, 36.957427299417247 ], [ -122.025390352103486, 36.957427652025999 ], [ -122.025391190206904, 36.957429219040002 ], [ -122.025393522393983, 36.957433578211145 ], [ -122.025395730877705, 36.957437707395584 ], [ -122.025396581842898, 36.957439299474515 ], [ -122.02539688065967, 36.957439857905918 ], [ -122.025397920412487, 36.957441456527015 ], [ -122.025398120022516, 36.957441774738228 ], [ -122.025407054930895, 36.957455522610019 ], [ -122.025408059979924, 36.957457071218556 ], [ -122.025409677265614, 36.957459184071425 ], [ -122.02541161178894, 36.957461711825943 ], [ -122.025416532890716, 36.957468142300641 ], [ -122.025417507696815, 36.957469418245211 ], [ -122.025420350018365, 36.957472576669893 ], [ -122.025420979649596, 36.957473278568116 ], [ -122.025423337142641, 36.957475898117345 ], [ -122.025424444702111, 36.957477130870565 ], [ -122.025428171014966, 36.957480853588869 ], [ -122.025428199666806, 36.957480882052032 ], [ -122.025436423701692, 36.957489098725539 ], [ -122.025439405013969, 36.957492078698856 ], [ -122.025440696346692, 36.957493236952836 ], [ -122.025450623303342, 36.957502143284849 ], [ -122.025452980672, 36.957504259071747 ], [ -122.025454463904509, 36.957505411210327 ], [ -122.025454910039883, 36.957505703666655 ], [ -122.025455587092239, 36.957506141797786 ], [ -122.025458345729447, 36.95750788915683 ], [ -122.025458387651696, 36.957507907533291 ], [ -122.025458490782583, 36.957507953946994 ], [ -122.025461961697559, 36.957509496430085 ], [ -122.025464010074316, 36.957510387040422 ], [ -122.025464569676572, 36.957510626644634 ], [ -122.025465641852264, 36.957511001930655 ], [ -122.025466913639647, 36.957511363790957 ], [ -122.025466954311156, 36.957511375875498 ], [ -122.025467049162557, 36.957511401670203 ], [ -122.025484836114316, 36.957516462542586 ], [ -122.025485687751413, 36.957516705535575 ], [ -122.025487213037636, 36.957517053265065 ], [ -122.025504822769264, 36.957521073779922 ], [ -122.025504970568122, 36.957521107893761 ], [ -122.025508324615544, 36.957521872377967 ], [ -122.025523069616611, 36.957525390557926 ], [ -122.025529120688503, 36.957527080421535 ], [ -122.025535172883338, 36.957528770270137 ], [ -122.025544232624554, 36.957531469751743 ], [ -122.025553289016784, 36.957534170177716 ], [ -122.025557572725972, 36.957535591178058 ], [ -122.025561853085705, 36.957537013123314 ], [ -122.025598134992805, 36.957558823878763 ], [ -122.025624722107196, 36.957617925508828 ], [ -122.025635587639272, 36.957642075736146 ], [ -122.025683007134845, 36.957701865449074 ], [ -122.025726300864932, 36.957756453406965 ], [ -122.02578024839984, 36.957848032642353 ], [ -122.025802025622426, 36.957885000042069 ], [ -122.025802569335852, 36.957891531938856 ], [ -122.025804849666599, 36.957918981989145 ], [ -122.025806478526718, 36.957938575906951 ], [ -122.025805910246831, 36.957955485101536 ], [ -122.025805586824518, 36.957965101392013 ], [ -122.025804797005009, 36.957988627295492 ], [ -122.025804786938167, 36.957988960866352 ], [ -122.025804675231896, 36.9579922507587 ], [ -122.025803243047363, 36.95800173646662 ], [ -122.025803036474485, 36.958003120689042 ], [ -122.025796635413315, 36.95804555662351 ], [ -122.025805699641765, 36.958185596897437 ], [ -122.02580574038231, 36.958186828286685 ], [ -122.025806306314252, 36.958203904679827 ], [ -122.025806383554837, 36.958206269284496 ], [ -122.025805982415704, 36.95820913129576 ], [ -122.025805950273835, 36.958209373234375 ], [ -122.025804391428281, 36.958220528696586 ], [ -122.025804170699828, 36.958222100551104 ], [ -122.025803510832787, 36.958226819689131 ], [ -122.025802227395417, 36.958230859381146 ], [ -122.025801953943812, 36.95823171548205 ], [ -122.025799111518083, 36.958240658203934 ], [ -122.025798813874388, 36.958241594826958 ], [ -122.02579713978335, 36.958246857134085 ], [ -122.025796288828545, 36.958248527353916 ], [ -122.025791989837074, 36.958256968248932 ], [ -122.025787451078216, 36.958265878194815 ], [ -122.025787390662231, 36.958265999744405 ], [ -122.025787387971562, 36.958266033123508 ], [ -122.025785079365491, 36.958311695827611 ], [ -122.025785045039626, 36.958312382981141 ], [ -122.025785029121351, 36.958312704913141 ], [ -122.025783325987092, 36.958346383822992 ], [ -122.025713482248989, 36.958569840387305 ], [ -122.025695262096264, 36.958729520364002 ], [ -122.025650592230775, 36.958795765297509 ], [ -122.025660833627995, 36.958882378644212 ], [ -122.025601546613785, 36.958987017017073 ], [ -122.025601125164698, 36.959037799903477 ], [ -122.025601084924148, 36.959042783993119 ], [ -122.025595100772847, 36.9590983447547 ], [ -122.025593991473926, 36.95910366095012 ], [ -122.02559366618361, 36.959105226962805 ], [ -122.025591315792369, 36.959116502722999 ], [ -122.025584557145891, 36.959148920324623 ], [ -122.025583634161748, 36.959153347314562 ], [ -122.025567686472797, 36.959204460399825 ], [ -122.025566754410747, 36.959207445609408 ], [ -122.025565274408876, 36.959214690688448 ], [ -122.025565215132403, 36.959214978942533 ], [ -122.025564730053787, 36.95921735811379 ], [ -122.025563669446285, 36.959219930459156 ], [ -122.025563544298123, 36.959220237598792 ], [ -122.025561667118978, 36.959224791522971 ], [ -122.025561624280229, 36.959224893917558 ], [ -122.025560799111602, 36.959226894533792 ], [ -122.025559380707477, 36.959229101172362 ], [ -122.02555864918611, 36.959230239028734 ], [ -122.025555933205553, 36.959234464179389 ], [ -122.025555891825135, 36.959234527803844 ], [ -122.02555506014744, 36.959235821073491 ], [ -122.025553647412679, 36.959237367067857 ], [ -122.025553618827175, 36.959237397181028 ], [ -122.025551615034061, 36.959239588047225 ], [ -122.025548445671433, 36.959243054021584 ], [ -122.025548356656657, 36.959243149810774 ], [ -122.025547655820162, 36.959243918680187 ], [ -122.025543658583928, 36.959247096291371 ], [ -122.025542288194075, 36.959248183928707 ], [ -122.025539168431905, 36.959250664256643 ], [ -122.025539075609856, 36.95925073846719 ], [ -122.025538762853245, 36.959250986780553 ], [ -122.02553366487227, 36.95925393186689 ], [ -122.025533059970158, 36.959254282231662 ], [ -122.025529630259271, 36.959256264653305 ], [ -122.025528616862132, 36.959256849263724 ], [ -122.025495018006282, 36.959439408769818 ], [ -122.025469363109849, 36.959511579799518 ], [ -122.025735026640277, 36.959557016871294 ], [ -122.025774026908834, 36.960186017173982 ], [ -122.025725026823437, 36.960438017372525 ], [ -122.025527026070179, 36.961264016980167 ], [ -122.025394026543538, 36.961602016736343 ], [ -122.025338026880348, 36.96177501745796 ], [ -122.025251026284195, 36.962099017392681 ], [ -122.025207026415387, 36.962318017186568 ], [ -122.025193026299917, 36.962440017348236 ], [ -122.025180026741253, 36.962562017038877 ], [ -122.025156026502742, 36.962771017008961 ], [ -122.02511802701575, 36.963068017135264 ], [ -122.025792027195521, 36.963142017568437 ], [ -122.02601502743731, 36.963217017103176 ], [ -122.026302474554399, 36.963347604157114 ], [ -122.026527565651946, 36.963509931047156 ], [ -122.026898554567538, 36.963886806161611 ], [ -122.027178631982196, 36.964209671232588 ], [ -122.027291240923503, 36.964339482340336 ], [ -122.027481235059255, 36.964262808095356 ], [ -122.029288027917659, 36.968554017055588 ], [ -122.029299027882004, 36.968585017866729 ], [ -122.029334027370709, 36.968681017558737 ], [ -122.029346028196784, 36.968713017275391 ], [ -122.029556028176344, 36.968692017738348 ], [ -122.029639028385191, 36.968684016999688 ], [ -122.029932028383953, 36.968655017789843 ], [ -122.030164028219787, 36.96863101776561 ], [ -122.030186028381962, 36.968628017428344 ], [ -122.030396027735023, 36.9686060169633 ], [ -122.030501027780815, 36.96859401761639 ], [ -122.030819027854704, 36.96856001721418 ], [ -122.030926028207332, 36.968549017679486 ], [ -122.031028028251981, 36.96853701758581 ], [ -122.031337028025632, 36.968501017031542 ], [ -122.03144002770226, 36.96849001728669 ], [ -122.031637027652181, 36.968469017079009 ], [ -122.032231028028306, 36.968407016802182 ], [ -122.03242902845507, 36.968387016844481 ], [ -122.032599028204615, 36.968394017354669 ], [ -122.033109028250081, 36.968418017447327 ], [ -122.033280027901313, 36.968426016757846 ], [ -122.033486027943169, 36.968438017376513 ], [ -122.033519028916515, 36.968441016959666 ], [ -122.033639028572068, 36.968456017215026 ], [ -122.033735028224427, 36.968475017044788 ], [ -122.033935028324905, 36.968548017040838 ], [ -122.034078028718767, 36.968606017334501 ], [ -122.034269029053377, 36.968685017212728 ], [ -122.034550028531427, 36.968800017427633 ], [ -122.034877028205727, 36.968934016934512 ], [ -122.034892028415811, 36.968779016886877 ], [ -122.034894028214069, 36.968762016673821 ], [ -122.034911028162995, 36.968590017313581 ], [ -122.034932028924047, 36.968375017335383 ], [ -122.034937028674378, 36.968314016742092 ], [ -122.034953028442075, 36.968160017371304 ], [ -122.03497002877603, 36.967986017361483 ], [ -122.035022028849923, 36.967464016789471 ], [ -122.035040028642953, 36.967291016554128 ], [ -122.035478028904294, 36.967336017067289 ], [ -122.036792028512608, 36.967471016905897 ], [ -122.037231028565785, 36.967517016933797 ], [ -122.037520028746187, 36.967548016421482 ], [ -122.038391028768189, 36.967644016484506 ], [ -122.038563028845601, 36.967663016382474 ], [ -122.038680028826775, 36.967683016575847 ], [ -122.038830028619444, 36.967718016788041 ], [ -122.038950029076105, 36.967780016708794 ], [ -122.039327029365737, 36.967988016508031 ], [ -122.04001802874815, 36.968370017136088 ], [ -122.04117202988229, 36.968984016537775 ], [ -122.041231029964436, 36.969014016969062 ], [ -122.041874029861177, 36.969341017058682 ], [ -122.042057029382434, 36.969158016990832 ], [ -122.042606029033436, 36.968608016474214 ], [ -122.042790029407485, 36.968426016719327 ], [ -122.042845029859393, 36.968370016403028 ], [ -122.043013029442008, 36.968202016176988 ], [ -122.043070029049119, 36.968147016656772 ], [ -122.04330002974713, 36.968225016289566 ], [ -122.04335102950408, 36.968243016735649 ], [ -122.043632029903293, 36.96834001646959 ], [ -122.043925030209635, 36.96844301630798 ], [ -122.043988029870789, 36.968465016607368 ], [ -122.044218030215518, 36.968546016326826 ], [ -122.044448029592687, 36.968626016192374 ], [ -122.045140029883896, 36.968866016321449 ], [ -122.045371030092298, 36.968947016776113 ], [ -122.045486029791064, 36.96899301622264 ], [ -122.04555002948527, 36.969029015952671 ], [ -122.045577030366346, 36.969044016205409 ], [ -122.045657030043301, 36.96910101605544 ], [ -122.046018030446533, 36.969391016725019 ], [ -122.046067030234028, 36.969430015928417 ], [ -122.046178030232383, 36.969508016747746 ], [ -122.046179689914567, 36.969510292780072 ], [ -122.046189714199699, 36.969512328142407 ], [ -122.046330632670475, 36.969600813132061 ], [ -122.046579403571045, 36.969758819384786 ], [ -122.046639177561261, 36.969798336948422 ], [ -122.046644654233177, 36.969802221446102 ], [ -122.046772456637171, 36.969892884110145 ], [ -122.046899866658677, 36.969992506977178 ], [ -122.047021102931822, 36.970096971696286 ], [ -122.047135879585198, 36.970206031548138 ], [ -122.047243930785896, 36.970319431436735 ], [ -122.047344998258254, 36.970436901746695 ], [ -122.047438846085214, 36.970558168059441 ], [ -122.047525254964455, 36.970682944921172 ], [ -122.047604016631325, 36.970810937718753 ], [ -122.047674947370652, 36.970941844302772 ], [ -122.04773788247698, 36.971075358665708 ], [ -122.047785601183463, 36.97119230377784 ], [ -122.047827184792737, 36.971310746969841 ], [ -122.047862558304018, 36.971430483771869 ], [ -122.047891658899076, 36.971551301440627 ], [ -122.04791443955277, 36.971672990627063 ], [ -122.047953945565027, 36.971886543334591 ], [ -122.048013292499832, 36.972028673725127 ], [ -122.048080272243581, 36.97216860209663 ], [ -122.048154762593597, 36.97230606510827 ], [ -122.048236622348028, 36.972440804176308 ], [ -122.048325695741056, 36.972572562711555 ], [ -122.048421814874473, 36.972701095099303 ], [ -122.048524800635533, 36.972826156774175 ], [ -122.048594827672773, 36.972903656745807 ], [ -122.048634456145663, 36.972947513319042 ], [ -122.048750574508617, 36.973064934955275 ], [ -122.048872940026428, 36.973178201032823 ], [ -122.04900131912305, 36.973287095644764 ], [ -122.049135470636301, 36.973391416502771 ], [ -122.049275142225909, 36.973490964170828 ], [ -122.049420067246885, 36.973585553822396 ], [ -122.049569975754935, 36.973675004279912 ], [ -122.049724584586784, 36.973759147158866 ], [ -122.049883600691672, 36.973837825021377 ], [ -122.049964135970953, 36.973873896469364 ], [ -122.05000575555367, 36.973892537830096 ], [ -122.050046723302827, 36.97391088774264 ], [ -122.050213648578264, 36.973978199658845 ], [ -122.05209516638962, 36.974987605276823 ], [ -122.052236582997324, 36.975067887630836 ], [ -122.052373838643447, 36.975152690607594 ], [ -122.052506710379916, 36.975241878406123 ], [ -122.052556174919332, 36.975277907490266 ], [ -122.052560817444672, 36.975281288244162 ], [ -122.052634977258734, 36.975335303483888 ], [ -122.052678683487201, 36.975371890411004 ], [ -122.052679243792497, 36.975372370496757 ], [ -122.052726527349179, 36.975413457198073 ], [ -122.052790882773877, 36.975355973099219 ], [ -122.052792421225703, 36.975354598124973 ], [ -122.052802088518376, 36.975357736238642 ], [ -122.052806031660069, 36.975359016603683 ], [ -122.052877031902582, 36.975307016058991 ], [ -122.052994031165085, 36.975243016418666 ], [ -122.053126031607647, 36.975188016264852 ], [ -122.053201031852595, 36.975166016110457 ], [ -122.053281031044307, 36.975155015972128 ], [ -122.053730031505125, 36.975112016177718 ], [ -122.054113032084004, 36.975075016497321 ], [ -122.055265032283415, 36.974965016180938 ], [ -122.055445163618742, 36.974881010110067 ], [ -122.055696048926535, 36.974250373499544 ], [ -122.056261279828291, 36.972947408833335 ], [ -122.056321537181148, 36.972783916964765 ], [ -122.05655998788616, 36.972543455233819 ], [ -122.056907151834608, 36.971578937617899 ], [ -122.056899660917708, 36.971553669948982 ], [ -122.058380384322703, 36.971554884975951 ], [ -122.058375018096996, 36.971489634621371 ], [ -122.057482146191887, 36.97148826308463 ], [ -122.056873928947212, 36.971466878950601 ], [ -122.056755822645087, 36.971068490069776 ], [ -122.056696959342929, 36.970869951832412 ], [ -122.056725227207849, 36.970730098749392 ], [ -122.056779827812463, 36.970503930302868 ], [ -122.056766873767202, 36.970384716846773 ], [ -122.056667188671895, 36.969741815627088 ], [ -122.056223950515374, 36.969149482668065 ], [ -122.056079108009627, 36.96895591433772 ], [ -122.055914127168037, 36.968436095449746 ], [ -122.055766742925243, 36.967971714579512 ], [ -122.055497311347722, 36.9676059189838 ], [ -122.055301772368253, 36.967340446661098 ], [ -122.055244567811968, 36.967267267656595 ], [ -122.054970351549755, 36.967053008889771 ], [ -122.054695110534354, 36.966837944881348 ], [ -122.054332281530193, 36.966311836983671 ], [ -122.054063634737446, 36.965922284129789 ], [ -122.054006966833768, 36.965919749036296 ], [ -122.054009657045512, 36.965904847127696 ], [ -122.053516401459689, 36.965918242033631 ], [ -122.05353567792433, 36.965841810209191 ], [ -122.053549772163748, 36.965785936011542 ], [ -122.05366065579959, 36.965346288565428 ], [ -122.05368834024776, 36.965236524066853 ], [ -122.053643804377415, 36.964461981755932 ], [ -122.053641814669277, 36.964427368261184 ], [ -122.053490703003192, 36.964247189309226 ], [ -122.053231183063119, 36.963937739936306 ], [ -122.052946721499353, 36.963785016742342 ], [ -122.053038331930622, 36.963486107046485 ], [ -122.052908400725656, 36.963454396874056 ], [ -122.052626480115791, 36.962866141973436 ], [ -122.052540991471574, 36.962874879925323 ], [ -122.052312165484707, 36.961433211193736 ], [ -122.052417148489624, 36.961278698515322 ], [ -122.052320272049329, 36.960678282654193 ], [ -122.052299737104121, 36.960526179011367 ], [ -122.05196873750883, 36.960499178326721 ], [ -122.051115029857542, 36.960436015226378 ], [ -122.05092702951849, 36.960421015617428 ], [ -122.050784029294618, 36.960415014936984 ], [ -122.050404029564532, 36.96046201570487 ], [ -122.050192029291551, 36.960472014921876 ], [ -122.04983902924198, 36.960514015572919 ], [ -122.04952302953825, 36.960578015403797 ], [ -122.049411029647345, 36.960559015063183 ], [ -122.049293029497349, 36.96065801513835 ], [ -122.048356029319422, 36.960987015509971 ], [ -122.048278029778444, 36.960964015522727 ], [ -122.048182029609976, 36.961044015428321 ], [ -122.047803029577153, 36.961188015652496 ], [ -122.047656028917174, 36.961221015473562 ], [ -122.047589029432544, 36.961210015274823 ], [ -122.047182028995451, 36.961352015831729 ], [ -122.046866029015987, 36.961462015963363 ], [ -122.046847029259794, 36.961469015211726 ], [ -122.046513029125094, 36.961586015679771 ], [ -122.046196028854467, 36.961696015522335 ], [ -122.045248028913562, 36.962026016006206 ], [ -122.044932029337389, 36.962137015648956 ], [ -122.044386029195692, 36.962326015433547 ], [ -122.044096028920805, 36.962435015663019 ], [ -122.043941028655453, 36.962511016021018 ], [ -122.043854028648994, 36.96256501635424 ], [ -122.04327802854705, 36.962270015805998 ], [ -122.041655029013654, 36.961382016054692 ], [ -122.041601028761917, 36.961352015618907 ], [ -122.041441029006876, 36.961264016291871 ], [ -122.041388028724356, 36.96123501637959 ], [ -122.040984028269449, 36.961013015561122 ], [ -122.039773028326351, 36.960350016085563 ], [ -122.039412027860905, 36.960152015774568 ], [ -122.039368027991458, 36.960132016180417 ], [ -122.039240028527118, 36.960254016403631 ], [ -122.039155028723243, 36.9603230159397 ], [ -122.039062027740187, 36.960385016041982 ], [ -122.039043028409807, 36.960395015867469 ], [ -122.038963028140969, 36.960441015815313 ], [ -122.038858028280373, 36.960489016428816 ], [ -122.038748027879194, 36.960530015808523 ], [ -122.038634028431858, 36.960563015726265 ], [ -122.03846102817873, 36.960597016559781 ], [ -122.038341028521344, 36.960610015960178 ], [ -122.038221028653751, 36.960614015966691 ], [ -122.03810002829934, 36.960610016575636 ], [ -122.037980028630557, 36.960598015722674 ], [ -122.037862027817681, 36.960577016148996 ], [ -122.037828027923595, 36.960568016478817 ], [ -122.03774602838007, 36.960548016345236 ], [ -122.037634028152581, 36.960511016108299 ], [ -122.037527027757832, 36.96046601577455 ], [ -122.037438027934314, 36.960421015928702 ], [ -122.037341028050648, 36.960363016400912 ], [ -122.03725102834234, 36.96029801599822 ], [ -122.037219028308726, 36.960270016161132 ], [ -122.037168027974573, 36.960227015968719 ], [ -122.037093027517471, 36.960150015754792 ], [ -122.037027028072728, 36.960069016333065 ], [ -122.036970028221006, 36.959983016516581 ], [ -122.036923027645727, 36.959893016078468 ], [ -122.036885027393083, 36.959801016218783 ], [ -122.036857027738918, 36.959706016059855 ], [ -122.036840027500617, 36.959610016601097 ], [ -122.036838027436389, 36.959592016484741 ], [ -122.036834027722463, 36.959513016030613 ], [ -122.036838027820238, 36.959415015821456 ], [ -122.036851027956288, 36.959328015859768 ], [ -122.036139028066302, 36.959235016369128 ], [ -122.036176027411685, 36.959090016157511 ], [ -122.03619302827623, 36.959040015940076 ], [ -122.036054028253304, 36.959008016454803 ], [ -122.035637027097195, 36.958914015864913 ], [ -122.035499027233513, 36.958883016389962 ], [ -122.035360027796898, 36.958851016077794 ], [ -122.034945027545263, 36.958758015848261 ], [ -122.034807027149611, 36.958727016470469 ], [ -122.034749028007667, 36.958716016651323 ], [ -122.034577027749904, 36.958685016609813 ], [ -122.034520027206284, 36.958675016471261 ], [ -122.034517027281126, 36.958571016473911 ], [ -122.034508027764105, 36.958260015900933 ], [ -122.034506027538313, 36.958157016587542 ], [ -122.034345026988305, 36.958147016045608 ], [ -122.033861027353041, 36.958117016304278 ], [ -122.033701027770505, 36.958108016446161 ], [ -122.033710027139605, 36.958001016273002 ], [ -122.033741027296841, 36.957680016281728 ], [ -122.033752026741809, 36.957574016252401 ], [ -122.033760026698744, 36.9574890164088 ], [ -122.03378602703431, 36.957237015850687 ], [ -122.033795027664468, 36.957153015778346 ], [ -122.033803027381921, 36.95706201582653 ], [ -122.033831026746554, 36.956791016255956 ], [ -122.03384102766654, 36.95670101643136 ], [ -122.033850027721769, 36.956599016035085 ], [ -122.033881026721389, 36.956294015729327 ], [ -122.033892026841116, 36.956193016375074 ], [ -122.033898026787739, 36.956125015810372 ], [ -122.033919026570956, 36.955924016160012 ], [ -122.033926027222108, 36.955857016266513 ], [ -122.033946026966873, 36.955659016305773 ], [ -122.033971026820012, 36.955413016377101 ], [ -122.033916027153083, 36.95506801630939 ], [ -122.033886027414084, 36.954872015988428 ], [ -122.033855027334596, 36.954676016207294 ], [ -122.033763026509519, 36.954089015731135 ], [ -122.0337330266549, 36.953894015714944 ], [ -122.033770027398347, 36.953890016171563 ], [ -122.033881026619298, 36.95388001544385 ], [ -122.033919026930974, 36.953877015638568 ], [ -122.033892026392962, 36.95370501597143 ], [ -122.033811027042034, 36.953191015759735 ], [ -122.03378402719683, 36.953020015490644 ], [ -122.03375502645423, 36.952854016095799 ], [ -122.033669027176359, 36.952359015565648 ], [ -122.033641026500035, 36.952194015937465 ], [ -122.033639292572147, 36.952191530739356 ], [ -122.033595678761571, 36.951941582348688 ], [ -122.033603998918551, 36.951938380036104 ], [ -122.033637947052156, 36.951926806539888 ], [ -122.033673332093713, 36.951918460210706 ], [ -122.033709683601373, 36.951913452674582 ], [ -122.033721917588366, 36.951902199928725 ], [ -122.033721783164765, 36.951900401124 ] ] ] } },
{ "type": "Feature", "properties": { "OBJECTID_1": 4, "OBJECTID": 4, "District": 4, "Shape.STArea()": "34,772,150.01", "Shape.STLength()": "40,750.35", "Label": "District 4", "SHAPE_STAr": "34,772,150.01", "SHAPE_STLe": "40,750.35", "URL": "https:\/\/vwgisportal.cityofsantacruz.com\/img\/Newsome.png", "Email": "mailto:snewsome@santacruzca.gov", "TermEnd": "December 2026", "TermBegin": "November 2022", "NameCouncil": "Scott Newsome" }, "geometry": { "type": "Polygon", "coordinates": [ [ [ -122.031995865520742, 36.976736545308256 ], [ -122.03208407283627, 36.976674607776523 ], [ -122.032168823699891, 36.976609637121186 ], [ -122.032249955521777, 36.976541757146201 ], [ -122.03252737218763, 36.97629440016042 ], [ -122.032615647442597, 36.976209645921543 ], [ -122.032617320834234, 36.976208039642046 ], [ -122.032798059112551, 36.97634893283135 ], [ -122.03281805884977, 36.976374932442582 ], [ -122.032836059137381, 36.976405932891595 ], [ -122.032840576327473, 36.976419665321913 ], [ -122.032854075963328, 36.976440878526354 ], [ -122.032898075117501, 36.976581877959191 ], [ -122.032949075448684, 36.97677287795517 ], [ -122.032992075430869, 36.976908878079101 ], [ -122.033116075952691, 36.977262878150157 ], [ -122.033334075514887, 36.977912878025073 ], [ -122.033398075460909, 36.977903878173677 ], [ -122.033445075881772, 36.977893877971795 ], [ -122.035401076050235, 36.977507877733942 ], [ -122.036329076440694, 36.977327877792867 ], [ -122.036412076528592, 36.97730587777334 ], [ -122.036493075714645, 36.977277877797967 ], [ -122.036659076402429, 36.977209877874017 ], [ -122.036920076517092, 36.977125877945944 ], [ -122.037014075868029, 36.977102878224372 ], [ -122.037196076308732, 36.977078878146813 ], [ -122.037297076638893, 36.977068877508607 ], [ -122.037427075823629, 36.977063877340676 ], [ -122.037603075774399, 36.977065877545371 ], [ -122.038197076664972, 36.977081878103753 ], [ -122.03923107618489, 36.977109877282658 ], [ -122.039393076592773, 36.977120877686268 ], [ -122.039562076065707, 36.977147877129724 ], [ -122.039696076348633, 36.977181877397804 ], [ -122.039842076530462, 36.977231877427926 ], [ -122.039967076494662, 36.977261877773863 ], [ -122.040101076213631, 36.977288877143735 ], [ -122.042537076773058, 36.977706877051936 ], [ -122.042726076902838, 36.977739877011096 ], [ -122.043293077203018, 36.977838876868361 ], [ -122.043483077736113, 36.977871877693119 ], [ -122.043747076905731, 36.9779168768613 ], [ -122.044542077381223, 36.978053877644832 ], [ -122.044807077931523, 36.978099876812863 ], [ -122.045414077204853, 36.978194876979991 ], [ -122.045720077433941, 36.978242876703511 ], [ -122.045842077642718, 36.978256877470528 ], [ -122.045949077864378, 36.97826187666768 ], [ -122.046068077166197, 36.978252877119616 ], [ -122.046227077555869, 36.978227877317501 ], [ -122.046428077548171, 36.978187877055255 ], [ -122.047227078170394, 36.978007877412452 ], [ -122.047827077473144, 36.977873876833108 ], [ -122.048179077445013, 36.977795876871106 ], [ -122.049238078619467, 36.977563876395742 ], [ -122.04959107811699, 36.977486876304468 ], [ -122.049817077809251, 36.977435876909816 ], [ -122.050496077863713, 36.977284876932188 ], [ -122.050723078035546, 36.977235876630424 ], [ -122.050897078283171, 36.977208876708417 ], [ -122.051085078739675, 36.977184876955846 ], [ -122.051315078079, 36.977162876775466 ], [ -122.051959078129912, 36.977115876199278 ], [ -122.052165078120908, 36.977106876152469 ], [ -122.052376078385095, 36.977106876083134 ], [ -122.052590078304831, 36.977117876207515 ], [ -122.052779078580443, 36.97713687611347 ], [ -122.052943078523057, 36.977159876440822 ], [ -122.053118078122694, 36.977174876175397 ], [ -122.053539078747448, 36.977201876242233 ], [ -122.053646078323141, 36.977204876738739 ], [ -122.053766078816295, 36.977208876394677 ], [ -122.053765857860668, 36.977205744089822 ], [ -122.053651346985006, 36.97719709144836 ], [ -122.053649560261974, 36.977172140504258 ], [ -122.05362800918077, 36.976871569010676 ], [ -122.053593152923796, 36.976737122112525 ], [ -122.053550581836859, 36.976604113535466 ], [ -122.05350038940044, 36.976472825000776 ], [ -122.053442681519044, 36.976343541667681 ], [ -122.05337758183768, 36.97621653764346 ], [ -122.053305228558983, 36.976092085038005 ], [ -122.053225778915618, 36.9759704530031 ], [ -122.053139401086369, 36.975851897025954 ], [ -122.053046282391549, 36.975736675041567 ], [ -122.052946621096822, 36.975625031320718 ], [ -122.052840628863848, 36.975517206350624 ], [ -122.052728535111569, 36.975413430468478 ], [ -122.052681251553821, 36.975372343767972 ], [ -122.052680691248469, 36.975371863682255 ], [ -122.052636985019035, 36.975335276755871 ], [ -122.05256282520358, 36.975281261517424 ], [ -122.052558182678112, 36.975277880763613 ], [ -122.052508718137773, 36.975241851680309 ], [ -122.052375846399002, 36.975152663884082 ], [ -122.052238590750605, 36.975067860909675 ], [ -122.052097174140826, 36.9749875785581 ], [ -122.050215656303138, 36.973978172972501 ], [ -122.050048731025996, 36.973910861059132 ], [ -122.050007763276327, 36.973892511147334 ], [ -122.04996614369314, 36.973873869787319 ], [ -122.049885608412922, 36.973837798340718 ], [ -122.049726592306016, 36.973759120480949 ], [ -122.049571983471935, 36.97367497760461 ], [ -122.049422074961541, 36.973585527149694 ], [ -122.049277149938092, 36.97349093750065 ], [ -122.04913747834587, 36.973391389834994 ], [ -122.04900332682989, 36.973287068979282 ], [ -122.048874947730397, 36.973178174369586 ], [ -122.048752582209659, 36.973064908294099 ], [ -122.048636463843536, 36.972947486659876 ], [ -122.04860200314225, 36.972909348919494 ], [ -122.048596835369494, 36.97290363008733 ], [ -122.048526808330251, 36.972826130116893 ], [ -122.04842382256588, 36.972701068443826 ], [ -122.048327703429038, 36.972572536057697 ], [ -122.048238630032515, 36.972440777523992 ], [ -122.048156770274488, 36.972306038457369 ], [ -122.048082279920862, 36.972168575447022 ], [ -122.048015300173375, 36.972028647076648 ], [ -122.047955953234805, 36.971886516687157 ], [ -122.047916447216821, 36.971672963980318 ], [ -122.047893666559858, 36.971551274794258 ], [ -122.047864565961575, 36.971430457125983 ], [ -122.047829192447153, 36.971310720324574 ], [ -122.047787608834724, 36.971192277133319 ], [ -122.047739890125158, 36.971075332021975 ], [ -122.047676955015291, 36.970941817660147 ], [ -122.047606024272454, 36.970810911077322 ], [ -122.047527262602173, 36.970682918281099 ], [ -122.04744085371965, 36.970558141420852 ], [ -122.047347005889478, 36.970436875109748 ], [ -122.047245938414022, 36.970319404801529 ], [ -122.047137887210354, 36.970206004914779 ], [ -122.047023110554093, 36.970096945064903 ], [ -122.046901874278191, 36.969992480347891 ], [ -122.046774464254028, 36.969892857483075 ], [ -122.046646661847689, 36.969802194821213 ], [ -122.046641185175673, 36.969798310323618 ], [ -122.046581411184377, 36.96975879276102 ], [ -122.046332640279687, 36.969600786512579 ], [ -122.046191721806593, 36.96951230152532 ], [ -122.046181697521419, 36.969510266163169 ], [ -122.046180127558003, 36.969509947228858 ], [ -122.046180076688159, 36.969509876709218 ], [ -122.046069076684901, 36.969431875891765 ], [ -122.046020076895104, 36.969392876689248 ], [ -122.04565907647509, 36.969102876026007 ], [ -122.04557907679461, 36.96904587617739 ], [ -122.04555207591244, 36.969030875925121 ], [ -122.045488076215662, 36.96899487619622 ], [ -122.045373076512789, 36.968948876751668 ], [ -122.045142076296457, 36.968867876301076 ], [ -122.044450075981544, 36.968627876184115 ], [ -122.044220076596488, 36.968547876322567 ], [ -122.043990076243887, 36.968466876607152 ], [ -122.043927076580573, 36.968444876308858 ], [ -122.043634076264155, 36.968341876475598 ], [ -122.04335307585535, 36.968244876746581 ], [ -122.043302076096651, 36.968226876301401 ], [ -122.043072075390825, 36.968148876672608 ], [ -122.043015075783742, 36.96820387619379 ], [ -122.042847076201639, 36.968371876422815 ], [ -122.042792075749858, 36.968427876740108 ], [ -122.042608075376194, 36.968609876498263 ], [ -122.042059075726556, 36.969159877024566 ], [ -122.041876076205838, 36.969342877095613 ], [ -122.041233076284215, 36.969015877017242 ], [ -122.041174076199837, 36.968985876587013 ], [ -122.040020075020323, 36.968371877205506 ], [ -122.039329075610425, 36.967989876589535 ], [ -122.03895207530573, 36.967781876796835 ], [ -122.038832074844407, 36.967719876878228 ], [ -122.03868207504712, 36.967684876668592 ], [ -122.038565075062451, 36.967664876477272 ], [ -122.038393074980277, 36.967645876582388 ], [ -122.037522074934088, 36.967549876534569 ], [ -122.037233074745672, 36.967518877052022 ], [ -122.036794074680373, 36.967472877031831 ], [ -122.035480075035849, 36.967337877216252 ], [ -122.03504207476243, 36.967292876710715 ], [ -122.035024074973677, 36.967465876946406 ], [ -122.034972074912702, 36.967987877519427 ], [ -122.034955074583053, 36.968161877529553 ], [ -122.034939074819164, 36.968315876900625 ], [ -122.034934075070367, 36.968376877494045 ], [ -122.034913074314659, 36.968591877472576 ], [ -122.034896074369982, 36.968763876833158 ], [ -122.034894074572151, 36.968780877046228 ], [ -122.034879074365946, 36.968935877094161 ], [ -122.034552074679851, 36.968801877593016 ], [ -122.034271075191725, 36.968686877383057 ], [ -122.034080074850195, 36.96860787750817 ], [ -122.033937074451245, 36.968549877217008 ], [ -122.033737074343847, 36.968476877224433 ], [ -122.033641074688575, 36.968457877396411 ], [ -122.03352107502964, 36.968442877143126 ], [ -122.03348807405537, 36.968439877560492 ], [ -122.033282074008085, 36.968427876945512 ], [ -122.033111074352391, 36.968419877637977 ], [ -122.032601074293709, 36.968395877554237 ], [ -122.032431074539744, 36.96838887704704 ], [ -122.032233074108589, 36.968408877008223 ], [ -122.031639073719433, 36.968470877295488 ], [ -122.031442073765248, 36.968491877506594 ], [ -122.031339074086333, 36.968502877253222 ], [ -122.031030074305988, 36.968538877812961 ], [ -122.03092807425918, 36.968550877908456 ], [ -122.030821073904193, 36.968561877445026 ], [ -122.030503073823283, 36.968595877852806 ], [ -122.030398073775274, 36.968607877201507 ], [ -122.030188074417623, 36.968629877670274 ], [ -122.030166074254993, 36.968632878007938 ], [ -122.029934074414072, 36.968656878036235 ], [ -122.029641074408815, 36.968685877251225 ], [ -122.029558074198135, 36.968693877991328 ], [ -122.029348074213956, 36.968714877532065 ], [ -122.029336073386702, 36.968682877815652 ], [ -122.029301073894516, 36.968586878124164 ], [ -122.029290073929047, 36.968555877313229 ], [ -122.027483242532398, 36.964262781800322 ], [ -122.027293248398777, 36.964339456048577 ], [ -122.027180639454016, 36.96420964494277 ], [ -122.026900562030875, 36.96388677987661 ], [ -122.02659398286491, 36.963572397034582 ], [ -122.026304482003525, 36.963347577882367 ], [ -122.026017073222206, 36.963218877417589 ], [ -122.025794072972872, 36.963143877886765 ], [ -122.025120072774385, 36.963069877465408 ], [ -122.025158072254214, 36.962772877338416 ], [ -122.02518207248761, 36.962563877367899 ], [ -122.025195072043275, 36.962441877676987 ], [ -122.025209072155789, 36.962319877515021 ], [ -122.025253072019737, 36.962100877720388 ], [ -122.025340072609197, 36.961776877784075 ], [ -122.025396072269075, 36.961603877061485 ], [ -122.025529071789791, 36.9612658773029 ], [ -122.02572707252547, 36.960439877691677 ], [ -122.025776072605197, 36.960187877492217 ], [ -122.025737072318535, 36.959558877190176 ], [ -122.025471408780348, 36.959513440123061 ], [ -122.025407755109853, 36.959692502357029 ], [ -122.025371991827328, 36.95975509530917 ], [ -122.025371125708432, 36.959756683716051 ], [ -122.02537110851415, 36.959756721790818 ], [ -122.02537108020293, 36.959756765418106 ], [ -122.025370556079992, 36.959758494442355 ], [ -122.025370543431379, 36.959758535161249 ], [ -122.025370397627256, 36.959760313307832 ], [ -122.025370395101021, 36.959760354795442 ], [ -122.02537063660354, 36.959762126974411 ], [ -122.025370643022214, 36.959762166542653 ], [ -122.025371266297569, 36.959763881458677 ], [ -122.025371279360741, 36.959763916434099 ], [ -122.025372263120943, 36.959765521195685 ], [ -122.025372280546762, 36.959765549805695 ], [ -122.025373599122958, 36.959766996985685 ], [ -122.025373622070688, 36.959767021017534 ], [ -122.025374491388845, 36.95976769094306 ], [ -122.025375232990285, 36.959768265211018 ], [ -122.025375261441596, 36.959768283763744 ], [ -122.025376143665369, 36.959768759765218 ], [ -122.025377120133172, 36.959769286802697 ], [ -122.025377147370264, 36.959769300865403 ], [ -122.025379209445333, 36.959770033591283 ], [ -122.025381416048589, 36.959770473343134 ], [ -122.025383689294088, 36.959770600412575 ], [ -122.025385951607035, 36.959770410407138 ], [ -122.025388134577071, 36.959769907826647 ], [ -122.025390175663418, 36.9597691097104 ], [ -122.025388929829333, 36.959771907070284 ], [ -122.025389238177723, 36.959787087133932 ], [ -122.025377301759434, 36.95979199433544 ], [ -122.02537725285552, 36.959792019307187 ], [ -122.02537651558815, 36.959792321837291 ], [ -122.025373440134516, 36.959794165343048 ], [ -122.025369473763462, 36.959796542290199 ], [ -122.025369436031525, 36.959796564412287 ], [ -122.025365811383423, 36.959798736825661 ], [ -122.025365720403272, 36.959798791185797 ], [ -122.025365515141118, 36.959798913728712 ], [ -122.025365061436233, 36.959799189118591 ], [ -122.025363069590128, 36.959800863445004 ], [ -122.025356935185087, 36.959806026383895 ], [ -122.025356714382013, 36.959806213114327 ], [ -122.025356186560956, 36.95980665439091 ], [ -122.025356115935438, 36.95980671569427 ], [ -122.025356029811974, 36.959806788014632 ], [ -122.025355407105593, 36.959807312540391 ], [ -122.025355268026786, 36.959807431514015 ], [ -122.025355178553568, 36.959807504779313 ], [ -122.025354100706025, 36.959808786848647 ], [ -122.025347965886581, 36.959816085605276 ], [ -122.025347272840179, 36.95981690664042 ], [ -122.025347175227324, 36.959817021466826 ], [ -122.025346949798234, 36.959817422740258 ], [ -122.025341921128415, 36.959826325558559 ], [ -122.025341357354137, 36.959827318831692 ], [ -122.025341268478428, 36.959827476800754 ], [ -122.025341116126981, 36.959827937497799 ], [ -122.025341106571872, 36.959827964658402 ], [ -122.025340527747488, 36.959829709718214 ], [ -122.025339897626537, 36.959831638390007 ], [ -122.025337777055512, 36.959838087986562 ], [ -122.025337747340629, 36.959838173086816 ], [ -122.025337621055101, 36.959838590185903 ], [ -122.025337567981879, 36.959839018042707 ], [ -122.025337561996068, 36.959839055069693 ], [ -122.025337520528353, 36.959839390853602 ], [ -122.025337423650498, 36.959840150018998 ], [ -122.025337033027284, 36.959843199337897 ], [ -122.025337007479294, 36.959843379008277 ], [ -122.025337062804837, 36.959844001905857 ], [ -122.025337064378647, 36.959844079387352 ], [ -122.025337067447552, 36.959844119900588 ], [ -122.025337150826587, 36.959845018194429 ], [ -122.025337217640725, 36.959845764404299 ], [ -122.025337415447154, 36.959848039116004 ], [ -122.025337427576261, 36.959848193961442 ], [ -122.025337652249434, 36.959848916477945 ], [ -122.025337661944576, 36.959848951497399 ], [ -122.025337680102439, 36.959849016145334 ], [ -122.025337995326908, 36.959850050189139 ], [ -122.02533825265489, 36.959850887630388 ], [ -122.025338824011527, 36.959852755526327 ], [ -122.025338859149628, 36.95985288213403 ], [ -122.025339256953814, 36.959853614101192 ], [ -122.02533927202451, 36.959853637334952 ], [ -122.025339424897027, 36.959853921011437 ], [ -122.025339925047447, 36.959854826470121 ], [ -122.02534000551374, 36.959854973212174 ], [ -122.025340066052678, 36.959855078760306 ], [ -122.025340426704901, 36.959855750833967 ], [ -122.025340493186619, 36.959855872525715 ], [ -122.025340571352686, 36.959856016594308 ], [ -122.025341214381385, 36.95985721126732 ], [ -122.025341264578245, 36.959857305235317 ], [ -122.025341836843822, 36.959858001576436 ], [ -122.025342110923063, 36.959858336837499 ], [ -122.02534287411072, 36.959859255076701 ], [ -122.025342989563171, 36.959859410372978 ], [ -122.025343923299829, 36.959860542666107 ], [ -122.025344563578869, 36.95986132553265 ], [ -122.025345314467216, 36.959861969971904 ], [ -122.02534556134033, 36.959862182126237 ], [ -122.025345711046967, 36.959862309938828 ], [ -122.025346413904217, 36.95986291174944 ], [ -122.025346730487158, 36.959863183371347 ], [ -122.025348677960892, 36.959864853028897 ], [ -122.025349590967508, 36.959865407031124 ], [ -122.025349858146825, 36.959865568453345 ], [ -122.025349891162151, 36.959865590551146 ], [ -122.025350947420193, 36.959866230995829 ], [ -122.025351353305311, 36.959866476216398 ], [ -122.025353479495038, 36.959867766839892 ], [ -122.025354038968089, 36.959867999237098 ], [ -122.025354131833296, 36.959868037674539 ], [ -122.025354527089959, 36.959868201927335 ], [ -122.025358118263583, 36.959869688770809 ], [ -122.025358829475493, 36.959869983167373 ], [ -122.025339218859472, 36.959894530284949 ], [ -122.025383998021098, 36.959928765481521 ], [ -122.024951352975265, 36.960741762374731 ], [ -122.024897329385198, 36.960783142119865 ], [ -122.024873225269928, 36.96080160542752 ], [ -122.024843212705804, 36.960821765424917 ], [ -122.024810061472436, 36.960844032877922 ], [ -122.024790405385758, 36.960857236354023 ], [ -122.024753045174592, 36.960879174020469 ], [ -122.024739928866978, 36.960886875842341 ], [ -122.024703254478197, 36.960908411607519 ], [ -122.02463635126982, 36.960975359583429 ], [ -122.024545446029464, 36.961066310820719 ], [ -122.024252962540587, 36.961230038239805 ], [ -122.024056839487912, 36.96133982307348 ], [ -122.023869927260506, 36.961431315674261 ], [ -122.023749595740313, 36.961521943384014 ], [ -122.023597168393493, 36.961670853720385 ], [ -122.023490034419552, 36.961863696142494 ], [ -122.023397188570158, 36.961940594374603 ], [ -122.023296337163188, 36.961910288306392 ], [ -122.02302834096264, 36.961957698270162 ], [ -122.022951513866602, 36.962035405263016 ], [ -122.022939688582596, 36.962047367949957 ], [ -122.022908692622281, 36.962078725809299 ], [ -122.022136350426123, 36.961553183338751 ], [ -122.022017119268057, 36.961476639203717 ], [ -122.022031524090309, 36.96146351015129 ], [ -122.022037041681585, 36.961458481608517 ], [ -122.021810817247442, 36.961308485697138 ], [ -122.021805588126426, 36.961314560346608 ], [ -122.02180090869922, 36.961319996991683 ], [ -122.021640348061752, 36.961206578186726 ], [ -122.021671071524523, 36.96117822427388 ], [ -122.021704576277287, 36.961147303526843 ], [ -122.02172798211582, 36.96112570485726 ], [ -122.021727426404937, 36.961125325500163 ], [ -122.02155721340857, 36.961009155061923 ], [ -122.0215423003079, 36.961023358593273 ], [ -122.021542200058903, 36.961023454525936 ], [ -122.021542165894076, 36.961023486513248 ], [ -122.021528056970581, 36.961036919849612 ], [ -122.021471665458677, 36.961090619257028 ], [ -122.021463667895873, 36.961098234092333 ], [ -122.021420288626416, 36.961068852752845 ], [ -122.021370906311844, 36.961035392545533 ], [ -122.021368303385273, 36.96103362773728 ], [ -122.020802423290462, 36.96065021073219 ], [ -122.020813002859981, 36.960640001097119 ], [ -122.020854736216734, 36.960599726207562 ], [ -122.02094769626504, 36.960510013661789 ], [ -122.020864456754524, 36.960453503629104 ], [ -122.020784000217844, 36.960398883078796 ], [ -122.020590936891338, 36.960267815285825 ], [ -122.020513790507437, 36.960265566176957 ], [ -122.020168567158137, 36.960031376361172 ], [ -122.019726366002146, 36.959731397649556 ], [ -122.019572897633523, 36.959627287538325 ], [ -122.019504540243233, 36.959580911118508 ], [ -122.019294958138914, 36.959439033193057 ], [ -122.019259080773409, 36.959414745965695 ], [ -122.019141356569108, 36.959335051334335 ], [ -122.018744658465508, 36.959066500739432 ], [ -122.01862169118111, 36.958983255627487 ], [ -122.018575546774372, 36.958952016786277 ], [ -122.018281569970341, 36.958753001524968 ], [ -122.018321248434702, 36.958708552979729 ], [ -122.018277952298277, 36.958574065945989 ], [ -122.017948843192769, 36.958352186439711 ], [ -122.017912456924165, 36.95825828434451 ], [ -122.017887494567717, 36.958192383865345 ], [ -122.017872370105849, 36.958192580744431 ], [ -122.017805675817428, 36.958011463486201 ], [ -122.0177496457313, 36.957983883855597 ], [ -122.017673057971919, 36.957786058456477 ], [ -122.01758703494032, 36.957804416839963 ], [ -122.017355639852767, 36.957197664470371 ], [ -122.017337525817211, 36.957202060057689 ], [ -122.01730561896413, 36.957209802788817 ], [ -122.017105787873874, 36.957258298490302 ], [ -122.017333590461433, 36.957855740172469 ], [ -122.01730199894196, 36.957877102917955 ], [ -122.017277255072486, 36.957883177158259 ], [ -122.017419076374807, 36.958264618480989 ], [ -122.017447559879912, 36.95834352059714 ], [ -122.017415033305184, 36.958351516539942 ], [ -122.017430410663408, 36.958393288243869 ], [ -122.017439830332464, 36.95839258079242 ], [ -122.01751001192774, 36.95857069428169 ], [ -122.017531720157351, 36.958566318583514 ], [ -122.017562206793983, 36.958646920377547 ], [ -122.017596924113064, 36.958738712097272 ], [ -122.017581285696465, 36.958753491401438 ], [ -122.017572469242836, 36.958761823153701 ], [ -122.017428829669925, 36.958897577998108 ], [ -122.018776350962995, 36.95981198772278 ], [ -122.018882184013691, 36.959715888294753 ], [ -122.018926037159275, 36.959676068627665 ], [ -122.02183411469133, 36.961645993178038 ], [ -122.022060480876476, 36.961686578669955 ], [ -122.022619423774088, 36.96206279066665 ], [ -122.022787128784799, 36.962178137140555 ], [ -122.02278342272821, 36.962179184051365 ], [ -122.022783366902971, 36.962179200100564 ], [ -122.022681270676941, 36.962208020384651 ], [ -122.022647520723083, 36.962217547742469 ], [ -122.022595266080572, 36.962234792050388 ], [ -122.022537812955164, 36.962253752478993 ], [ -122.022510647027758, 36.962262717104451 ], [ -122.022447564410669, 36.962286674170215 ], [ -122.02238382201665, 36.962310882234057 ], [ -122.022376890244601, 36.962313515877803 ], [ -122.022011061771025, 36.962328081728842 ], [ -122.021757653857023, 36.962468383687764 ], [ -122.021438736214421, 36.962589970547533 ], [ -122.020721402934086, 36.962705516892527 ], [ -122.020382563361323, 36.962754098691164 ], [ -122.017918568818615, 36.963107359080617 ], [ -122.017293738603286, 36.963208124451086 ], [ -122.01716608653031, 36.963228711112002 ], [ -122.016138539042487, 36.963310573471844 ], [ -122.014924522183435, 36.963365702284577 ], [ -122.013546119705921, 36.963598886933283 ], [ -122.013109934397136, 36.963709968077424 ], [ -122.012861980196632, 36.963773113029077 ], [ -122.012707721456906, 36.963940324830205 ], [ -122.012596695269949, 36.964144642496578 ], [ -122.01258907056814, 36.964688878786411 ], [ -122.012604070391944, 36.965188878947451 ], [ -122.012517071405512, 36.965501878717362 ], [ -122.012511070605356, 36.96553687927635 ], [ -122.012512070531898, 36.965608879115571 ], [ -122.012533071348344, 36.965677879038807 ], [ -122.012565070600388, 36.965743878647466 ], [ -122.012622071537322, 36.965953878773469 ], [ -122.012638070701882, 36.965986879025017 ], [ -122.012709071570029, 36.966077878950436 ], [ -122.012737071159336, 36.966105878752785 ], [ -122.01277007089304, 36.966130878526251 ], [ -122.012845071489977, 36.966169878563896 ], [ -122.012925071243032, 36.966204879123559 ], [ -122.013049071443618, 36.966247879028892 ], [ -122.013070070979765, 36.966277879187366 ], [ -122.013154070831604, 36.96644387896805 ], [ -122.013175071454796, 36.96647587882547 ], [ -122.01327207091704, 36.966595879168835 ], [ -122.013344071353259, 36.96672687929108 ], [ -122.013472071119878, 36.966915879279284 ], [ -122.013526071081728, 36.967013878991104 ], [ -122.013532071193296, 36.967022878760119 ], [ -122.013541821619427, 36.967036129411099 ], [ -122.013550193294407, 36.967033966055943 ], [ -122.014069700900492, 36.967580953172273 ], [ -122.01408726614352, 36.967599447252205 ], [ -122.014170783747574, 36.967687379312423 ], [ -122.014223637548085, 36.967720951627058 ], [ -122.014485044485724, 36.967886975553256 ], [ -122.016519721854053, 36.96806456571818 ], [ -122.019026853270006, 36.968213209925139 ], [ -122.021080993327615, 36.968298349762371 ], [ -122.021801752624995, 36.968605805780932 ], [ -122.022025037176462, 36.968701050079929 ], [ -122.022732482632534, 36.969581126234502 ], [ -122.022796856116059, 36.969762899539205 ], [ -122.022797660310033, 36.969765171745301 ], [ -122.023045977598684, 36.970466333895615 ], [ -122.023038018368567, 36.971086277972312 ], [ -122.023037529491276, 36.971124412685114 ], [ -122.023035028800919, 36.971319398265202 ], [ -122.023034599900171, 36.971352959571441 ], [ -122.023011456742623, 36.973154532335464 ], [ -122.022836631378865, 36.973405875421321 ], [ -122.02284617929611, 36.973564517423611 ], [ -122.022848720120336, 36.97360677876982 ], [ -122.022848726969187, 36.973606894933553 ], [ -122.02285652756251, 36.97373647933955 ], [ -122.022855456750563, 36.973839957735471 ], [ -122.022840225008139, 36.97405243129176 ], [ -122.022836279376364, 36.974094635847209 ], [ -122.022825045343865, 36.974214812571134 ], [ -122.02279170217615, 36.974544759865132 ], [ -122.022787593559613, 36.974942051489485 ], [ -122.022919530658612, 36.975277162894237 ], [ -122.02309479467101, 36.975634362425609 ], [ -122.023232885724326, 36.97596025782299 ], [ -122.023327643451395, 36.976240680090498 ], [ -122.023902834290737, 36.977615151876932 ], [ -122.024019435988379, 36.977886610731105 ], [ -122.024338025496789, 36.978436841955109 ], [ -122.024338823945129, 36.978438215744575 ], [ -122.024649246661383, 36.978238160823054 ], [ -122.024647075036938, 36.978234879147195 ], [ -122.024756075018971, 36.978164879276804 ], [ -122.024777074021003, 36.978149879349779 ], [ -122.024865074699235, 36.97809387898765 ], [ -122.024947073989665, 36.978040878673667 ], [ -122.025173074034754, 36.977905878872662 ], [ -122.02531207505713, 36.977835879079578 ], [ -122.02537407505956, 36.977801878400641 ], [ -122.02545807408147, 36.977758879085144 ], [ -122.025560074677017, 36.977698878552339 ], [ -122.025622074382056, 36.977663879226569 ], [ -122.025756074924786, 36.977571878713952 ], [ -122.026160074433932, 36.97729987839822 ], [ -122.026295074619554, 36.977208878908826 ], [ -122.026431074727924, 36.977132879065195 ], [ -122.026488074580698, 36.977102878708322 ], [ -122.026685075170818, 36.977017878471074 ], [ -122.026812074164681, 36.976980878657145 ], [ -122.026868074441538, 36.976972878384373 ], [ -122.027023074243147, 36.976952878570536 ], [ -122.027153075097502, 36.976986878842538 ], [ -122.027831074426089, 36.976976878380675 ], [ -122.028674074681703, 36.977019878642999 ], [ -122.028756074430845, 36.977058878826284 ], [ -122.028960074663772, 36.977172878927739 ], [ -122.029078075368545, 36.977239878195121 ], [ -122.029180074669483, 36.977284878249911 ], [ -122.029232074495951, 36.977302878113264 ], [ -122.029278074817142, 36.977318878476929 ], [ -122.029348074660405, 36.977336878388364 ], [ -122.029373966995919, 36.97734401423628 ], [ -122.02943052196899, 36.977357232054807 ], [ -122.029431244565316, 36.97735735956006 ], [ -122.029520586045564, 36.977375049866588 ], [ -122.029609531262452, 36.977393962807795 ], [ -122.029700105317303, 36.977406981273049 ], [ -122.029791702118132, 36.977414018582955 ], [ -122.029883708518952, 36.977415027804874 ], [ -122.029960730390471, 36.977411219301793 ], [ -122.03003724492811, 36.977403185421217 ], [ -122.030112894542654, 36.977390962396662 ], [ -122.030187319840465, 36.977374608114857 ], [ -122.031157713162855, 36.977118421353786 ], [ -122.03129046547042, 36.977078050867689 ], [ -122.031420368808966, 36.9770321041307 ], [ -122.031547061767412, 36.976980705756056 ], [ -122.031670186803083, 36.976924004639542 ], [ -122.031789399980639, 36.976862155807844 ], [ -122.031904366719573, 36.976795332189624 ], [ -122.031995865520742, 36.976736545308256 ] ] ] } },
{ "type": "Feature", "properties": { "OBJECTID_1": 5, "OBJECTID": 5, "District": 5, "Shape.STArea()": "89,713,095.53", "Shape.STLength()": "60,451.07", "Label": "District 5", "SHAPE_STAr": "93,995,237.69", "SHAPE_STLe": "75,069.65", "URL": "https:\/\/vwgisportal.cityofsantacruz.com\/img\/Ohara.png", "Email": "mailto:sohara@santacruzca.gov", "TermEnd": "December 2028", "TermBegin": "March 2024", "NameCouncil": "Susie O'Hara" }, "geometry": { "type": "Polygon", "coordinates": [ [ [ -122.031902358912902, 36.976795358560786 ], [ -122.03178739217212, 36.976862182177044 ], [ -122.031668178992859, 36.976924031006696 ], [ -122.031545053955654, 36.976980732121085 ], [ -122.031418360995801, 36.977032130493527 ], [ -122.031288457655961, 36.977078077228271 ], [ -122.031155705347288, 36.977118447712094 ], [ -122.030185312017693, 36.97737463445646 ], [ -122.030110886719427, 36.977390988736971 ], [ -122.030035237104499, 36.977403211760262 ], [ -122.029958722566633, 36.977411245639509 ], [ -122.029881700694972, 36.977415054141247 ], [ -122.029789694294138, 36.977414044917737 ], [ -122.02969809749348, 36.977407007606239 ], [ -122.029607523438941, 36.977393989139465 ], [ -122.02951857822255, 36.977375076196736 ], [ -122.029429236742772, 36.977357385888652 ], [ -122.029428514146403, 36.977357258383364 ], [ -122.029371959173659, 36.977344040563871 ], [ -122.029346066838343, 36.977336904715514 ], [ -122.029276066995507, 36.977318904802857 ], [ -122.029230066674756, 36.977302904438424 ], [ -122.029178066848743, 36.977284904574184 ], [ -122.029076067548971, 36.977239904517631 ], [ -122.028958066845945, 36.97717290524821 ], [ -122.028754066616031, 36.977058905143245 ], [ -122.028672066867856, 36.977019904958567 ], [ -122.027829066613108, 36.976976904681699 ], [ -122.027151067284052, 36.976986905131895 ], [ -122.027021066430535, 36.976952904857676 ], [ -122.02686606662833, 36.976972904668834 ], [ -122.02681006635126, 36.976980904940639 ], [ -122.026683067356345, 36.977017904752373 ], [ -122.026486066763908, 36.977102904986246 ], [ -122.02642906691031, 36.977132905342117 ], [ -122.026293066799823, 36.977208905183431 ], [ -122.026158066611742, 36.977299904670488 ], [ -122.025754067095164, 36.977571904979293 ], [ -122.025620066549905, 36.977663905489592 ], [ -122.025558066843971, 36.977698904814297 ], [ -122.025456066246761, 36.97775890534534 ], [ -122.025372067223657, 36.977801904659415 ], [ -122.025310067220303, 36.977835905337244 ], [ -122.025171066195995, 36.977905905127962 ], [ -122.024945066147239, 36.978040904925095 ], [ -122.024863066855318, 36.978093905237635 ], [ -122.024775066175607, 36.978149905598258 ], [ -122.024754067173177, 36.978164905524892 ], [ -122.024645067189198, 36.978234905393421 ], [ -122.024647238813543, 36.978238187069309 ], [ -122.024336816091846, 36.978438241985486 ], [ -122.02435697676637, 36.978473060841743 ], [ -122.026017936175649, 36.9813415140476 ], [ -122.026356177929912, 36.982052618331259 ], [ -122.026484067372095, 36.982339905365187 ], [ -122.026504067554882, 36.982384905810029 ], [ -122.026784067657317, 36.983011905391749 ], [ -122.026902068019965, 36.983269905774414 ], [ -122.02704506731159, 36.983578905074019 ], [ -122.02711106738964, 36.983722905274291 ], [ -122.027311067703195, 36.984155905944242 ], [ -122.027378067576564, 36.984300905857054 ], [ -122.027417067403647, 36.984385905364036 ], [ -122.027476067258618, 36.984504905252095 ], [ -122.027530067342738, 36.984562905142631 ], [ -122.027547067869108, 36.984595905733229 ], [ -122.027583067628896, 36.984698905168806 ], [ -122.027591068150926, 36.984733905298668 ], [ -122.027604068151888, 36.984947905247409 ], [ -122.027611067692035, 36.985016905916588 ], [ -122.027471067342816, 36.985054905791856 ], [ -122.02733106797497, 36.985092905484528 ], [ -122.027309067741143, 36.98509890527977 ], [ -122.02550506706676, 36.985585905729714 ], [ -122.024484067230674, 36.985870906196865 ], [ -122.024349067700356, 36.985913906113453 ], [ -122.024222067881354, 36.985960906253467 ], [ -122.024071067330851, 36.986024906239365 ], [ -122.023939067002061, 36.986085905572871 ], [ -122.023829067515535, 36.986143905674453 ], [ -122.023736067663251, 36.986198906149433 ], [ -122.02366506715083, 36.986244905606547 ], [ -122.023594067611143, 36.986289905589118 ], [ -122.023579971643215, 36.986299820731041 ], [ -122.023570947580382, 36.986448216489613 ], [ -122.023552447962103, 36.986615551916536 ], [ -122.023525685727805, 36.986782165263058 ], [ -122.023490697111555, 36.986947796507302 ], [ -122.023447542983646, 36.987112181699295 ], [ -122.023396288873229, 36.987275064937151 ], [ -122.023337013715604, 36.987436186537735 ], [ -122.023269813441374, 36.987595293803892 ], [ -122.023194793023805, 36.987752136622682 ], [ -122.023112069830049, 36.987906466520393 ], [ -122.02302177592253, 36.988058039336181 ], [ -122.022821988735473, 36.988334086128795 ], [ -122.022519478538314, 36.988724829276144 ], [ -122.022503067860043, 36.988756905870325 ], [ -122.022390067949289, 36.988959906133864 ], [ -122.02228206701318, 36.989110906478707 ], [ -122.02195706725503, 36.989561906640553 ], [ -122.0218500677924, 36.989712906118982 ], [ -122.021807066968833, 36.989767906062198 ], [ -122.021764067319921, 36.98982490661102 ], [ -122.021640067641584, 36.989981906075009 ], [ -122.021281067694815, 36.99044090693463 ], [ -122.021005067932933, 36.990789906902968 ], [ -122.020795067375502, 36.991058906183277 ], [ -122.020665067640579, 36.99121090639786 ], [ -122.020556610604217, 36.991335283623677 ], [ -122.020574426273839, 36.991335172163247 ], [ -122.020631244305903, 36.991334815452475 ], [ -122.021431558566547, 36.99132979754355 ], [ -122.02183641558031, 36.991327257209882 ], [ -122.022161840115032, 36.991325214845375 ], [ -122.022264501457741, 36.991324570064485 ], [ -122.022421738957675, 36.991323151679751 ], [ -122.022624427463072, 36.991321323697541 ], [ -122.022930786952017, 36.991318557447414 ], [ -122.024414321245004, 36.991173167042732 ], [ -122.024414337415948, 36.991173271819903 ], [ -122.024414343672106, 36.991173303279723 ], [ -122.024414475578709, 36.991174155882746 ], [ -122.024458406387467, 36.991455533965215 ], [ -122.024458442328452, 36.991455533495525 ], [ -122.024458520912702, 36.991455530666236 ], [ -122.024459924691968, 36.991455504211046 ], [ -122.025508556957803, 36.991358588376137 ], [ -122.026168406015827, 36.991369123280734 ], [ -122.026352133522394, 36.991364224110086 ], [ -122.026514704376851, 36.991359888076644 ], [ -122.026386112459733, 36.991208539824434 ], [ -122.026498127045386, 36.991192181969943 ], [ -122.027121847834366, 36.991101094824074 ], [ -122.027129133602088, 36.991107897147522 ], [ -122.027599087872147, 36.991546663822049 ], [ -122.027754244121994, 36.991691523091433 ], [ -122.027787142176209, 36.991723530550914 ], [ -122.027817522149846, 36.991755626853802 ], [ -122.027842473027775, 36.991784107488861 ], [ -122.027869314056403, 36.99181724774445 ], [ -122.027887633537091, 36.991841605767959 ], [ -122.027908210430041, 36.991870949340033 ], [ -122.027931382009882, 36.991907000720452 ], [ -122.027945943489442, 36.991931631451259 ], [ -122.027965734389227, 36.991968168687364 ], [ -122.027982108520575, 36.99200176413261 ], [ -122.02799627224114, 36.992034061977733 ], [ -122.028010966582002, 36.992071895184488 ], [ -122.02802671769723, 36.992119697019952 ], [ -122.028035858453222, 36.992152878032336 ], [ -122.028028159666221, 36.99221459498019 ], [ -122.028125704744994, 36.992188005554247 ], [ -122.028234862611569, 36.992158251241335 ], [ -122.02843897530154, 36.99210222043849 ], [ -122.029074975214726, 36.991927628155182 ], [ -122.029267462295707, 36.991919355398132 ], [ -122.030765499876239, 36.991541476918812 ], [ -122.030973911767745, 36.991485383419707 ], [ -122.031212008864685, 36.991428872869477 ], [ -122.031213009510807, 36.99142863533892 ], [ -122.031214155486836, 36.991428362556761 ], [ -122.031216340130825, 36.99142784363427 ], [ -122.031493128986526, 36.99136221106496 ], [ -122.031493712464979, 36.991362451232064 ], [ -122.031801139806973, 36.991489182875661 ], [ -122.03185589734737, 36.9915118253898 ], [ -122.031855951736844, 36.991511848106498 ], [ -122.031862278058512, 36.991514387495393 ], [ -122.032033841747094, 36.991585158806281 ], [ -122.032040159331814, 36.991587819961012 ], [ -122.032040213721388, 36.991587842677639 ], [ -122.032202505320313, 36.991654735132727 ], [ -122.032207243204738, 36.991656729419041 ], [ -122.032207294206543, 36.991656751278867 ], [ -122.03235428468156, 36.991717373952923 ], [ -122.032392095092405, 36.991732968029559 ], [ -122.032697731924245, 36.991859012537894 ], [ -122.032852724642382, 36.99192294316483 ], [ -122.032852727495879, 36.991922972866597 ], [ -122.032854324700622, 36.991942815907663 ], [ -122.032854328879608, 36.991942855505165 ], [ -122.032874474541558, 36.992192884578763 ], [ -122.032875573445693, 36.992206535783339 ], [ -122.032875626592158, 36.992207212779832 ], [ -122.032876060730288, 36.992212627732691 ], [ -122.032876065534865, 36.992212697962394 ], [ -122.032876069658684, 36.992212734856977 ], [ -122.032877040879484, 36.992224754783145 ], [ -122.03287918815785, 36.992251398185239 ], [ -122.032879293273297, 36.992252694517497 ], [ -122.0329028759366, 36.99254536599674 ], [ -122.032902880115671, 36.992545405594186 ], [ -122.032933575577005, 36.992926366917594 ], [ -122.032976322840909, 36.993456898092404 ], [ -122.032976327038455, 36.993456938590747 ], [ -122.033084056615067, 36.993933013046927 ], [ -122.033089321115867, 36.993956272069546 ], [ -122.033169401311369, 36.99431016419696 ], [ -122.033169411088252, 36.994310202819584 ], [ -122.033303515107846, 36.994694041561765 ], [ -122.033303530500874, 36.994694080110655 ], [ -122.033307713222527, 36.994706065937571 ], [ -122.033309300206881, 36.994710605101552 ], [ -122.033321283095106, 36.994744904611821 ], [ -122.033321296186557, 36.994744940487365 ], [ -122.033437146811011, 36.995076526488852 ], [ -122.033437188903463, 36.995076552070053 ], [ -122.033437269847596, 36.995076609583492 ], [ -122.033686102000857, 36.995248199240656 ], [ -122.033740312436592, 36.995285581670522 ], [ -122.033740359150954, 36.995285613499227 ], [ -122.03391324577089, 36.995404830819041 ], [ -122.033990367570127, 36.995458011652801 ], [ -122.034028667529384, 36.99548442118892 ], [ -122.034028783754309, 36.99548450076778 ], [ -122.034028827044096, 36.995484529937848 ], [ -122.034367504262548, 36.995718071444394 ], [ -122.034367550995896, 36.99571810417379 ], [ -122.034502890246145, 36.995811427616204 ], [ -122.034792697828848, 36.996011265447017 ], [ -122.034792744562509, 36.996011298176285 ], [ -122.035383537016585, 36.996418674916235 ], [ -122.035383583750786, 36.996418707645233 ], [ -122.035397721825134, 36.996428463511201 ], [ -122.03539783560386, 36.996428533207855 ], [ -122.03539918837312, 36.996428425285174 ], [ -122.035982090916008, 36.996382283203197 ], [ -122.035991754459772, 36.996381517930857 ], [ -122.036032056551022, 36.996378332400901 ], [ -122.036243066226845, 36.996361627894359 ], [ -122.036483187590036, 36.996342619165304 ], [ -122.036483200701653, 36.99634265594144 ], [ -122.036483255282207, 36.996342742638106 ], [ -122.036483687561173, 36.996343387604618 ], [ -122.036715371334594, 36.996688335380135 ], [ -122.036861561927196, 36.996905999210462 ], [ -122.036861667406725, 36.996906157331722 ], [ -122.036861831114052, 36.996906415619307 ], [ -122.036610195383503, 36.998088529252293 ], [ -122.036607554984258, 36.998100930169471 ], [ -122.036598429588537, 36.998143798346319 ], [ -122.036598417345303, 36.998143858887353 ], [ -122.036598160989598, 36.998145057242844 ], [ -122.036598200358782, 36.998145059427891 ], [ -122.036598291489796, 36.998145065437122 ], [ -122.037001941649379, 36.99817471273051 ], [ -122.037041425498742, 36.998177612571361 ], [ -122.037108037965524, 36.998182504381617 ], [ -122.037117494521212, 36.998183197169332 ], [ -122.037158648258128, 36.998186220061093 ], [ -122.03715871088356, 36.998186205718078 ], [ -122.037158961274514, 36.998186142940405 ], [ -122.037207910557456, 36.998174149294471 ], [ -122.037598519028649, 36.998078425053876 ], [ -122.038156014522443, 36.997922110265492 ], [ -122.038208885097859, 36.997907286124011 ], [ -122.038208918410589, 36.997907321732441 ], [ -122.038208991923383, 36.997907400068023 ], [ -122.038209065528434, 36.997907482908303 ], [ -122.038209205777491, 36.997907637866447 ], [ -122.038210627954498, 36.997909216026045 ], [ -122.038279914007475, 36.997986127549559 ], [ -122.038301321718663, 36.998009896268833 ], [ -122.038301347002601, 36.998009923872367 ], [ -122.038334719625723, 36.998046967075638 ], [ -122.038334751778464, 36.998047000896918 ], [ -122.038366126188066, 36.998081823770171 ], [ -122.038366157236055, 36.998081858507234 ], [ -122.03837803486212, 36.998095040417837 ], [ -122.038394997711094, 36.998113868824085 ], [ -122.038395027562004, 36.99811389997214 ], [ -122.038399343635234, 36.998118693269859 ], [ -122.038401015327324, 36.998120549308709 ], [ -122.038401747735534, 36.998121364240845 ], [ -122.038406824945554, 36.998127003633243 ], [ -122.038406857098366, 36.998127037454545 ], [ -122.038428853549718, 36.998151459862612 ], [ -122.03842890065566, 36.998151510609318 ], [ -122.038465940994911, 36.998192624757223 ], [ -122.038597308832635, 36.998338441680779 ], [ -122.038611684923055, 36.998354398730889 ], [ -122.03861171709454, 36.998354433453073 ], [ -122.038723728700958, 36.998478762472466 ], [ -122.03872375860756, 36.998478796323276 ], [ -122.038765610891872, 36.998525252261011 ], [ -122.038765646507144, 36.998525290542517 ], [ -122.039104885071893, 36.998901841179077 ], [ -122.03939213551476, 36.999220685064806 ], [ -122.03939216654517, 36.999220718900631 ], [ -122.039660077048623, 36.999518091422878 ], [ -122.040706597004899, 37.001062776884375 ], [ -122.041535053629318, 37.00254219679109 ], [ -122.041820977439329, 37.002873053784938 ], [ -122.042206390634135, 37.003319036771401 ], [ -122.042968911740218, 37.00465722388099 ], [ -122.043557288646468, 37.005528578934012 ], [ -122.043557292720678, 37.005528613125449 ], [ -122.04355738205264, 37.005529897043886 ], [ -122.043582283597118, 37.00588839716734 ], [ -122.043584595170387, 37.005921677359247 ], [ -122.043585338967375, 37.005932381795112 ], [ -122.043592839835028, 37.006040407621093 ], [ -122.043592928118997, 37.006041695158203 ], [ -122.04359293224887, 37.006041732052459 ], [ -122.043593022649816, 37.006043013253247 ], [ -122.043593145320784, 37.006044770757846 ], [ -122.043593222980064, 37.00604592415786 ], [ -122.043593233975315, 37.006046076313922 ], [ -122.043593696062885, 37.006052699371686 ], [ -122.043593785470208, 37.006053986893967 ], [ -122.04359382160338, 37.006053995427848 ], [ -122.043593907405707, 37.006054015020183 ], [ -122.04360476767981, 37.006056580328668 ], [ -122.044355305734186, 37.006233680339641 ], [ -122.044356184874687, 37.006233537129319 ], [ -122.045684372401681, 37.006017135847088 ], [ -122.045922312121291, 37.005978366594015 ], [ -122.045922452115434, 37.005978344011716 ], [ -122.045922455141664, 37.005978381821727 ], [ -122.045922451380676, 37.005978471990851 ], [ -122.045922446319395, 37.005978608138001 ], [ -122.04592243791528, 37.005978800203394 ], [ -122.045922399989834, 37.005979686578343 ], [ -122.045922380172811, 37.005980142844379 ], [ -122.045881885500194, 37.006920960437633 ], [ -122.045878420007313, 37.007001477457962 ], [ -122.045878419477788, 37.007001506303155 ], [ -122.045878366887919, 37.007002717301745 ], [ -122.045878406577501, 37.007002734799769 ], [ -122.045878499511531, 37.007002773221018 ], [ -122.045901699557135, 37.007011572397808 ], [ -122.046243449371175, 37.007141193800976 ], [ -122.047085734827704, 37.00746064229125 ], [ -122.047085762271976, 37.00746066535833 ], [ -122.047085811599246, 37.007460714269932 ], [ -122.047085839154946, 37.007460742742701 ], [ -122.047320088526973, 37.007710742937093 ], [ -122.047320117262046, 37.007710774097781 ], [ -122.047337971314448, 37.007729828270485 ], [ -122.047338003456773, 37.00772986118838 ], [ -122.047516334272373, 37.007920181157004 ], [ -122.047516366414868, 37.007920214074822 ], [ -122.047550084675322, 37.007956198505262 ], [ -122.047550115675875, 37.007956230537083 ], [ -122.047553050210894, 37.007959362914733 ], [ -122.047577915510047, 37.007985898589816 ], [ -122.047640350622302, 37.008052530191613 ], [ -122.04764037939475, 37.008052563154124 ], [ -122.047654556777019, 37.008067690884545 ], [ -122.047656669807807, 37.008069947382047 ], [ -122.047668783660257, 37.008082875633093 ], [ -122.047668813518953, 37.008082906778839 ], [ -122.047762809442915, 37.008183219937536 ], [ -122.047843391058805, 37.008269217984143 ], [ -122.047843420917573, 37.008269249129803 ], [ -122.04796774751135, 37.00840192806151 ], [ -122.047967778530847, 37.008401960994142 ], [ -122.04806498677975, 37.008505703602872 ], [ -122.048099843088636, 37.008542902011257 ], [ -122.048099874089687, 37.008542934042922 ], [ -122.048329968435084, 37.008788488684964 ], [ -122.048345722601397, 37.008805301371289 ], [ -122.048638014075095, 37.009117225757741 ], [ -122.048638045095231, 37.009117258690168 ], [ -122.048797878466999, 37.009287828425173 ], [ -122.049174867314903, 37.009690132648537 ], [ -122.049174897174836, 37.009690163793863 ], [ -122.049282074433805, 37.009804539643405 ], [ -122.04928210543595, 37.009804571674692 ], [ -122.049311248876464, 37.009835678725764 ], [ -122.049362059710376, 37.009889895753766 ], [ -122.04936209183596, 37.009889927770175 ], [ -122.049383213686369, 37.009912468230276 ], [ -122.049383244707116, 37.009912501162546 ], [ -122.04939568772744, 37.00992577723936 ], [ -122.049395716464147, 37.009925808399558 ], [ -122.049400825244135, 37.009931264878567 ], [ -122.049405130817945, 37.009935863272311 ], [ -122.049405162962103, 37.00993589618966 ], [ -122.04947006830578, 37.010005157989518 ], [ -122.049591178669701, 37.010134395777378 ], [ -122.049591209690632, 37.010134428709563 ], [ -122.04961614654168, 37.01016103962391 ], [ -122.049638662371862, 37.010185068323224 ], [ -122.049638694497659, 37.010185100339548 ], [ -122.04966139528895, 37.010209323939712 ], [ -122.049683748048778, 37.010233181767262 ], [ -122.049683780193249, 37.010233214684519 ], [ -122.049748349406073, 37.010302118521842 ], [ -122.049748380408545, 37.010302150553066 ], [ -122.049762613830609, 37.010317338577416 ], [ -122.049792687179277, 37.010349433488592 ], [ -122.049792750382167, 37.010349501139871 ], [ -122.049792751107816, 37.010349536276806 ], [ -122.049792776207283, 37.010350751653512 ], [ -122.049799498477199, 37.010678598596137 ], [ -122.049799499240052, 37.010678635534937 ], [ -122.049801591016305, 37.010780521931217 ], [ -122.049801958251251, 37.010798412955708 ], [ -122.049802794767146, 37.010839353883831 ], [ -122.049802822657867, 37.010840704402582 ], [ -122.049802860575724, 37.010840690381045 ], [ -122.049802884956463, 37.010840673835752 ], [ -122.049802946150336, 37.010840644184789 ], [ -122.049803609227112, 37.010840320861377 ], [ -122.049803637052634, 37.010840307875085 ], [ -122.049804330146031, 37.010839968832684 ], [ -122.049814421942372, 37.01083504314856 ], [ -122.049976352358428, 37.010756014168379 ], [ -122.050130411231748, 37.010680824076651 ], [ -122.050209711219836, 37.010642120509878 ], [ -122.050277972597627, 37.010608803086711 ], [ -122.052426386141647, 37.009560187214255 ], [ -122.052932824119452, 37.009312990712708 ], [ -122.052932994342896, 37.009312908240943 ], [ -122.052932764064124, 37.009311826268132 ], [ -122.052932732734746, 37.009311669877334 ], [ -122.051457432770647, 37.002317836245602 ], [ -122.051332606414206, 37.00172602056363 ], [ -122.05131531883363, 37.001644059790394 ], [ -122.051297819435916, 37.001561090692952 ], [ -122.051282150145411, 37.001486805491666 ], [ -122.051216269838065, 37.000883264586513 ], [ -122.051197709543743, 37.000713232686088 ], [ -122.051136020112963, 37.000148058434235 ], [ -122.051132352698261, 37.000114458439327 ], [ -122.051132204540849, 37.000113106816841 ], [ -122.051132253419027, 37.000113134104005 ], [ -122.051132385320727, 37.000113209852977 ], [ -122.051133831690436, 37.000114040448551 ], [ -122.051500978037325, 37.000324902496764 ], [ -122.053681066951754, 37.001576934958173 ], [ -122.054823651670233, 37.002233094384195 ], [ -122.055569196847529, 37.002661228836914 ], [ -122.056101497678995, 37.002966902682303 ], [ -122.056673101468505, 37.002964731720496 ], [ -122.056883313051614, 37.002963932927457 ], [ -122.061379706456179, 37.0029467554508 ], [ -122.061934645580394, 37.002944624013658 ], [ -122.068219392963755, 37.002905870459166 ], [ -122.071926205264319, 37.002882850849197 ], [ -122.072714735933218, 37.002877938906501 ], [ -122.072714722972634, 37.002877910242894 ], [ -122.072714681957422, 37.002877829688032 ], [ -122.072714205255878, 37.002876958348054 ], [ -122.072714080171281, 37.002876726624173 ], [ -122.072714006645967, 37.002876596040529 ], [ -122.072713809065021, 37.002876229213115 ], [ -122.072691524206832, 37.002835806318842 ], [ -122.072672213955471, 37.00280076132065 ], [ -122.07267041976796, 37.002797502444878 ], [ -122.072662922044458, 37.002783895403113 ], [ -122.072655208203869, 37.002769894747402 ], [ -122.072655190693368, 37.002769863441564 ], [ -122.072654222350238, 37.002768104740959 ], [ -122.072647921923561, 37.002756672369379 ], [ -122.072645236695848, 37.002752287292019 ], [ -122.072640078103802, 37.002743868451766 ], [ -122.0726390589289, 37.002742204160732 ], [ -122.072639015893785, 37.002742134447459 ], [ -122.072636889095008, 37.002738660162422 ], [ -122.07263687051784, 37.002738631574537 ], [ -122.072627501536743, 37.00272334198533 ], [ -122.072627445635419, 37.002723248113163 ], [ -122.072623114154126, 37.002716175326135 ], [ -122.072620083468507, 37.002711229854206 ], [ -122.072604278375024, 37.0026854316433 ], [ -122.072599724756358, 37.002677999568462 ], [ -122.072586249997585, 37.002656004538025 ], [ -122.072580950608568, 37.002647354183104 ], [ -122.072575023035967, 37.002637681325865 ], [ -122.072568787100437, 37.002628467728904 ], [ -122.072565717832035, 37.002623932820256 ], [ -122.072564529380216, 37.002622179789341 ], [ -122.072564500353494, 37.002622135120731 ], [ -122.072556309485336, 37.002610034303153 ], [ -122.072556215552169, 37.002609894982534 ], [ -122.072538251176951, 37.002583359849574 ], [ -122.072515729792912, 37.002550087504652 ], [ -122.072501189407092, 37.002528606090692 ], [ -122.072499235618466, 37.002525719755489 ], [ -122.072496703251673, 37.002521979674093 ], [ -122.072496153624485, 37.00252116699275 ], [ -122.072495309577491, 37.002520031145117 ], [ -122.072493524444937, 37.00251763278775 ], [ -122.072493433079515, 37.002517508752845 ], [ -122.072485852016314, 37.002507321964643 ], [ -122.07248560786239, 37.002506984602896 ], [ -122.072452595429269, 37.002462621124735 ], [ -122.07242248828554, 37.002422151305588 ], [ -122.072422361210656, 37.002421985395635 ], [ -122.07242181884375, 37.002421251020273 ], [ -122.072421477821919, 37.002420795104726 ], [ -122.072418242801817, 37.002416446270544 ], [ -122.072411449081329, 37.002407315883673 ], [ -122.072409320071344, 37.002404700465149 ], [ -122.072403242243354, 37.002397239359361 ], [ -122.072402493736149, 37.002396319411922 ], [ -122.072402444169214, 37.002396259699751 ], [ -122.072396197941544, 37.002388590884273 ], [ -122.072395046961546, 37.002387177999132 ], [ -122.072394963912629, 37.002387075480762 ], [ -122.072339176835172, 37.002318577545758 ], [ -122.072339021187119, 37.002318388589657 ], [ -122.072333372417489, 37.002311455206701 ], [ -122.072330923932952, 37.002308446664472 ], [ -122.072330361130852, 37.002307755821555 ], [ -122.072329666855467, 37.00230690363378 ], [ -122.072321046032329, 37.00229631990215 ], [ -122.072315538534525, 37.002290122694731 ], [ -122.072314707726065, 37.002289189436709 ], [ -122.072314661642451, 37.002289135084737 ], [ -122.072312953979605, 37.002287216018679 ], [ -122.072306802048359, 37.002280293020057 ], [ -122.072305531623684, 37.002278863719788 ], [ -122.072305446422746, 37.002278765736328 ], [ -122.072225096637979, 37.002188361729978 ], [ -122.072076320702351, 37.002020979340017 ], [ -122.072061284009919, 37.00200674477675 ], [ -122.072060838099915, 37.002006323617778 ], [ -122.072039662670178, 37.001986276137217 ], [ -122.072006767116719, 37.001955140533589 ], [ -122.072004468624101, 37.001952961768502 ], [ -122.072003536678238, 37.001952081239324 ], [ -122.072002499237385, 37.001951099395143 ], [ -122.07200146900712, 37.001950247226127 ], [ -122.07200055086075, 37.001949489073709 ], [ -122.072000515377908, 37.001949458009932 ], [ -122.071996995862776, 37.001946544999505 ], [ -122.071996579621143, 37.001946199141088 ], [ -122.071982333532091, 37.001934410577981 ], [ -122.071975358504403, 37.00192863596299 ], [ -122.071975323078135, 37.001928607602053 ], [ -122.07197521561956, 37.001928519831424 ], [ -122.071963354712594, 37.001918703390835 ], [ -122.071948783842004, 37.001906643433514 ], [ -122.071938752454528, 37.001898341584884 ], [ -122.071938690720671, 37.001898291048434 ], [ -122.071933191847009, 37.001893736589295 ], [ -122.071933165558178, 37.001893715314736 ], [ -122.071932866082818, 37.001893472421713 ], [ -122.071932808898779, 37.001893424527537 ], [ -122.071931540815328, 37.001892374595684 ], [ -122.071923157093082, 37.001885434784789 ], [ -122.071923025649042, 37.001885328412101 ], [ -122.071917837876072, 37.001881571825848 ], [ -122.071917679265326, 37.001881455906044 ], [ -122.071917564151335, 37.001881378151616 ], [ -122.071917539023516, 37.001881358663873 ], [ -122.071917420332085, 37.001881271044525 ], [ -122.071917300385238, 37.001881177133711 ], [ -122.071916906977748, 37.001880902161915 ], [ -122.071916585376059, 37.001880675788485 ], [ -122.071916442566959, 37.001880563260549 ], [ -122.071916391188111, 37.001880524300162 ], [ -122.071911091634107, 37.001876688111885 ], [ -122.071911043738368, 37.001876654511726 ], [ -122.071910729981028, 37.0018764271314 ], [ -122.071898554149485, 37.001867614354545 ], [ -122.071861155819164, 37.001840529875459 ], [ -122.071860845564089, 37.001840308756179 ], [ -122.071853595037624, 37.001835059638744 ], [ -122.071845517326125, 37.001829210653717 ], [ -122.07184488412021, 37.001828752364624 ], [ -122.071842481352817, 37.001827012982858 ], [ -122.071838259948848, 37.00182395622052 ], [ -122.071835272028835, 37.001822067913757 ], [ -122.071831623669809, 37.001819762238497 ], [ -122.071830742272397, 37.001819202754241 ], [ -122.071830651163026, 37.001819144502683 ], [ -122.071816976610421, 37.001810500606169 ], [ -122.071778972699519, 37.001786473909519 ], [ -122.071769638970792, 37.001780579657598 ], [ -122.071761878643954, 37.001775667240537 ], [ -122.071760605568329, 37.001774861598392 ], [ -122.071760017983308, 37.001774489209161 ], [ -122.071752596032482, 37.001769799334561 ], [ -122.07175255959632, 37.001769776394326 ], [ -122.071748575321806, 37.001767258053448 ], [ -122.071742848628844, 37.00176411071908 ], [ -122.071741963125675, 37.001763623385173 ], [ -122.071741888138831, 37.001763583841544 ], [ -122.07173173056114, 37.001757999882457 ], [ -122.071682708196931, 37.00173106022374 ], [ -122.071672143713627, 37.00172525373825 ], [ -122.071672094845724, 37.001725227360652 ], [ -122.071671523071942, 37.001724912434561 ], [ -122.071660398219421, 37.001718798979084 ], [ -122.071659038754831, 37.001718053077411 ], [ -122.071655256956959, 37.001715974493493 ], [ -122.071654372597052, 37.001715488044738 ], [ -122.071652311649729, 37.001714510972953 ], [ -122.071642988510007, 37.00171008732142 ], [ -122.071641233985488, 37.001709255720435 ], [ -122.071599731268833, 37.001689576608321 ], [ -122.071598459090069, 37.001688974622823 ], [ -122.07155622550205, 37.001668947565562 ], [ -122.071556073433115, 37.001668875715765 ], [ -122.071173086829106, 37.001704351935338 ], [ -122.07117223790614, 37.001704430957197 ], [ -122.071171680550577, 37.00170448262152 ], [ -122.070906299895469, 37.001553767650009 ], [ -122.070540977622144, 37.001528498530433 ], [ -122.069710921187834, 37.00140930210015 ], [ -122.06971085582947, 37.001409293066374 ], [ -122.069325442583079, 37.0008378528359 ], [ -122.068943734034875, 37.000206478029611 ], [ -122.068536470184966, 36.99933530486328 ], [ -122.068501086296067, 36.999255350634357 ], [ -122.068500663438826, 36.999254525416617 ], [ -122.068499931180853, 36.999253088841606 ], [ -122.068499521357367, 36.999252295891701 ], [ -122.068499488644576, 36.999252235951374 ], [ -122.068499465219105, 36.999252190305299 ], [ -122.068498771685626, 36.999250832514967 ], [ -122.068497853316643, 36.999249038864846 ], [ -122.068497778396562, 36.999248894779527 ], [ -122.068497267698604, 36.999247898614293 ], [ -122.068488888961085, 36.999231543704411 ], [ -122.068487987033635, 36.999229784078601 ], [ -122.068470558547148, 36.999195772038028 ], [ -122.068469826497434, 36.999194345373191 ], [ -122.06846582864793, 36.999186541592003 ], [ -122.068465587371577, 36.999186071707818 ], [ -122.068463162735597, 36.999181342384652 ], [ -122.068462220867531, 36.999179499484484 ], [ -122.068462052208204, 36.999179171012969 ], [ -122.068459246848249, 36.999173697013106 ], [ -122.068455174667065, 36.999163572750021 ], [ -122.068450565521715, 36.999152109318857 ], [ -122.06845055484753, 36.99915208242647 ], [ -122.068450466235063, 36.999151874540317 ], [ -122.068447894105901, 36.999145463765672 ], [ -122.068447460380867, 36.999144387260145 ], [ -122.068445873400435, 36.999140438826778 ], [ -122.06844212706406, 36.999131121259133 ], [ -122.068438927150154, 36.999123165262191 ], [ -122.068438569192466, 36.999122273384472 ], [ -122.068432215583869, 36.99910647612208 ], [ -122.068431826858898, 36.999105509858644 ], [ -122.068429563178938, 36.999099879878692 ], [ -122.068428676646988, 36.999097673953585 ], [ -122.068428332978172, 36.999096820635145 ], [ -122.068428246329873, 36.999096599204584 ], [ -122.068425460125425, 36.999089675823321 ], [ -122.06842331380939, 36.999082457259384 ], [ -122.068423105942486, 36.999081758022214 ], [ -122.06842287749285, 36.999080987867245 ], [ -122.068421183131591, 36.999075288050989 ], [ -122.068419442792006, 36.999069431143518 ], [ -122.068419085267379, 36.999068237359239 ], [ -122.068411296285703, 36.999042035258526 ], [ -122.06840753910501, 36.999029402335793 ], [ -122.068407529347013, 36.999029365517963 ], [ -122.068405277723713, 36.999021785187423 ], [ -122.068405138834336, 36.999021322037478 ], [ -122.068402143171809, 36.99901125719888 ], [ -122.068402094570288, 36.999011082119068 ], [ -122.068402083500757, 36.999011036306868 ], [ -122.068401926595342, 36.999010517524937 ], [ -122.068399930129601, 36.999003802517088 ], [ -122.068398452571572, 36.998996272160575 ], [ -122.068398295389827, 36.998995471308014 ], [ -122.068397694311258, 36.998992408112713 ], [ -122.068396531117216, 36.998986479461294 ], [ -122.068396293254878, 36.998985258834843 ], [ -122.068396285837579, 36.998985226491527 ], [ -122.068395181837886, 36.998979603450977 ], [ -122.068387736229397, 36.998941657754457 ], [ -122.068387731058635, 36.998941625380901 ], [ -122.068385413741495, 36.998929825632594 ], [ -122.068385394802903, 36.998929725854424 ], [ -122.068384415336439, 36.99892473918645 ], [ -122.068384408948305, 36.998924702323315 ], [ -122.068384126036634, 36.998923261509411 ], [ -122.068383860808552, 36.998921914182205 ], [ -122.068382817052751, 36.998916593133565 ], [ -122.068382616326744, 36.998914514970522 ], [ -122.068382540063837, 36.998913768904259 ], [ -122.068381568852047, 36.998903800314068 ], [ -122.068381509958968, 36.998903186490118 ], [ -122.068381505911418, 36.998903154101477 ], [ -122.068381422990484, 36.99890230448721 ], [ -122.068381291938508, 36.998900979688543 ], [ -122.068379706375637, 36.998884731712984 ], [ -122.068377606062825, 36.998863206945472 ], [ -122.068376817210378, 36.998855136526061 ], [ -122.068375861054321, 36.998845350676227 ], [ -122.068375835338458, 36.998845087872695 ], [ -122.068375769756116, 36.998844422770539 ], [ -122.068375726802245, 36.998844034031315 ], [ -122.068375704042012, 36.998843751361733 ], [ -122.068375697854563, 36.998843670337301 ], [ -122.068375112012262, 36.998837679852642 ], [ -122.068374222995303, 36.99882857981158 ], [ -122.068374221574203, 36.998824264003268 ], [ -122.068374219499333, 36.998818357592924 ], [ -122.068374220114123, 36.998818091281265 ], [ -122.068374220502761, 36.99881749153014 ], [ -122.068374217820079, 36.99881279273054 ], [ -122.068374218018647, 36.998809522287779 ], [ -122.068374214910705, 36.998797813090547 ], [ -122.068374212196446, 36.998792843932605 ], [ -122.06837420692554, 36.998774793949877 ], [ -122.068374201949823, 36.998757188252775 ], [ -122.068374200886225, 36.998752566934272 ], [ -122.068374199947556, 36.998751823009627 ], [ -122.068374199753976, 36.99874864133993 ], [ -122.068374198031449, 36.998743988488414 ], [ -122.068374196196586, 36.998740298115685 ], [ -122.068374234022997, 36.998739903784568 ], [ -122.068375023734973, 36.998731776997687 ], [ -122.068375344381352, 36.998728517567407 ], [ -122.068375353593154, 36.998728366943851 ], [ -122.068375413075131, 36.998727772256139 ], [ -122.068375643045798, 36.998725389106113 ], [ -122.068376414264677, 36.998717452720122 ], [ -122.068376417013184, 36.998717422943727 ], [ -122.068376699399977, 36.998714537122922 ], [ -122.068376715627409, 36.998714345851241 ], [ -122.068379213106184, 36.998688633599933 ], [ -122.068382391200672, 36.998655864846732 ], [ -122.06838239892538, 36.998655804362734 ], [ -122.068382504309611, 36.998654717906135 ], [ -122.068382588377247, 36.998653848023082 ], [ -122.068382719583553, 36.998652491761746 ], [ -122.06838274105074, 36.998652282395668 ], [ -122.068382746999575, 36.998652244465497 ], [ -122.068397495093123, 36.998569123559037 ], [ -122.068448816314884, 36.998279856257867 ], [ -122.068500421223874, 36.99798896747302 ], [ -122.068500424888484, 36.997988927771146 ], [ -122.068500429073779, 36.99798885922398 ], [ -122.068500498535627, 36.997987344280993 ], [ -122.068500639555964, 36.997984629785293 ], [ -122.068503413017993, 36.997928362378111 ], [ -122.068503417561033, 36.997928310948879 ], [ -122.068503421784044, 36.997928244203614 ], [ -122.068504041765109, 36.997915652469679 ], [ -122.06850413144447, 36.997913814626692 ], [ -122.068504156192304, 36.997913332154184 ], [ -122.068504199008373, 36.99791247769538 ], [ -122.068504439467802, 36.997907585925276 ], [ -122.068504613078758, 36.997904065322302 ], [ -122.06850513891014, 36.99790014075414 ], [ -122.068505933950803, 36.997894205603281 ], [ -122.068505939560609, 36.997894151456109 ], [ -122.068506120317792, 36.997892800836816 ], [ -122.068506201980469, 36.99789219233287 ], [ -122.068508740380608, 36.997873226782808 ], [ -122.068512626004562, 36.997844211006914 ], [ -122.068512835024109, 36.997842653633782 ], [ -122.068512852700707, 36.997842531734705 ], [ -122.068514085771071, 36.997833309440324 ], [ -122.068515051784559, 36.997826093193787 ], [ -122.068515062690508, 36.997826023655072 ], [ -122.068515924708663, 36.997819583835174 ], [ -122.068515988117653, 36.997819284686813 ], [ -122.068516871408193, 36.997815260687155 ], [ -122.068516879659867, 36.997815225429562 ], [ -122.068518376527834, 36.997808411188828 ], [ -122.068518849457078, 36.997806256379398 ], [ -122.068521042882878, 36.997796267773658 ], [ -122.068528821627268, 36.997760854335354 ], [ -122.068529982058465, 36.997755575749601 ], [ -122.068532702820363, 36.9977431864774 ], [ -122.068532903620479, 36.997742257348314 ], [ -122.068532982898958, 36.9977419111244 ], [ -122.068532990046194, 36.997741876782847 ], [ -122.068534302237879, 36.997735903137013 ], [ -122.068535348078044, 36.997732506887722 ], [ -122.06853536383467, 36.997732454406496 ], [ -122.068535871980103, 36.997730801990876 ], [ -122.068536432653801, 36.997728974938234 ], [ -122.068536441037296, 36.997728945987241 ], [ -122.068537512065205, 36.997725464686873 ], [ -122.068537521553012, 36.997725434819863 ], [ -122.068540339930834, 36.997716265109219 ], [ -122.068543570809112, 36.997705758786196 ], [ -122.06854678269211, 36.997695311296212 ], [ -122.068552124949548, 36.997677933805178 ], [ -122.068552318558972, 36.997677305772179 ], [ -122.068555405227798, 36.997667264602413 ], [ -122.068555435787104, 36.997667167763566 ], [ -122.068556948505403, 36.997662241314622 ], [ -122.068557232368278, 36.997661308365117 ], [ -122.0685596649095, 36.997653407318261 ], [ -122.068561412448574, 36.997649018429676 ], [ -122.068562787539534, 36.997645570891159 ], [ -122.068562812037243, 36.997645506576866 ], [ -122.068563382041944, 36.997644072320035 ], [ -122.068564138992329, 36.997642175038614 ], [ -122.068564710120214, 36.997640740766684 ], [ -122.068575799696006, 36.997612896114028 ], [ -122.068581723404137, 36.997598019733381 ], [ -122.06858763539455, 36.997583174150598 ], [ -122.068587648252034, 36.997583144238263 ], [ -122.068588759494887, 36.997580350910383 ], [ -122.068589362718583, 36.997578839605154 ], [ -122.068591899111595, 36.997572467391862 ], [ -122.068593750903304, 36.997568712444178 ], [ -122.068594713417014, 36.99756675922815 ], [ -122.068597569796026, 36.997560967588619 ], [ -122.068597593509381, 36.997560919506398 ], [ -122.068599760068267, 36.997556527686967 ], [ -122.068600858423366, 36.99755430048328 ], [ -122.068601137574049, 36.997553733482533 ], [ -122.068609771201523, 36.997536218912003 ], [ -122.068630859783667, 36.99749345479264 ], [ -122.068630861069877, 36.997493408814343 ], [ -122.068669059501403, 36.997371692467311 ], [ -122.068669072208252, 36.997371655347422 ], [ -122.06866910533391, 36.997371573794403 ], [ -122.068669205984676, 36.997371336327717 ], [ -122.068669361453843, 36.997370980067302 ], [ -122.068669520029033, 36.997370611148398 ], [ -122.068669541458135, 36.997370561294467 ], [ -122.068669560753762, 36.997370516876387 ], [ -122.068670176185577, 36.997369052268759 ], [ -122.068699532514529, 36.997299122165579 ], [ -122.068699566556234, 36.997299030687081 ], [ -122.068700550378125, 36.997296699582449 ], [ -122.06870064116444, 36.997296473963964 ], [ -122.068701392410574, 36.99729468039579 ], [ -122.068701668478013, 36.99729401971193 ], [ -122.068702474448216, 36.997292102845321 ], [ -122.068704475794391, 36.99728733294058 ], [ -122.068704816111193, 36.997286520893034 ], [ -122.068706066094123, 36.997282732580551 ], [ -122.068706128391852, 36.997282541590558 ], [ -122.06870653307594, 36.997281315028587 ], [ -122.068706933398971, 36.997280094833634 ], [ -122.06870694721016, 36.997280056797706 ], [ -122.06871439992284, 36.997257434799032 ], [ -122.068715005348466, 36.99725559903294 ], [ -122.06872784944818, 36.997216610015336 ], [ -122.068729140636265, 36.997212696783443 ], [ -122.068729158544983, 36.997212639767348 ], [ -122.068729221664483, 36.997212434347155 ], [ -122.068729258510899, 36.997212315794997 ], [ -122.068729289051021, 36.997212218055182 ], [ -122.068729348336618, 36.997212044228377 ], [ -122.068729446715196, 36.997211751819222 ], [ -122.068729641282289, 36.997211169734058 ], [ -122.068732449511671, 36.997202645411221 ], [ -122.068733441579298, 36.997199633792562 ], [ -122.068734698410282, 36.997194453039938 ], [ -122.068735976814196, 36.997189175569254 ], [ -122.068735986151182, 36.997189138494669 ], [ -122.068736065654107, 36.997188803081976 ], [ -122.068736351168255, 36.997187626786889 ], [ -122.068736359513892, 36.99718759603401 ], [ -122.068738658648613, 36.997178098055414 ], [ -122.068739066290973, 36.997176421756784 ], [ -122.068742703031617, 36.997161414805177 ], [ -122.068748654376861, 36.997136843879382 ], [ -122.068749195335045, 36.997134611552582 ], [ -122.06875283832143, 36.997119581085556 ], [ -122.06875285589112, 36.997119507852453 ], [ -122.068752937565037, 36.997119168805725 ], [ -122.068752948941381, 36.997119121790583 ], [ -122.068753112308002, 36.997118444598065 ], [ -122.068753220945169, 36.997117997946482 ], [ -122.068753227081984, 36.997117969025673 ], [ -122.068754814722126, 36.997111414006767 ], [ -122.068756363826765, 36.997101563832473 ], [ -122.068756657701002, 36.997099712429197 ], [ -122.068756833966376, 36.997098577255763 ], [ -122.068756843039807, 36.99709852756795 ], [ -122.068758036017627, 36.997090936974608 ], [ -122.068758596376099, 36.997087375122909 ], [ -122.068764837854161, 36.997047711571604 ], [ -122.068767103229987, 36.997033319651379 ], [ -122.068767140489598, 36.997033059605926 ], [ -122.068767151206856, 36.997032981057757 ], [ -122.068767449083865, 36.997031106169565 ], [ -122.068768028410247, 36.997027430512091 ], [ -122.068768213823986, 36.99702624925456 ], [ -122.068768842589293, 36.997022251205344 ], [ -122.068769356761265, 36.997015296972023 ], [ -122.068769433799858, 36.997014252351221 ], [ -122.068769436340958, 36.997014212664446 ], [ -122.068770275526731, 36.997002865236617 ], [ -122.068770393870437, 36.997001270330877 ], [ -122.068774178600123, 36.996949909848603 ], [ -122.068774253323426, 36.996948915725881 ], [ -122.068774493957349, 36.996945699726673 ], [ -122.068774505897608, 36.996945518425733 ], [ -122.06877456479026, 36.996944734494605 ], [ -122.068774572752631, 36.996944631651132 ], [ -122.068774777941414, 36.996941816259564 ], [ -122.068774779491108, 36.996941782894496 ], [ -122.06877546036911, 36.996932537381859 ], [ -122.06877545415314, 36.996931917442645 ], [ -122.068775420690955, 36.99692816621404 ], [ -122.068775380051449, 36.996923587784082 ], [ -122.068775372415629, 36.996922684888425 ], [ -122.068775324418013, 36.996917485633425 ], [ -122.068775165499176, 36.996900152365825 ], [ -122.068775076285021, 36.996890400823354 ], [ -122.068775076347208, 36.996890296283766 ], [ -122.068775076604169, 36.996890254825303 ], [ -122.068774758162306, 36.996855236831891 ], [ -122.068774667775898, 36.996844622860664 ], [ -122.068774661075977, 36.996843872254594 ], [ -122.068774654234858, 36.996843652454814 ], [ -122.068774653199185, 36.996843602902928 ], [ -122.068774646065151, 36.99684267026111 ], [ -122.06877464310314, 36.996842636055455 ], [ -122.068774588527262, 36.996842282619411 ], [ -122.068774399767506, 36.996841046013238 ], [ -122.068774379943846, 36.996840903890835 ], [ -122.068774309497769, 36.99684043621626 ], [ -122.068771994768738, 36.99682526596964 ], [ -122.068770466499387, 36.996815255308476 ], [ -122.068769747882371, 36.996810546309838 ], [ -122.068758272839744, 36.996735326390016 ], [ -122.068743060753505, 36.996635638785101 ], [ -122.068727961698997, 36.996536680529289 ], [ -122.068719629697554, 36.996482070149533 ], [ -122.068710851517508, 36.996424603570958 ], [ -122.068706941724372, 36.996398912582372 ], [ -122.068687593812726, 36.996272119443894 ], [ -122.068687585008746, 36.996272074502478 ], [ -122.068678143361495, 36.996210169442371 ], [ -122.068677897406886, 36.996208561411343 ], [ -122.0686747963464, 36.996188235181236 ], [ -122.068654305290309, 36.996053939635431 ], [ -122.068654297515423, 36.996053890174224 ], [ -122.068646234895368, 36.995941899734412 ], [ -122.068634954488388, 36.99578528659228 ], [ -122.06863369715991, 36.995767809484747 ], [ -122.068633606049147, 36.995766567960757 ], [ -122.068633607354172, 36.995766522883429 ], [ -122.068633610027135, 36.995766489503254 ], [ -122.068633666937487, 36.995765718215608 ], [ -122.068636187484628, 36.995732409470953 ], [ -122.068646840521652, 36.99559154630461 ], [ -122.068654396731276, 36.995491630957744 ], [ -122.068654404681368, 36.995491581285066 ], [ -122.06865772549358, 36.995479846320769 ], [ -122.0686714760093, 36.995431234769754 ], [ -122.068672762899737, 36.995426687154485 ], [ -122.068673301678245, 36.99542478109035 ], [ -122.068813105336005, 36.994930371509625 ], [ -122.06883618626108, 36.994848747127193 ], [ -122.068836198910887, 36.994848707304456 ], [ -122.068836208304106, 36.994848672932726 ], [ -122.068836445494767, 36.994847980328203 ], [ -122.068836460277979, 36.994847935069622 ], [ -122.068836608110217, 36.994847482483742 ], [ -122.068837630324865, 36.994844517320892 ], [ -122.068837639774529, 36.994844485651939 ], [ -122.068837650347419, 36.9948444539679 ], [ -122.068846228787734, 36.994819263733945 ], [ -122.068847563601295, 36.994815343605637 ], [ -122.068855018774045, 36.994793444323349 ], [ -122.068855044205506, 36.994793370984503 ], [ -122.068855074970372, 36.994793284055987 ], [ -122.068865391366728, 36.994762982296962 ], [ -122.068865912154635, 36.994761452272407 ], [ -122.068865939719387, 36.994761373497695 ], [ -122.068870372815965, 36.994748351981627 ], [ -122.068871286905704, 36.994746180423682 ], [ -122.068872874135508, 36.994742403795456 ], [ -122.068873167428791, 36.994741707732778 ], [ -122.06887472681116, 36.994737996365131 ], [ -122.068874779211384, 36.994737869493044 ], [ -122.068875330596697, 36.99473656705954 ], [ -122.06887535945414, 36.994736496378202 ], [ -122.068893382520159, 36.994693641856763 ], [ -122.068893423261912, 36.994693548485678 ], [ -122.068896069090883, 36.994687257703518 ], [ -122.068899973577132, 36.994677972443462 ], [ -122.068900595439132, 36.994676494230049 ], [ -122.068900641476731, 36.994676385467415 ], [ -122.068911847675508, 36.994649739604569 ], [ -122.068915152933386, 36.994643176804445 ], [ -122.068915415173166, 36.994642661398515 ], [ -122.068916563956805, 36.994640376737976 ], [ -122.068917586637184, 36.994638347910595 ], [ -122.068917909252391, 36.994637710932409 ], [ -122.068929510111047, 36.994614681666178 ], [ -122.068945311762164, 36.994583321123194 ], [ -122.068945393716305, 36.994583156904582 ], [ -122.068946300193716, 36.994581373863781 ], [ -122.06895209489565, 36.994569854349784 ], [ -122.068952198786306, 36.994569664602651 ], [ -122.068953833920929, 36.994566406417754 ], [ -122.068954330194543, 36.994565423748377 ], [ -122.068954353963136, 36.994565378368947 ], [ -122.068960462875381, 36.994553249926284 ], [ -122.0689663268858, 36.994543326398379 ], [ -122.068966588516886, 36.994542889404514 ], [ -122.068968166309801, 36.994540220471499 ], [ -122.068968273682941, 36.994540036084722 ], [ -122.068971155828308, 36.994535161505972 ], [ -122.068971181880983, 36.994535117898138 ], [ -122.068971377181839, 36.994534786335095 ], [ -122.068978417675297, 36.99452288237709 ], [ -122.068989218030268, 36.994504611370225 ], [ -122.068997293696157, 36.994490954180918 ], [ -122.069002694403039, 36.994481817317734 ], [ -122.069003826211556, 36.99447990327608 ], [ -122.069006080077543, 36.994476092446689 ], [ -122.069011918117411, 36.994466217029036 ], [ -122.069016056806319, 36.994459214948748 ], [ -122.069022016817897, 36.994450498630371 ], [ -122.069022051686545, 36.994450446793245 ], [ -122.069022095277035, 36.99445038222207 ], [ -122.069022946650662, 36.99444913433085 ], [ -122.069023641087099, 36.994448118355294 ], [ -122.069033034048431, 36.994434380362733 ], [ -122.069038815182523, 36.994425921487668 ], [ -122.069038846775712, 36.994425874200594 ], [ -122.069038879473297, 36.994425825997446 ], [ -122.069040564926311, 36.99442336289043 ], [ -122.069058168946228, 36.99439760876168 ], [ -122.069067319816412, 36.994384221883877 ], [ -122.069068161475329, 36.994382993048113 ], [ -122.069068342482041, 36.994382730167956 ], [ -122.069068661839864, 36.994382259954399 ], [ -122.069071672880753, 36.994377854964846 ], [ -122.069078437366471, 36.994367958972319 ], [ -122.069080973835625, 36.994364714797314 ], [ -122.069087030568099, 36.99435697136721 ], [ -122.069087598455553, 36.994356243673657 ], [ -122.069089119479443, 36.994354299162723 ], [ -122.069097142600938, 36.994344041983545 ], [ -122.069100295377751, 36.99434002169982 ], [ -122.069100519642475, 36.994339732103171 ], [ -122.069119668955679, 36.994315238680699 ], [ -122.069119690816777, 36.99431520954839 ], [ -122.069121180095266, 36.994313305116613 ], [ -122.06912844600069, 36.99430401699238 ], [ -122.069137229574963, 36.994292785302378 ], [ -122.069137953952733, 36.994291858141743 ], [ -122.0691408789029, 36.9942881184896 ], [ -122.069147385331476, 36.994279798550686 ], [ -122.069148968167084, 36.994278016323953 ], [ -122.069164598445354, 36.994260419765794 ], [ -122.069165435392108, 36.994259476221139 ], [ -122.069173144313041, 36.994250796750663 ], [ -122.069193099895401, 36.994228328272108 ], [ -122.069195689336823, 36.994225415022044 ], [ -122.069195717880433, 36.994225383096264 ], [ -122.069207896482723, 36.994211670702995 ], [ -122.069208402462621, 36.994211098847195 ], [ -122.069219704088582, 36.994198376947622 ], [ -122.069222668843025, 36.994195036888883 ], [ -122.069223175093342, 36.994194531717859 ], [ -122.06926043176685, 36.994157406865476 ], [ -122.069260459243736, 36.994157377657565 ], [ -122.069261837201211, 36.994156006426934 ], [ -122.06929444166505, 36.994123515008106 ], [ -122.069294590187283, 36.994123364312848 ], [ -122.069294777305188, 36.994123178853002 ], [ -122.069304028676214, 36.994113957733532 ], [ -122.069569834186453, 36.993685719404461 ], [ -122.069640932262288, 36.993571170672084 ], [ -122.069640934576796, 36.993571120173954 ], [ -122.069689809817476, 36.992933995674569 ], [ -122.069689825343204, 36.992933771067939 ], [ -122.069689826534514, 36.992933720584922 ], [ -122.06968980089141, 36.992933461385526 ], [ -122.069689720423099, 36.992932675724312 ], [ -122.069678773747029, 36.992824661491362 ], [ -122.06967100398964, 36.99274800758203 ], [ -122.069670062616325, 36.992738718105151 ], [ -122.069669329341735, 36.992731482357073 ], [ -122.069661074514542, 36.992732903766949 ], [ -122.069484075457851, 36.992771903489512 ], [ -122.069330075278884, 36.992812903318011 ], [ -122.069181075401872, 36.992861903185968 ], [ -122.068940074830692, 36.992957902937754 ], [ -122.068125075188902, 36.993311903859393 ], [ -122.068000075271996, 36.993371903109988 ], [ -122.067834075320746, 36.993461903420261 ], [ -122.067762074909794, 36.993513903947402 ], [ -122.067732074769935, 36.993529903200944 ], [ -122.067697074947318, 36.993538903359408 ], [ -122.06765407524523, 36.993541903606911 ], [ -122.067603074336944, 36.99353690329847 ], [ -122.067546074518617, 36.993525903208926 ], [ -122.067463074692554, 36.993495903770061 ], [ -122.067413074702543, 36.993471903543508 ], [ -122.06737007502538, 36.993445903215147 ], [ -122.067219074495014, 36.993339903779244 ], [ -122.067147074428192, 36.993272903760975 ], [ -122.067092075020909, 36.993198903746581 ], [ -122.067050999584851, 36.993123743379755 ], [ -122.067045074952375, 36.993112903179011 ], [ -122.066993074389742, 36.992971903118125 ], [ -122.066994983863992, 36.99295600561576 ], [ -122.066977929402952, 36.992904934147433 ], [ -122.067030216002337, 36.992662748389563 ], [ -122.067044185041851, 36.992598047772397 ], [ -122.067083028867756, 36.992223158599934 ], [ -122.067146074828429, 36.99215390373093 ], [ -122.067138389740023, 36.992174003595196 ], [ -122.06720970457711, 36.992105297283594 ], [ -122.067267213340813, 36.992052697829614 ], [ -122.067318545010252, 36.991981042650686 ], [ -122.067341262145007, 36.991940070993614 ], [ -122.067404986437992, 36.991823319274317 ], [ -122.067416817300312, 36.991801995738896 ], [ -122.067428651525432, 36.991780672157041 ], [ -122.067428543829095, 36.991705303026478 ], [ -122.067396474088383, 36.991530476647668 ], [ -122.06727589303469, 36.991403178917679 ], [ -122.067163712819848, 36.991336111351664 ], [ -122.067033679617552, 36.991307991642913 ], [ -122.066982969887363, 36.991344903570507 ], [ -122.066975632819961, 36.99135024347774 ], [ -122.066748264708721, 36.991423552755755 ], [ -122.066738228608102, 36.991417944227798 ], [ -122.066699096628071, 36.991434596670231 ], [ -122.066739524366881, 36.991588698827442 ], [ -122.06680320365912, 36.991915311814708 ], [ -122.066728600230363, 36.992214393146988 ], [ -122.066540108339282, 36.992479298481641 ], [ -122.066368476988686, 36.99265249497526 ], [ -122.066164804929926, 36.992747701156851 ], [ -122.066103539104645, 36.992776339944378 ], [ -122.065834334553358, 36.992848539098965 ], [ -122.065540192885692, 36.992857994026728 ], [ -122.065354282289562, 36.992855025735786 ], [ -122.065169105283601, 36.992841386168223 ], [ -122.064811640832716, 36.992841520641591 ], [ -122.064773962840036, 36.992841531279225 ], [ -122.064665130148583, 36.992848490130072 ], [ -122.064556297493354, 36.992855451582209 ], [ -122.064474738028068, 36.992874304334592 ], [ -122.064387640852317, 36.992938275719652 ], [ -122.064325074282195, 36.992959903486856 ], [ -122.064293074486883, 36.992976903755952 ], [ -122.064279172246415, 36.992984654803593 ], [ -122.064180073956976, 36.99303990387434 ], [ -122.064094073876461, 36.993111903489776 ], [ -122.064028074563694, 36.993173903790698 ], [ -122.063977074109303, 36.993243903846789 ], [ -122.063954074572862, 36.993275903607525 ], [ -122.063870073727443, 36.993446904055517 ], [ -122.063785073870974, 36.993632903801661 ], [ -122.0637450746203, 36.993712903737539 ], [ -122.06372307462965, 36.993753903803807 ], [ -122.063704073740354, 36.993793903893234 ], [ -122.06362907433008, 36.993940903639192 ], [ -122.063556074085483, 36.99410390429184 ], [ -122.063547074618043, 36.994123903465926 ], [ -122.063497073880015, 36.994250903999223 ], [ -122.063260074652561, 36.994217904289982 ], [ -122.063114074216429, 36.994198904235674 ], [ -122.063006074333344, 36.994172903570302 ], [ -122.062979074120548, 36.994166903780119 ], [ -122.062893073933694, 36.99413390427538 ], [ -122.062731074143386, 36.994054903856366 ], [ -122.062669073830662, 36.994005903707759 ], [ -122.062614074453066, 36.99394990389731 ], [ -122.062559074179134, 36.993880904339967 ], [ -122.062496074253545, 36.993744903535976 ], [ -122.062447073542486, 36.993616903463142 ], [ -122.062383074288164, 36.993503903664596 ], [ -122.062355074399875, 36.993476903965856 ], [ -122.062328073896836, 36.9934509038195 ], [ -122.062274074316278, 36.993406904296158 ], [ -122.06214307445164, 36.993330903472156 ], [ -122.062065074300136, 36.993298903818342 ], [ -122.061848073909573, 36.993235903995824 ], [ -122.061682073998497, 36.993173903584548 ], [ -122.061529073543511, 36.993104904191654 ], [ -122.061252074147077, 36.992980904258992 ], [ -122.061108073669189, 36.992876904046639 ], [ -122.061080073390997, 36.992853903558384 ], [ -122.060944074158783, 36.99273890424459 ], [ -122.060880073592756, 36.992696904287314 ], [ -122.060806073584928, 36.992655904130274 ], [ -122.060726073186714, 36.992618903499284 ], [ -122.060648073858843, 36.992589903883704 ], [ -122.06058107350529, 36.992572904278042 ], [ -122.060523073379201, 36.992561904250017 ], [ -122.060449073824529, 36.992548903973272 ], [ -122.060384073324258, 36.992527904139109 ], [ -122.060321073757578, 36.992500904390496 ], [ -122.060257073083079, 36.992403904212672 ], [ -122.060219073663944, 36.99230790354018 ], [ -122.060215074011936, 36.992237903596362 ], [ -122.060235073206059, 36.992048903505719 ], [ -122.060228073363774, 36.991999903666006 ], [ -122.060208073863876, 36.991938903455463 ], [ -122.060186072971675, 36.99189490400304 ], [ -122.060144073818478, 36.99183190356748 ], [ -122.060024073222607, 36.991709904176602 ], [ -122.059798072973578, 36.991514904115284 ], [ -122.059742073811705, 36.991451904188615 ], [ -122.05969707345082, 36.991378903525494 ], [ -122.059645073733336, 36.991266903524895 ], [ -122.059594073139436, 36.991124903813173 ], [ -122.05957507276031, 36.991040904292703 ], [ -122.059535073483843, 36.990799903699433 ], [ -122.059474072847451, 36.990613903456897 ], [ -122.059254073621275, 36.990233903488352 ], [ -122.0591580729469, 36.989995903411121 ], [ -122.059108072726275, 36.98990690378794 ], [ -122.059065073386805, 36.989851903648386 ], [ -122.059009073213844, 36.989793904139816 ], [ -122.05879807354215, 36.989602904067574 ], [ -122.058420072536165, 36.989219904096004 ], [ -122.058192072851767, 36.989011903767853 ], [ -122.057882072824896, 36.988740903454236 ], [ -122.057801072258513, 36.988679903754658 ], [ -122.057641072316244, 36.988574903723034 ], [ -122.057570072179786, 36.988514904034723 ], [ -122.057458073007993, 36.988394904110763 ], [ -122.057226072946435, 36.98807190360543 ], [ -122.057148072751204, 36.987949903982376 ], [ -122.057089072722619, 36.987805903991102 ], [ -122.05704807262191, 36.987675903471278 ], [ -122.057012072410416, 36.98749090395247 ], [ -122.056979072966129, 36.987251903611529 ], [ -122.056904072077742, 36.986624903491368 ], [ -122.05686107232853, 36.986297903501296 ], [ -122.056838072762957, 36.986207903676657 ], [ -122.056798072262453, 36.98612490321527 ], [ -122.056757072650441, 36.986053903750204 ], [ -122.056705072650345, 36.985977903460331 ], [ -122.056635072303152, 36.985902903968316 ], [ -122.056562072712552, 36.985838903871247 ], [ -122.056479072057712, 36.985781903371723 ], [ -122.05633007250573, 36.985696903763724 ], [ -122.056198072227559, 36.98563190356461 ], [ -122.056049072019533, 36.985559903328024 ], [ -122.055966072546681, 36.985514903648351 ], [ -122.055814071909779, 36.98541990323583 ], [ -122.055555072286211, 36.985246903821064 ], [ -122.055472072434199, 36.985172903409349 ], [ -122.055379072473016, 36.985055903379653 ], [ -122.055241072056489, 36.984843903817186 ], [ -122.055167071440081, 36.9847389038326 ], [ -122.055032071951914, 36.984545903538169 ], [ -122.054824072023408, 36.984281903307128 ], [ -122.054709072315234, 36.984171903602146 ], [ -122.054496071933514, 36.984017903289939 ], [ -122.054449071575434, 36.983988903828177 ], [ -122.054237071915679, 36.983857903484967 ], [ -122.054079071652922, 36.983753904023743 ], [ -122.054056071343396, 36.983737903376117 ], [ -122.053817071525941, 36.983557903683675 ], [ -122.05352207142343, 36.983354903847314 ], [ -122.053342071277982, 36.983197903492574 ], [ -122.053276071068311, 36.983102903611211 ], [ -122.053235071099834, 36.983022903683015 ], [ -122.053210071487356, 36.982941903942113 ], [ -122.053160071548504, 36.982667903336335 ], [ -122.053140071164464, 36.982505903612257 ], [ -122.053107071863707, 36.982312903817849 ], [ -122.053040070804286, 36.982085903251196 ], [ -122.053023071252625, 36.981976903251493 ], [ -122.053024071525371, 36.981917903275559 ], [ -122.053033071868924, 36.981860903770361 ], [ -122.053060071522054, 36.981792903467444 ], [ -122.053098071549627, 36.981726903326937 ], [ -122.053162071599829, 36.981655903208065 ], [ -122.053211071367201, 36.981566903216375 ], [ -122.053310071174707, 36.981428903698919 ], [ -122.053398071041116, 36.981323903565503 ], [ -122.053532071695614, 36.981167903206881 ], [ -122.053619071308006, 36.981048903578881 ], [ -122.053669071131722, 36.980964903399645 ], [ -122.053694071776462, 36.980913903531885 ], [ -122.053790071659208, 36.980636903047767 ], [ -122.053964071233111, 36.980249903732677 ], [ -122.053981071815983, 36.980213903492697 ], [ -122.054103071115776, 36.979865903742201 ], [ -122.054143070754222, 36.979766902864448 ], [ -122.054204071735498, 36.979589903279177 ], [ -122.05424207171481, 36.979432903021141 ], [ -122.054264071726195, 36.979266903068861 ], [ -122.054267071254571, 36.979081903230252 ], [ -122.054248071674166, 36.978901903474785 ], [ -122.054204071590206, 36.978721903417856 ], [ -122.05415007096903, 36.978545903621843 ], [ -122.054078070778615, 36.978370903342523 ], [ -122.053883070944735, 36.977926902844523 ], [ -122.053806070670348, 36.977778902973213 ], [ -122.053767071032013, 36.9776889031453 ], [ -122.053691071273491, 36.977444902973289 ], [ -122.053644070513201, 36.977204903484136 ], [ -122.053537070937523, 36.977201902985776 ], [ -122.053116070313351, 36.977174902911727 ], [ -122.05294107071407, 36.977159903174154 ], [ -122.052777070771995, 36.977136902843938 ], [ -122.052588070496839, 36.977117902934737 ], [ -122.052374070577315, 36.977106902806675 ], [ -122.052163070313071, 36.977106902872414 ], [ -122.05195707032172, 36.977115902915628 ], [ -122.051313070269359, 36.977162903480725 ], [ -122.051083070929366, 36.977184903657161 ], [ -122.050895070472123, 36.977208903406513 ], [ -122.050721070223716, 36.977235903325514 ], [ -122.050494070050505, 36.977284903623378 ], [ -122.049815069991737, 36.977435903589303 ], [ -122.049589070298012, 36.977486902980054 ], [ -122.049236070798358, 36.977563903065267 ], [ -122.048177069617282, 36.977795903522377 ], [ -122.047825069643224, 36.977873903478354 ], [ -122.04722507033668, 36.978007904047359 ], [ -122.046426069709369, 36.978187903676421 ], [ -122.046225069715931, 36.978227903935199 ], [ -122.046066069325519, 36.978252903734592 ], [ -122.045947070023473, 36.978261903280618 ], [ -122.045840069801883, 36.978256904081604 ], [ -122.045718069593434, 36.978242903312463 ], [ -122.045412069365526, 36.978194903583685 ], [ -122.044805070094498, 36.978099903406132 ], [ -122.04454006954532, 36.978053904233541 ], [ -122.043745069073211, 36.977916903436309 ], [ -122.043481069904715, 36.977871904263573 ], [ -122.04329106937243, 36.977838903435554 ], [ -122.042724069074694, 36.977739903568519 ], [ -122.042535068945767, 36.977706903606141 ], [ -122.040099068396628, 36.977288903655953 ], [ -122.039965068678384, 36.9772619042838 ], [ -122.039840068714909, 36.977231903935724 ], [ -122.039694068534345, 36.97718190390308 ], [ -122.039560068252285, 36.977147903632726 ], [ -122.039391068780006, 36.977120904186314 ], [ -122.039229068372322, 36.977109903779926 ], [ -122.038195068852858, 36.977081904583223 ], [ -122.03760106796247, 36.977065904014601 ], [ -122.0374250680117, 36.977063903806851 ], [ -122.037295068826779, 36.97706890397258 ], [ -122.037194068496291, 36.977078904609044 ], [ -122.037012068054892, 36.977102904683463 ], [ -122.036918068703358, 36.97712590440343 ], [ -122.036657068586322, 36.977209904327012 ], [ -122.036491067896677, 36.977277904248098 ], [ -122.036410068709841, 36.977305904222099 ], [ -122.036327068621347, 36.977327904240177 ], [ -122.035399068225715, 36.977507904165279 ], [ -122.033443068046196, 36.977893904369466 ], [ -122.033396067625091, 36.977903904570546 ], [ -122.033332067678799, 36.977912904420819 ], [ -122.033114068133926, 36.977262904542158 ], [ -122.032990067621554, 36.976908904468978 ], [ -122.032947067642979, 36.976772904344337 ], [ -122.032896067316869, 36.976581904347455 ], [ -122.032852068166477, 36.976440904913872 ], [ -122.032838568531133, 36.976419691709175 ], [ -122.032834051341425, 36.976405959278814 ], [ -122.032816051054652, 36.976374958829481 ], [ -122.03279605131813, 36.976348959217887 ], [ -122.032615313043493, 36.976208066025478 ], [ -122.0326136396518, 36.976209672304932 ], [ -122.032525364394544, 36.976294426542275 ], [ -122.032247947722013, 36.976541783523324 ], [ -122.032166815898236, 36.97660966349688 ], [ -122.032082065032881, 36.976674634150811 ], [ -122.031993857715662, 36.976736571681009 ], [ -122.031902358912902, 36.976795358560786 ] ] ] } },
{ "type": "Feature", "properties": { "OBJECTID_1": 6, "OBJECTID": 6, "District": 6, "Shape.STArea()": "77,106,614.52", "Shape.STLength()": "67,527.42", "Label": "District 6", "SHAPE_STAr": "77,104,882.45", "SHAPE_STLe": "73,143.04", "URL": "https:\/\/vwgisportal.cityofsantacruz.com\/img\/Golder.png", "Email": "mailto:rgolder@santacruzca.gov", "TermEnd": "December 2026", "TermBegin": "November 2022", "NameCouncil": "Vice Mayor Renee Golder" }, "geometry": { "type": "Polygon", "coordinates": [ [ [ -122.061252074147077, 36.992980904258992 ], [ -122.061529073543511, 36.993104904191654 ], [ -122.061682073998497, 36.993173903584548 ], [ -122.061848073909573, 36.993235903995824 ], [ -122.062065074300136, 36.993298903818342 ], [ -122.06214307445164, 36.993330903472156 ], [ -122.062274074316278, 36.993406904296158 ], [ -122.062328073896836, 36.9934509038195 ], [ -122.062355074399875, 36.993476903965856 ], [ -122.062383074288164, 36.993503903664596 ], [ -122.062447073542486, 36.993616903463142 ], [ -122.062496074253545, 36.993744903535976 ], [ -122.062559074179134, 36.993880904339967 ], [ -122.062614074453066, 36.99394990389731 ], [ -122.062669073830662, 36.994005903707759 ], [ -122.062731074143386, 36.994054903856366 ], [ -122.062893073933694, 36.99413390427538 ], [ -122.062979074120548, 36.994166903780119 ], [ -122.063006074333344, 36.994172903570302 ], [ -122.063114074216429, 36.994198904235674 ], [ -122.063260074652561, 36.994217904289982 ], [ -122.063497073880015, 36.994250903999223 ], [ -122.063547074618043, 36.994123903465926 ], [ -122.063556074085483, 36.99410390429184 ], [ -122.06362907433008, 36.993940903639192 ], [ -122.063704073740354, 36.993793903893234 ], [ -122.06372307462965, 36.993753903803807 ], [ -122.0637450746203, 36.993712903737539 ], [ -122.063785073870974, 36.993632903801661 ], [ -122.063870073727443, 36.993446904055517 ], [ -122.063954074572862, 36.993275903607525 ], [ -122.063977074109303, 36.993243903846789 ], [ -122.064028074563694, 36.993173903790698 ], [ -122.064094073876461, 36.993111903489776 ], [ -122.064180073956976, 36.99303990387434 ], [ -122.064279172246415, 36.992984654803593 ], [ -122.064293074486883, 36.992976903755952 ], [ -122.064325074282195, 36.992959903486856 ], [ -122.064387640852317, 36.992938275719652 ], [ -122.064474738028068, 36.992874304334592 ], [ -122.064556297493354, 36.992855451582209 ], [ -122.064665130148583, 36.992848490130072 ], [ -122.064773962840036, 36.992841531279225 ], [ -122.064811640832716, 36.992841520641591 ], [ -122.065169105283601, 36.992841386168223 ], [ -122.065354282289562, 36.992855025735786 ], [ -122.065540192885692, 36.992857994026728 ], [ -122.065834334553358, 36.992848539098965 ], [ -122.066103539104645, 36.992776339944378 ], [ -122.066164804929926, 36.992747701156851 ], [ -122.066368476988686, 36.99265249497526 ], [ -122.066540108339282, 36.992479298481641 ], [ -122.066728600230363, 36.992214393146988 ], [ -122.06680320365912, 36.991915311814708 ], [ -122.066739524366881, 36.991588698827442 ], [ -122.066699096628071, 36.991434596670231 ], [ -122.066738228608102, 36.991417944227798 ], [ -122.066748264708721, 36.991423552755755 ], [ -122.066975632819961, 36.99135024347774 ], [ -122.066982969887363, 36.991344903570507 ], [ -122.067033679617552, 36.991307991642913 ], [ -122.067163712819848, 36.991336111351664 ], [ -122.06727589303469, 36.991403178917679 ], [ -122.067396474088383, 36.991530476647668 ], [ -122.067428543829095, 36.991705303026478 ], [ -122.067428651525432, 36.991780672157041 ], [ -122.067416817300312, 36.991801995738896 ], [ -122.067404986437992, 36.991823319274317 ], [ -122.067341262145007, 36.991940070993614 ], [ -122.067318545010252, 36.991981042650686 ], [ -122.067267213340813, 36.992052697829614 ], [ -122.06720970457711, 36.992105297283594 ], [ -122.067138389740023, 36.992174003595196 ], [ -122.067146074828429, 36.99215390373093 ], [ -122.067083028867756, 36.992223158599934 ], [ -122.067044185041851, 36.992598047772397 ], [ -122.067030216002337, 36.992662748389563 ], [ -122.066977929402952, 36.992904934147433 ], [ -122.066994983863992, 36.99295600561576 ], [ -122.066993074389742, 36.992971903118125 ], [ -122.067039219329047, 36.993097027072167 ], [ -122.067045074952375, 36.993112903179011 ], [ -122.067050999584851, 36.993123743379755 ], [ -122.067092075020909, 36.993198903746581 ], [ -122.067147074428192, 36.993272903760975 ], [ -122.067219074495014, 36.993339903779244 ], [ -122.06737007502538, 36.993445903215147 ], [ -122.067413074702543, 36.993471903543508 ], [ -122.067463074692554, 36.993495903770061 ], [ -122.067546074518617, 36.993525903208926 ], [ -122.067603074336944, 36.99353690329847 ], [ -122.06765407524523, 36.993541903606911 ], [ -122.067697074947318, 36.993538903359408 ], [ -122.067732074769935, 36.993529903200944 ], [ -122.067762074909794, 36.993513903947402 ], [ -122.067834075320746, 36.993461903420261 ], [ -122.068000075271996, 36.993371903109988 ], [ -122.068125075188902, 36.993311903859393 ], [ -122.068940074830692, 36.992957902937754 ], [ -122.069181075401872, 36.992861903185968 ], [ -122.069330075278884, 36.992812903318011 ], [ -122.069484075457851, 36.992771903489512 ], [ -122.069661074514542, 36.992732903766949 ], [ -122.069669329341735, 36.992731482357073 ], [ -122.06964922633891, 36.992533153620336 ], [ -122.069407559007175, 36.991873439486007 ], [ -122.069363930002325, 36.991771599225551 ], [ -122.069362332033435, 36.991769269503173 ], [ -122.069362049470612, 36.991768865963948 ], [ -122.069361643076405, 36.991768289258644 ], [ -122.069360729797992, 36.99176695065249 ], [ -122.069360092701359, 36.991766032794054 ], [ -122.069352375991457, 36.991754820290723 ], [ -122.069317263183635, 36.991703824461609 ], [ -122.069313845127468, 36.991698857992326 ], [ -122.069306360294064, 36.991687988426044 ], [ -122.069305969850873, 36.991687422320389 ], [ -122.069305932742324, 36.991687366945449 ], [ -122.069305637298086, 36.991686938345929 ], [ -122.069304562090664, 36.991685377519914 ], [ -122.069304541177061, 36.991685344456997 ], [ -122.069304085897457, 36.991684686400369 ], [ -122.069304069627165, 36.991684660484545 ], [ -122.069298782785609, 36.991676984926684 ], [ -122.069287890341769, 36.991658477604936 ], [ -122.069287298629902, 36.991657473521997 ], [ -122.069283574586819, 36.991651144054238 ], [ -122.069283519896445, 36.991651053769203 ], [ -122.06928349306574, 36.991651006366759 ], [ -122.069275957712975, 36.991638203512267 ], [ -122.069263306398099, 36.991616708954162 ], [ -122.069253800185891, 36.991600559434929 ], [ -122.069253227010392, 36.991599582138342 ], [ -122.069253046405478, 36.991599272754108 ], [ -122.069251956206926, 36.991597424647935 ], [ -122.069251936397691, 36.991597390668936 ], [ -122.069250919462533, 36.9915956614362 ], [ -122.069241254857147, 36.991579243688072 ], [ -122.069234733729317, 36.991566051389377 ], [ -122.069234420495036, 36.991565416655163 ], [ -122.069230764125663, 36.991558024667015 ], [ -122.069229239110754, 36.991554938759556 ], [ -122.069228408475425, 36.991553253882778 ], [ -122.069228360542937, 36.991553164407989 ], [ -122.069204225811617, 36.991504344155288 ], [ -122.069202310179136, 36.991500468647402 ], [ -122.069196772092596, 36.991489264679025 ], [ -122.069196248775313, 36.991488200196727 ], [ -122.069196103271025, 36.991487903858186 ], [ -122.06919578649844, 36.991487261060776 ], [ -122.069195771219512, 36.991487228823267 ], [ -122.069195570573044, 36.991486820576988 ], [ -122.069195349721895, 36.99148635943201 ], [ -122.069191580214977, 36.991478767997954 ], [ -122.069188985822578, 36.991472357544737 ], [ -122.06918869912333, 36.991471648555461 ], [ -122.069184949827886, 36.991462390538544 ], [ -122.069182277316131, 36.99145579008254 ], [ -122.069181430232703, 36.99145369448145 ], [ -122.069181385274206, 36.991453586041523 ], [ -122.069162248828178, 36.99140632160077 ], [ -122.069157798156368, 36.99139532740142 ], [ -122.069156242726564, 36.991391484897918 ], [ -122.069156218869949, 36.991391418530334 ], [ -122.06915531276799, 36.991389186741202 ], [ -122.069155040281686, 36.991388512707317 ], [ -122.069149959497835, 36.991375967013781 ], [ -122.069144194634717, 36.991357890871804 ], [ -122.069143082293905, 36.991354392072047 ], [ -122.069143009375068, 36.99135418217309 ], [ -122.0691427134946, 36.991353248909483 ], [ -122.069139347170207, 36.991342694326597 ], [ -122.069128398204882, 36.991308365459389 ], [ -122.069125407071169, 36.991298990901782 ], [ -122.069124113498461, 36.991294937600692 ], [ -122.06912408808563, 36.991294850526515 ], [ -122.069123244155847, 36.991292206955713 ], [ -122.06912292438173, 36.991291205522614 ], [ -122.06912291237812, 36.991291168735025 ], [ -122.069118709264217, 36.991277989409873 ], [ -122.069116559702877, 36.991271253047465 ], [ -122.0691151050098, 36.991265081400094 ], [ -122.069115068019727, 36.991264924188393 ], [ -122.069115053204797, 36.991264860402772 ], [ -122.069114598443164, 36.991262937059766 ], [ -122.069113826614469, 36.991259658077361 ], [ -122.069113506253359, 36.991258306087019 ], [ -122.069112963725658, 36.99125600001517 ], [ -122.069112781435805, 36.991255233747246 ], [ -122.069111558497681, 36.991250044890577 ], [ -122.069101224496947, 36.991206222665305 ], [ -122.069101165463564, 36.991205978334122 ], [ -122.069099006989859, 36.991196826886984 ], [ -122.069098998092059, 36.991196777440884 ], [ -122.069093423900014, 36.991173149169455 ], [ -122.069092828464434, 36.991170623016302 ], [ -122.069092647392296, 36.991169861237914 ], [ -122.069092638739306, 36.99116982350408 ], [ -122.069092065478983, 36.991167390776958 ], [ -122.069091513251792, 36.991165050590091 ], [ -122.069090470103845, 36.991158304752553 ], [ -122.069090279276338, 36.991157076286008 ], [ -122.069090006259415, 36.991155301899234 ], [ -122.069089938929338, 36.991154875638152 ], [ -122.069089798590056, 36.991153966416967 ], [ -122.069088119990724, 36.99114310255171 ], [ -122.069088113621717, 36.991143066589551 ], [ -122.069084248819408, 36.991118069840347 ], [ -122.069081341550543, 36.991099270350951 ], [ -122.069079177229497, 36.991085270549611 ], [ -122.069078886266865, 36.991083390063118 ], [ -122.06907864866011, 36.99108185852289 ], [ -122.069078638356714, 36.991081795577792 ], [ -122.069078010831504, 36.991077734218806 ], [ -122.069075833397093, 36.991063644474259 ], [ -122.069075826915082, 36.991063603106454 ], [ -122.069074926750574, 36.991057785379532 ], [ -122.069074505685947, 36.991052153163068 ], [ -122.069074175357002, 36.991047744451102 ], [ -122.069074166414751, 36.99104763913148 ], [ -122.06907412829166, 36.991047105235246 ], [ -122.069074070294619, 36.991046319271561 ], [ -122.069074025633014, 36.991045741304667 ], [ -122.069074023568263, 36.99104569627265 ], [ -122.069073869326061, 36.991043638214059 ], [ -122.069073462305852, 36.991038194158627 ], [ -122.069069539332688, 36.99098569099705 ], [ -122.069067314700504, 36.990955906664041 ], [ -122.069066878507272, 36.990950088103673 ], [ -122.069066865416701, 36.990949891819064 ], [ -122.069066862115761, 36.990949841396521 ], [ -122.069066599610082, 36.990929705007197 ], [ -122.069066447527163, 36.990918183464174 ], [ -122.06906431871127, 36.990755715710826 ], [ -122.069063848905913, 36.990719911219308 ], [ -122.069063848515682, 36.990719785057152 ], [ -122.069063845308918, 36.990719739139315 ], [ -122.069063761771474, 36.990718591238483 ], [ -122.06906339781429, 36.990713648569887 ], [ -122.069055268288423, 36.990603403808308 ], [ -122.069026100377542, 36.990207780137325 ], [ -122.06901234816084, 36.990021214852412 ], [ -122.069000457028309, 36.989859940021766 ], [ -122.068988626263533, 36.989699454728779 ], [ -122.068988222532013, 36.989694006123472 ], [ -122.06898813269656, 36.989692771792605 ], [ -122.068983312989033, 36.989627405314465 ], [ -122.068983308696986, 36.989627361213586 ], [ -122.068982835578666, 36.989624182751982 ], [ -122.068982542402054, 36.989622195954169 ], [ -122.068979944914091, 36.989604722463206 ], [ -122.06896622299395, 36.989512420927653 ], [ -122.068961076594803, 36.989477808536684 ], [ -122.06893845622605, 36.989325692672878 ], [ -122.068931825968335, 36.989281090660072 ], [ -122.068882855093008, 36.988951723383245 ], [ -122.068882847469368, 36.988951681129592 ], [ -122.068859486517823, 36.988876727467058 ], [ -122.068829565423329, 36.988780730795554 ], [ -122.068796833906788, 36.98867571760325 ], [ -122.068715757978055, 36.988415592824232 ], [ -122.068633164741186, 36.988150622850121 ], [ -122.068506196696376, 36.987743246928012 ], [ -122.068497311853207, 36.987726158069883 ], [ -122.068416083224747, 36.987569925879335 ], [ -122.068398614417987, 36.987536326276945 ], [ -122.068398582852282, 36.987536267222438 ], [ -122.068397742404557, 36.987534647358991 ], [ -122.068397628928565, 36.987534431696645 ], [ -122.068397571676059, 36.987534326125342 ], [ -122.068387264731143, 36.987514498722597 ], [ -122.068382871407437, 36.987506609249017 ], [ -122.068376909399461, 36.987495903903621 ], [ -122.068376890808864, 36.987495874414151 ], [ -122.068376542952564, 36.987495248254397 ], [ -122.068375709595742, 36.987493752660406 ], [ -122.068375653541693, 36.987493650677806 ], [ -122.068373596978347, 36.987489959095505 ], [ -122.068361275088918, 36.987467840006282 ], [ -122.068339609876659, 36.987428944617648 ], [ -122.068339542177711, 36.987428822965342 ], [ -122.068295979612046, 36.987350618044758 ], [ -122.068293670927304, 36.987346472944758 ], [ -122.068285158766543, 36.987331194068993 ], [ -122.068273779898675, 36.98731076284863 ], [ -122.068271766574696, 36.98730715088972 ], [ -122.068271631214913, 36.987306909386774 ], [ -122.068270439448227, 36.987304766145321 ], [ -122.068262427940766, 36.987290382633617 ], [ -122.068261218801311, 36.987288214392144 ], [ -122.068258530417964, 36.987283693190641 ], [ -122.068258509487222, 36.987283659226641 ], [ -122.068254149273869, 36.987276331649426 ], [ -122.068251216442206, 36.987271401887945 ], [ -122.06825118963252, 36.987271355386206 ], [ -122.068249929885852, 36.987269238291944 ], [ -122.068249842548994, 36.987269090768912 ], [ -122.068237164770309, 36.987247785725877 ], [ -122.068233245718758, 36.987241194801896 ], [ -122.06822968773524, 36.987235217243558 ], [ -122.068228355798936, 36.987232978556996 ], [ -122.068201084820274, 36.987187139098495 ], [ -122.068200945119216, 36.987186904863449 ], [ -122.068164110801774, 36.987124991373435 ], [ -122.068164061882044, 36.987124908219947 ], [ -122.068152611204752, 36.987105661223687 ], [ -122.068150893925832, 36.987102776152405 ], [ -122.068149936894898, 36.987101167767783 ], [ -122.068139891431827, 36.987084279232803 ], [ -122.068128586346447, 36.987065279006984 ], [ -122.068128142794194, 36.987064535175293 ], [ -122.068127047293046, 36.987062805188167 ], [ -122.06811249603966, 36.987039846391376 ], [ -122.068111340181773, 36.987038023491195 ], [ -122.068102180280519, 36.987023569793799 ], [ -122.068100447319424, 36.987020848049049 ], [ -122.068100329936144, 36.987020660376011 ], [ -122.068100042861957, 36.987020201020741 ], [ -122.068098562806227, 36.987017862488948 ], [ -122.068098531447987, 36.987017813344778 ], [ -122.068098508195945, 36.987017775807146 ], [ -122.06809844654606, 36.987017674800803 ], [ -122.068059116783076, 36.986955627204232 ], [ -122.068012424182371, 36.986881954018052 ], [ -122.068012381235903, 36.986881887906932 ], [ -122.068011041801583, 36.986879773683818 ], [ -122.068009315529224, 36.986877049144326 ], [ -122.068009192493335, 36.986876859744832 ], [ -122.067988116139048, 36.986843604172101 ], [ -122.067978519112359, 36.986829357308196 ], [ -122.067978492397117, 36.986829315311127 ], [ -122.067974207516812, 36.986822956397788 ], [ -122.067973029605298, 36.986821206789621 ], [ -122.067972948449452, 36.986821086219202 ], [ -122.067963113820952, 36.986806489279331 ], [ -122.067911252039266, 36.986729504254185 ], [ -122.067897892996271, 36.986709672776847 ], [ -122.067855137871959, 36.986646204012288 ], [ -122.067855084573523, 36.986646126324672 ], [ -122.06785105935522, 36.986640150529865 ], [ -122.067848132029667, 36.986635804659656 ], [ -122.067841229379397, 36.986625558925191 ], [ -122.067830399040744, 36.986610403099178 ], [ -122.067828766175268, 36.986608116183831 ], [ -122.067828598399615, 36.986607882325679 ], [ -122.067810438317238, 36.986582470281292 ], [ -122.067810309855119, 36.986582289966471 ], [ -122.067806234135091, 36.98657658520758 ], [ -122.067743990217451, 36.986489482250192 ], [ -122.067732530414972, 36.986473446297232 ], [ -122.067712515380649, 36.986445437592188 ], [ -122.067712452947376, 36.986445352817761 ], [ -122.067700595024789, 36.986428757163111 ], [ -122.067699013125235, 36.98642654345916 ], [ -122.067698194936597, 36.986425396419428 ], [ -122.067687574159308, 36.986410536060284 ], [ -122.067678642759532, 36.986398732379975 ], [ -122.067673216614068, 36.986391568706729 ], [ -122.067673178423817, 36.986391515148277 ], [ -122.067672897427343, 36.986391131410755 ], [ -122.067672873127847, 36.986391097491918 ], [ -122.067672721715837, 36.986390894054331 ], [ -122.06765890619431, 36.98637265208631 ], [ -122.067656971091438, 36.986370093464899 ], [ -122.067656823236817, 36.986369898991391 ], [ -122.06764306056958, 36.986351713086655 ], [ -122.067591986232713, 36.986284216845846 ], [ -122.0675917471726, 36.986283904640189 ], [ -122.067544926681421, 36.986222033249469 ], [ -122.067542887650518, 36.986219339041227 ], [ -122.067541969206772, 36.986218124856912 ], [ -122.067533623634304, 36.986207098234679 ], [ -122.067527248876402, 36.986198673012844 ], [ -122.067527116186781, 36.98619850537127 ], [ -122.067515971231259, 36.986184577568956 ], [ -122.067514903089119, 36.986183241932366 ], [ -122.067514803890361, 36.986183117999325 ], [ -122.067505484934259, 36.986171473618953 ], [ -122.067505400674008, 36.986171365706639 ], [ -122.067498224873802, 36.986162398815075 ], [ -122.06746277839224, 36.986118101959647 ], [ -122.067412067892235, 36.986054726427462 ], [ -122.067411678062584, 36.986054241415545 ], [ -122.067381035904077, 36.986015947726962 ], [ -122.067379311455369, 36.986013792709628 ], [ -122.067364274757992, 36.98599500296978 ], [ -122.067360352877998, 36.985990099094089 ], [ -122.067352374108594, 36.98598065814047 ], [ -122.067352112495101, 36.985980341731427 ], [ -122.067347476474367, 36.985974861674173 ], [ -122.06734617949293, 36.985973326342091 ], [ -122.067346075840078, 36.98597320427109 ], [ -122.067293882656443, 36.985911441925907 ], [ -122.067262794613654, 36.985874653787732 ], [ -122.067262661009025, 36.98587449607129 ], [ -122.067221717918841, 36.985826046394202 ], [ -122.067210220316127, 36.985812440523191 ], [ -122.067207457004756, 36.985809167560149 ], [ -122.067206578120761, 36.985808125871323 ], [ -122.067196252000329, 36.985795909222716 ], [ -122.067189487317762, 36.985787905574547 ], [ -122.067186987847663, 36.985784948089275 ], [ -122.067177257369252, 36.985774034675288 ], [ -122.067177199786713, 36.985773966958064 ], [ -122.067170201490086, 36.985766126860163 ], [ -122.067169909122896, 36.985765790136448 ], [ -122.067124477506965, 36.985714828720454 ], [ -122.067121666128983, 36.985711674457775 ], [ -122.067121432618165, 36.985711412643589 ], [ -122.067063042808698, 36.985645915087623 ], [ -122.067062655178518, 36.985645481413144 ], [ -122.067060087649381, 36.985642599638858 ], [ -122.067035395064266, 36.985614899690837 ], [ -122.067034392022464, 36.985613775857544 ], [ -122.067027162322347, 36.985605665798168 ], [ -122.067011276519665, 36.985587844491526 ], [ -122.067008413447638, 36.9855846350466 ], [ -122.067007266582621, 36.985583348226562 ], [ -122.067000488034722, 36.985576131497538 ], [ -122.067000466245304, 36.985576110161595 ], [ -122.067000415683538, 36.985576055867902 ], [ -122.067000366282429, 36.985576003361061 ], [ -122.066995661590326, 36.985570998241755 ], [ -122.066995553521565, 36.985570879834562 ], [ -122.066982720338501, 36.985557221590966 ], [ -122.066948301709658, 36.985520590764857 ], [ -122.066946124563728, 36.985518274200508 ], [ -122.066945925780132, 36.985518061485209 ], [ -122.066898470665137, 36.9854675552358 ], [ -122.066887162039052, 36.985455516677966 ], [ -122.06685367762816, 36.985419883515846 ], [ -122.066852921638912, 36.985419078089222 ], [ -122.066851351087109, 36.98541740584028 ], [ -122.0668311983341, 36.985395955938557 ], [ -122.066831151254561, 36.985395907005191 ], [ -122.066821304103172, 36.985385426802715 ], [ -122.066806014928972, 36.985369974807881 ], [ -122.066805989676453, 36.985369949012451 ], [ -122.066803932092782, 36.985367870557432 ], [ -122.06680387700149, 36.985367814522135 ], [ -122.066796840087278, 36.985360703988512 ], [ -122.066795561700218, 36.985359412624746 ], [ -122.06679550773201, 36.985359356574364 ], [ -122.066791054043961, 36.985354858152128 ], [ -122.066789908733313, 36.985353699278839 ], [ -122.066655666914571, 36.985218042166608 ], [ -122.066629213141653, 36.985191309342468 ], [ -122.066596310859367, 36.98516127372438 ], [ -122.06646327488626, 36.985039818358551 ], [ -122.066462894757862, 36.985039474700976 ], [ -122.066462372419593, 36.98503899146553 ], [ -122.066462012957317, 36.985038669159074 ], [ -122.066447611198953, 36.985025523075493 ], [ -122.066445648352683, 36.985023730823414 ], [ -122.066442934121753, 36.985021245729712 ], [ -122.066442608990357, 36.985020953602778 ], [ -122.066439906422488, 36.985018489079799 ], [ -122.066435441377948, 36.985014413457506 ], [ -122.066435321107747, 36.985014302423266 ], [ -122.066429138876998, 36.985008955744981 ], [ -122.066426536243526, 36.985006704364039 ], [ -122.066413640952177, 36.98499555131567 ], [ -122.066413421247148, 36.984995358706726 ], [ -122.066413354907084, 36.984995301921131 ], [ -122.066408201138216, 36.984990844428005 ], [ -122.066408137081837, 36.984990789414091 ], [ -122.066407584403166, 36.984990305684697 ], [ -122.066352436234254, 36.984942607017842 ], [ -122.066352052963325, 36.984942274216408 ], [ -122.066349695197431, 36.984940236733699 ], [ -122.066349228402373, 36.984939831155891 ], [ -122.066263571756963, 36.984865737881421 ], [ -122.066263399018723, 36.98486558880014 ], [ -122.066263376163008, 36.984865570181988 ], [ -122.066262516888855, 36.984864821111408 ], [ -122.06626228820015, 36.984864628622837 ], [ -122.066262115537157, 36.984864483145351 ], [ -122.066261974826972, 36.984864361571027 ], [ -122.0662619233687, 36.984864318103419 ], [ -122.066249983221198, 36.984853984015302 ], [ -122.066246886400336, 36.984851305791551 ], [ -122.066244495413855, 36.984849237211037 ], [ -122.066235710550714, 36.984841637335627 ], [ -122.066235583599152, 36.984841529094503 ], [ -122.06622721064349, 36.984834665371039 ], [ -122.066225451690414, 36.984833222744868 ], [ -122.066225057321688, 36.984832896400434 ], [ -122.066151313455791, 36.984772445791208 ], [ -122.06614853502326, 36.98477016702531 ], [ -122.066136189373708, 36.984760048348917 ], [ -122.066136155080869, 36.984760019971105 ], [ -122.066125628882645, 36.984751389970945 ], [ -122.066055286320079, 36.984693720684334 ], [ -122.066054349183901, 36.9846929546338 ], [ -122.066046420813109, 36.984686453517661 ], [ -122.066046316811665, 36.984686368399274 ], [ -122.06604501164604, 36.98468529998226 ], [ -122.06604452718625, 36.984684909059567 ], [ -122.066042544195156, 36.984683281088927 ], [ -122.066038990812288, 36.984680363864456 ], [ -122.066038950810309, 36.984680331057305 ], [ -122.06603027614409, 36.984673219036395 ], [ -122.066030145861603, 36.984673112642149 ], [ -122.066023760505345, 36.984668149875667 ], [ -122.066022823073695, 36.984667423481412 ], [ -122.066017562580697, 36.98466334049926 ], [ -122.066016549637467, 36.984662548430322 ], [ -122.066016440020846, 36.984662463387259 ], [ -122.066016220750043, 36.984662291499291 ], [ -122.066016108830979, 36.984662203783536 ], [ -122.066014444010122, 36.984660911291243 ], [ -122.066014412019797, 36.984660885586131 ], [ -122.066013197121308, 36.984659943926552 ], [ -122.066012094066807, 36.984659086378969 ], [ -122.066011681825188, 36.984658764779766 ], [ -122.066011548192336, 36.984658659331629 ], [ -122.065899220584342, 36.984571385216391 ], [ -122.065889313727254, 36.984563685926332 ], [ -122.065845549505212, 36.98452968196554 ], [ -122.065845323459385, 36.984529508365789 ], [ -122.065844409934556, 36.984528796969556 ], [ -122.065832598526271, 36.984519620949882 ], [ -122.065825338606828, 36.984513982301408 ], [ -122.065825039445997, 36.984513750204265 ], [ -122.065819287816396, 36.984509278181889 ], [ -122.065819154221728, 36.984509174535447 ], [ -122.065813822975031, 36.984505252906814 ], [ -122.065812898765415, 36.984504567788399 ], [ -122.065799602968156, 36.98449477815165 ], [ -122.065782320969575, 36.984482054561511 ], [ -122.065781994630569, 36.984481812014771 ], [ -122.065780899371859, 36.984481004827337 ], [ -122.065780319789951, 36.98448057733026 ], [ -122.065780047098315, 36.984480375518274 ], [ -122.065778447562451, 36.984479196598194 ], [ -122.065686718802937, 36.984411657707227 ], [ -122.065686516867842, 36.984411509017001 ], [ -122.065624445157596, 36.984365799966668 ], [ -122.065624341344957, 36.984365723857273 ], [ -122.065623882723671, 36.984365386657807 ], [ -122.065616186324633, 36.984359716906276 ], [ -122.065614510403961, 36.984358484036314 ], [ -122.065612757943214, 36.984357190011302 ], [ -122.065602763873102, 36.984349830717584 ], [ -122.065584448439111, 36.984337052479077 ], [ -122.065583461249332, 36.984336363698262 ], [ -122.065581489153629, 36.984334987908326 ], [ -122.065572116552246, 36.984328448468823 ], [ -122.065571903368379, 36.984328299028213 ], [ -122.065541664388832, 36.984307212290105 ], [ -122.065541236860625, 36.984306911621978 ], [ -122.065453855838413, 36.984245941587034 ], [ -122.06544664227134, 36.98424090699536 ], [ -122.065446548829442, 36.984240843363388 ], [ -122.065402892651022, 36.984210385795826 ], [ -122.065400853269352, 36.984208961340201 ], [ -122.065400762092366, 36.984208898579027 ], [ -122.065400686844669, 36.984208845517202 ], [ -122.065400455411023, 36.984208682803256 ], [ -122.06538112669179, 36.984195199880254 ], [ -122.06536742506448, 36.98418614470863 ], [ -122.065345607818173, 36.984171730897586 ], [ -122.065343729533893, 36.984170489925212 ], [ -122.065343507385407, 36.984170341505681 ], [ -122.065340614215671, 36.98416843014607 ], [ -122.065318852741115, 36.984154050728286 ], [ -122.065318754769692, 36.984153985354638 ], [ -122.065310790601615, 36.984148724714537 ], [ -122.065195474895745, 36.984072527876187 ], [ -122.065195395174911, 36.98407247577547 ], [ -122.065182075181824, 36.984063673203487 ], [ -122.065181899811066, 36.984063559302541 ], [ -122.065180472584899, 36.984062615977756 ], [ -122.065176546252985, 36.984060019150533 ], [ -122.065154401024699, 36.984045388011864 ], [ -122.065142618453734, 36.984038018433033 ], [ -122.06514140285968, 36.984037257914189 ], [ -122.065141317486166, 36.984037204086853 ], [ -122.06513787446994, 36.984035051370505 ], [ -122.065136798887778, 36.984034379092407 ], [ -122.065136686148122, 36.984034305805991 ], [ -122.065127218697029, 36.984028385824089 ], [ -122.065127080987693, 36.984028300255972 ], [ -122.064967488500898, 36.983928483996621 ], [ -122.064967455500877, 36.983928463711869 ], [ -122.0649584216997, 36.983922813664101 ], [ -122.064956937486016, 36.983921884619207 ], [ -122.064955802701689, 36.983921174382345 ], [ -122.064941124631389, 36.983911994379874 ], [ -122.064941072276937, 36.98391196173808 ], [ -122.064922755415182, 36.983900505470579 ], [ -122.064897728619513, 36.983885699361224 ], [ -122.064895290128518, 36.983884258622865 ], [ -122.064894095880902, 36.983883551886755 ], [ -122.064873391125047, 36.983871303054592 ], [ -122.064873169335215, 36.983871171752071 ], [ -122.0648719659535, 36.983870457928759 ], [ -122.064871079842035, 36.98386992909991 ], [ -122.064744895406164, 36.983795289813003 ], [ -122.06471066168325, 36.983775037790068 ], [ -122.064706043940561, 36.983772305130039 ], [ -122.064705848337795, 36.983772190598629 ], [ -122.064702124603272, 36.983769988464971 ], [ -122.064700914430261, 36.983769272027452 ], [ -122.064700072776731, 36.983768774142717 ], [ -122.064695295819774, 36.983765948091389 ], [ -122.064695245767922, 36.983765918122188 ], [ -122.064686351551288, 36.983760657299953 ], [ -122.064673453535619, 36.983753446829013 ], [ -122.064672699970757, 36.98375302526523 ], [ -122.064672636311073, 36.983752989170178 ], [ -122.064658567660885, 36.983745126615489 ], [ -122.064651914340885, 36.983741420031329 ], [ -122.064651791570014, 36.983741350483818 ], [ -122.064651501666688, 36.983741184947988 ], [ -122.064651468704454, 36.98374116646503 ], [ -122.064650516074337, 36.983740625910087 ], [ -122.064636373492846, 36.98373271928476 ], [ -122.064614146388678, 36.983720294367792 ], [ -122.064613808811217, 36.983720105139113 ], [ -122.064521948733685, 36.983668754379046 ], [ -122.064470369353245, 36.983639921257961 ], [ -122.064466382204799, 36.98363769200936 ], [ -122.064466319705886, 36.98363765770101 ], [ -122.064454022987618, 36.983630783397963 ], [ -122.064445361092368, 36.98362594210208 ], [ -122.064439049237691, 36.983622610329206 ], [ -122.064439019738487, 36.983622596305743 ], [ -122.064427069628977, 36.983616290510831 ], [ -122.064426359718382, 36.983615915222096 ], [ -122.064426302909752, 36.983615884442237 ], [ -122.064424669611967, 36.98361502407861 ], [ -122.064403626036949, 36.98360392062169 ], [ -122.064403381844443, 36.983603792322391 ], [ -122.064350708769652, 36.983576000278596 ], [ -122.064345279486119, 36.983573135198569 ], [ -122.064331238315617, 36.983565725537652 ], [ -122.064253801942556, 36.983524868396984 ], [ -122.064242110824409, 36.983518698795478 ], [ -122.064242038143362, 36.983518661018856 ], [ -122.064231588501627, 36.983513147058673 ], [ -122.064217863140968, 36.98350590527744 ], [ -122.064199955674724, 36.983496457579022 ], [ -122.064186934805278, 36.983489977769437 ], [ -122.064184435278648, 36.983488733394282 ], [ -122.064180437436363, 36.983486744898435 ], [ -122.064179708699584, 36.983486382477423 ], [ -122.064178793815074, 36.983485927927241 ], [ -122.064171856037859, 36.983482476564177 ], [ -122.064131083981565, 36.983462186787342 ], [ -122.063986692548909, 36.983390341226915 ], [ -122.063986304381984, 36.983390149971129 ], [ -122.063985992152396, 36.98338999104142 ], [ -122.063983150922525, 36.983388574609549 ], [ -122.063979453996438, 36.983386740682491 ], [ -122.063951843646393, 36.983373001785019 ], [ -122.063950319149029, 36.983372240889906 ], [ -122.063851508360898, 36.983324538922538 ], [ -122.063797149287012, 36.983298297664703 ], [ -122.063658326314552, 36.983231278648326 ], [ -122.063278876513976, 36.983048094439646 ], [ -122.063278807296683, 36.983048061121949 ], [ -122.063225679802088, 36.983022413206207 ], [ -122.06313848966937, 36.982980319849332 ], [ -122.063023686349666, 36.98292832283709 ], [ -122.062937266699862, 36.982889180332677 ], [ -122.062936811961208, 36.982888974645213 ], [ -122.062917771675131, 36.982880351205992 ], [ -122.062595479841733, 36.982734372557374 ], [ -122.062595133946033, 36.982734214976176 ], [ -122.062504641357904, 36.982693227904605 ], [ -122.062286493541976, 36.982594418645185 ], [ -122.062251131481347, 36.982578401322854 ], [ -122.062065271640321, 36.98247794980206 ], [ -122.062007038454141, 36.982446476810516 ], [ -122.061768529011061, 36.982317566332064 ], [ -122.061768382474483, 36.982317488087823 ], [ -122.061509658223471, 36.98217765222342 ], [ -122.061278903189645, 36.981941717513365 ], [ -122.060855399385744, 36.981508707760057 ], [ -122.060811441008752, 36.981463763175967 ], [ -122.060756827895659, 36.981417080355456 ], [ -122.060685734026933, 36.981356312479747 ], [ -122.06067471742297, 36.981346895515685 ], [ -122.060674651090494, 36.981346838726814 ], [ -122.060442778284028, 36.981148641368918 ], [ -122.06043033453355, 36.981138006136462 ], [ -122.060386064864829, 36.981100166069098 ], [ -122.060282246880746, 36.981011425598645 ], [ -122.060271136588753, 36.98100192784262 ], [ -122.060270612784024, 36.981001478845457 ], [ -122.060152726386121, 36.980900717082612 ], [ -122.060141053467987, 36.980890738393363 ], [ -122.060062737529549, 36.980823796248387 ], [ -122.059949007545967, 36.980726585272514 ], [ -122.059842801585049, 36.980635801816369 ], [ -122.059842632331851, 36.98063565718526 ], [ -122.059828459572969, 36.980623541822801 ], [ -122.059828181708113, 36.980623305821211 ], [ -122.059826827664224, 36.980622147871344 ], [ -122.059826879359065, 36.980622148982462 ], [ -122.059836355472228, 36.980622363809495 ], [ -122.059882961721556, 36.980623420351762 ], [ -122.059883004432479, 36.980623421582955 ], [ -122.059883539366965, 36.980623433354019 ], [ -122.05993903283742, 36.980624690943351 ], [ -122.059957261300582, 36.980625103222479 ], [ -122.059957326489936, 36.980625105054209 ], [ -122.05995752653125, 36.980625109588374 ], [ -122.059957799622737, 36.980625115849129 ], [ -122.060016942164978, 36.980626456172168 ], [ -122.060093575933337, 36.980628191548028 ], [ -122.060093611906325, 36.980628192869275 ], [ -122.060104938945997, 36.98062844870482 ], [ -122.060104985025845, 36.980628449890872 ], [ -122.060205739633162, 36.98062873787336 ], [ -122.060273702087855, 36.980628931825919 ], [ -122.060277313705228, 36.980628942091187 ], [ -122.060277360908088, 36.98062894326209 ], [ -122.060287328442982, 36.980629237993469 ], [ -122.060287374522858, 36.980629239179436 ], [ -122.060434537106929, 36.980633581546662 ], [ -122.060434583168089, 36.980633581831604 ], [ -122.060571056656826, 36.98063760922183 ], [ -122.060571179193445, 36.980637613890721 ], [ -122.06058524926344, 36.980638028538394 ], [ -122.060585296447584, 36.980638028808286 ], [ -122.06078876865574, 36.980642304926683 ], [ -122.061178564118563, 36.980650496253354 ], [ -122.061178370338311, 36.980649172289773 ], [ -122.061174075540464, 36.980619874287598 ], [ -122.061166156134675, 36.980565849179712 ], [ -122.061153797990116, 36.980481544793371 ], [ -122.06113231888888, 36.980335018800943 ], [ -122.061124167784158, 36.980279409790889 ], [ -122.061124159940945, 36.980279356725461 ], [ -122.061123002812167, 36.980271463336337 ], [ -122.061117282856756, 36.980232454218992 ], [ -122.061109279672067, 36.980177853467033 ], [ -122.061106824074912, 36.980161103401841 ], [ -122.061087631957264, 36.980030178903881 ], [ -122.061087008672004, 36.980025647933054 ], [ -122.061086148498376, 36.980019394346712 ], [ -122.061076166635232, 36.979946451044462 ], [ -122.061067602636399, 36.979883892145907 ], [ -122.06106759602865, 36.979883844471061 ], [ -122.061066278218107, 36.979874219335549 ], [ -122.061065848820917, 36.979870855519167 ], [ -122.061061077707706, 36.979833772169464 ], [ -122.061059235135843, 36.979819438110432 ], [ -122.061053795973535, 36.979780478404415 ], [ -122.061053866455495, 36.9797803026295 ], [ -122.061089061375185, 36.979693389982891 ], [ -122.061147456069634, 36.9796260110937 ], [ -122.061205044257335, 36.97947939559733 ], [ -122.061246656993362, 36.979373455707346 ], [ -122.061270362251761, 36.979313100872083 ], [ -122.06127884439961, 36.979291508280923 ], [ -122.061279584076019, 36.979289698695908 ], [ -122.061304883603825, 36.979228174391899 ], [ -122.06131573172938, 36.979201792725164 ], [ -122.061315429670969, 36.979200987496583 ], [ -122.061299498135284, 36.979159554792133 ], [ -122.061286489112504, 36.979125725088302 ], [ -122.061276402482193, 36.979099492980374 ], [ -122.061274681778656, 36.979095017254281 ], [ -122.061273260362199, 36.979091321560546 ], [ -122.061273233297484, 36.979091262444015 ], [ -122.061110437228862, 36.978743657571336 ], [ -122.060788757901733, 36.978056790387235 ], [ -122.060751903282977, 36.977978097485483 ], [ -122.060752431161418, 36.977978094927614 ], [ -122.060753430789688, 36.977978091464209 ], [ -122.060780537258779, 36.977977982872382 ], [ -122.060782056904884, 36.977977976955962 ], [ -122.06084795413868, 36.977977713335939 ], [ -122.061112940370336, 36.977976656904055 ], [ -122.06129716535267, 36.977975921275174 ], [ -122.061353321396723, 36.977975697647047 ], [ -122.062179625220978, 36.977972392559359 ], [ -122.062577457217429, 36.977970803379215 ], [ -122.062619378225165, 36.977970634670392 ], [ -122.06261956467165, 36.977970633974877 ], [ -122.062645033561509, 36.977970531568808 ], [ -122.063272029695, 36.977967817897238 ], [ -122.063272111670031, 36.97796781679849 ], [ -122.063379294619253, 36.977967352553449 ], [ -122.063639025624184, 36.977966479780648 ], [ -122.063741678703593, 36.977966134508634 ], [ -122.0637518932635, 36.977966063347424 ], [ -122.06393085298717, 36.977964814682942 ], [ -122.06393846759002, 36.977964762146023 ], [ -122.063938503524255, 36.977964761664204 ], [ -122.063983551997509, 36.977964445990807 ], [ -122.063985879059715, 36.977964430107015 ], [ -122.06398857223958, 36.97796441111624 ], [ -122.063993208396738, 36.977964379589366 ], [ -122.063996679871764, 36.977964354667961 ], [ -122.064082987529702, 36.977963751543619 ], [ -122.064089096056009, 36.977963709280331 ], [ -122.06409061558891, 36.977963697915165 ], [ -122.064812684168686, 36.977958653800897 ], [ -122.064851169278796, 36.977958384393396 ], [ -122.064851232885516, 36.977948879545664 ], [ -122.064853798380767, 36.977565447366096 ], [ -122.064854428300109, 36.977471182111756 ], [ -122.064855947526269, 36.977471210393169 ], [ -122.064904129456323, 36.97747207433865 ], [ -122.065046070555056, 36.977474618096764 ], [ -122.065616572383206, 36.977484843876283 ], [ -122.066308402881035, 36.977497238818842 ], [ -122.067054139594362, 36.977510596051381 ], [ -122.067694378234137, 36.977522059193802 ], [ -122.068360395257514, 36.977533979660919 ], [ -122.069028105889984, 36.977545927616433 ], [ -122.069602945064617, 36.977556211645528 ], [ -122.06992907922313, 36.977562044505213 ], [ -122.070322357488735, 36.977569076759941 ], [ -122.070322363208746, 36.977569028018408 ], [ -122.07035471161258, 36.977271886622077 ], [ -122.070421896789227, 36.97665472951573 ], [ -122.070451565556837, 36.976382185349543 ], [ -122.070557324792773, 36.975410673475238 ], [ -122.070618444783918, 36.974849201689963 ], [ -122.070695842040465, 36.974138235836399 ], [ -122.070773769580356, 36.973422299922447 ], [ -122.07083429403157, 36.972866285600212 ], [ -122.070880721521249, 36.972439746549114 ], [ -122.07088081391845, 36.97243890178617 ], [ -122.070880819562333, 36.97243884944087 ], [ -122.069107780851567, 36.967863140083381 ], [ -122.068851201600239, 36.966932273521337 ], [ -122.068723115161276, 36.966467554700046 ], [ -122.068658222564295, 36.966232113777139 ], [ -122.068515602722172, 36.965714661345658 ], [ -122.068313374384473, 36.964980929935244 ], [ -122.068311289193332, 36.964973364517519 ], [ -122.06831124428966, 36.964973257879294 ], [ -122.068277472930276, 36.96497370484343 ], [ -122.06635436479408, 36.964999175795718 ], [ -122.066354272728518, 36.964999177032333 ], [ -122.066334548142137, 36.964999437462239 ], [ -122.066334453831047, 36.964999438729002 ], [ -122.065892014906098, 36.963459602900954 ], [ -122.065424483420358, 36.961832387705662 ], [ -122.065424472414463, 36.961832344596147 ], [ -122.065422544861889, 36.961825588992468 ], [ -122.065419077581168, 36.961813335150644 ], [ -122.065384876349356, 36.961692459407715 ], [ -122.065324515062045, 36.961479211042871 ], [ -122.06529365621833, 36.961370187966828 ], [ -122.065293607761021, 36.961370018291788 ], [ -122.065264554015712, 36.961267368550686 ], [ -122.065264526146763, 36.961267270694691 ], [ -122.062712314949565, 36.961093702632837 ], [ -122.062683601705544, 36.961091749729803 ], [ -122.062683524108479, 36.961091744461349 ], [ -122.062683473493507, 36.961091740633648 ], [ -122.062683447243529, 36.96109042524386 ], [ -122.062683424576662, 36.961089336005443 ], [ -122.062680789617559, 36.960957102339947 ], [ -122.062678504841756, 36.960842451662508 ], [ -122.062678268841495, 36.960830733009821 ], [ -122.062678264810629, 36.960830539307402 ], [ -122.062677908506018, 36.960812661712652 ], [ -122.062677555388802, 36.96079493727801 ], [ -122.062640642971843, 36.959352761965704 ], [ -122.062868291424181, 36.959322764462812 ], [ -122.06315355109966, 36.959285173998403 ], [ -122.063531620524515, 36.95923535377564 ], [ -122.065313318661055, 36.959000550053453 ], [ -122.065312498267048, 36.958879410066665 ], [ -122.065305621204431, 36.957863870364427 ], [ -122.065305612530864, 36.957863238744523 ], [ -122.065305611573109, 36.957863192796538 ], [ -122.06530195833497, 36.957588094977147 ], [ -122.065301957245794, 36.957588042722527 ], [ -122.065278309795389, 36.955808296716647 ], [ -122.065278353911253, 36.955808258274338 ], [ -122.065282084127233, 36.955804910733946 ], [ -122.065282118308545, 36.955804880535716 ], [ -122.065422077008634, 36.955679322785819 ], [ -122.065422116483703, 36.955679277196225 ], [ -122.065582521235328, 36.955490496418562 ], [ -122.065582558540029, 36.955490454462847 ], [ -122.06572863414759, 36.955318537941878 ], [ -122.065728669094241, 36.955318490610601 ], [ -122.065969589164936, 36.954985398770404 ], [ -122.066476934696823, 36.954650804610594 ], [ -122.066476953217176, 36.95465077732603 ], [ -122.066485797470179, 36.954636844116983 ], [ -122.066519302397865, 36.954584064401935 ], [ -122.066519303553093, 36.954584012117216 ], [ -122.066534490442322, 36.954251788730495 ], [ -122.066547870894794, 36.9542294981879 ], [ -122.066605829966321, 36.954132943375029 ], [ -122.066618781726092, 36.954111366921595 ], [ -122.066618811002314, 36.954111316962624 ], [ -122.066630459519232, 36.9540919154744 ], [ -122.06679544959124, 36.954022200967067 ], [ -122.066920505234236, 36.953969366031401 ], [ -122.066920548093989, 36.953969321296995 ], [ -122.067113425365577, 36.95377833740794 ], [ -122.067196432835502, 36.953712717930173 ], [ -122.067196451280168, 36.953712687041651 ], [ -122.067311471273541, 36.953509755869966 ], [ -122.067311476956149, 36.953509705326759 ], [ -122.067362416348615, 36.953346968035511 ], [ -122.067362428841832, 36.953346921005512 ], [ -122.067424429472766, 36.953058173462054 ], [ -122.067424438635769, 36.953058128279231 ], [ -122.06749354475599, 36.952832020834748 ], [ -122.067493587671208, 36.952831978802905 ], [ -122.067607843319209, 36.952708407652402 ], [ -122.067608726604149, 36.952709032920382 ], [ -122.067614839951133, 36.952713300786748 ], [ -122.067658479001267, 36.952743770976099 ], [ -122.067659371211207, 36.95274439342009 ], [ -122.06776064260734, 36.952815114595289 ], [ -122.067760664613175, 36.952815146742324 ], [ -122.067858187317029, 36.952959146494557 ], [ -122.067878746663851, 36.952989502490901 ], [ -122.06797752493101, 36.953233417681375 ], [ -122.067977654076799, 36.953233525890177 ], [ -122.068033984603929, 36.953281964489513 ], [ -122.068034113749917, 36.953282072698329 ], [ -122.068055996488397, 36.953300888212262 ], [ -122.068121650938394, 36.953327729547389 ], [ -122.068423196030778, 36.9533868400937 ], [ -122.06853599271399, 36.95344769522746 ], [ -122.068558724563573, 36.953459952958632 ], [ -122.068558794527377, 36.953460023211711 ], [ -122.068662535964009, 36.953567466474375 ], [ -122.068848125373435, 36.953759665087148 ], [ -122.068894378935951, 36.953840305136445 ], [ -122.068922417083186, 36.953889187094106 ], [ -122.068922528992047, 36.953889383850814 ], [ -122.068922709617823, 36.953889698640417 ], [ -122.068922509785381, 36.953890506996231 ], [ -122.06887821439058, 36.954068356047458 ], [ -122.068878199596583, 36.954068400404978 ], [ -122.068798791876915, 36.954277696789511 ], [ -122.068775738662055, 36.95433844279426 ], [ -122.068733333868408, 36.954435828530222 ], [ -122.068700071762819, 36.954512197978083 ], [ -122.068668356327677, 36.954585042767846 ], [ -122.068643460974826, 36.954642223173785 ], [ -122.06864339887521, 36.954642368200176 ], [ -122.068643286648111, 36.954642640067995 ], [ -122.068643271646891, 36.954642674515171 ], [ -122.068654838293384, 36.954698293765226 ], [ -122.068654952428375, 36.954698328277473 ], [ -122.068669160553583, 36.954702625072088 ], [ -122.06873810377472, 36.954723472157625 ], [ -122.068738740285482, 36.954723140966728 ], [ -122.068861727762041, 36.954658983040154 ], [ -122.069020799606648, 36.954564718988351 ], [ -122.069020847106472, 36.954564681400235 ], [ -122.069229905071793, 36.954404650297853 ], [ -122.069336212294601, 36.954332609211363 ], [ -122.069384675847147, 36.954299777998195 ], [ -122.069384688734587, 36.954299749887767 ], [ -122.069398905015689, 36.95426983357271 ], [ -122.069433973973432, 36.954196033230197 ], [ -122.069433976268016, 36.954195981831305 ], [ -122.069433920331363, 36.954195024615508 ], [ -122.069433898376076, 36.954194672544375 ], [ -122.069421731293758, 36.953986596631339 ], [ -122.069421655270872, 36.953985269295387 ], [ -122.069421747652385, 36.953985068888151 ], [ -122.069434738935328, 36.953957202149574 ], [ -122.069505713343645, 36.95380505175995 ], [ -122.069505742154234, 36.953805033348239 ], [ -122.06974776423877, 36.95364516946298 ], [ -122.069747812897944, 36.95364513366134 ], [ -122.069784013121236, 36.95361651373468 ], [ -122.069825232814097, 36.953583925850602 ], [ -122.069825268823436, 36.953583875800128 ], [ -122.069847559081992, 36.953552379974411 ], [ -122.069850350123602, 36.953548435722233 ], [ -122.069850381736799, 36.953548390236932 ], [ -122.069878661636196, 36.953508413736117 ], [ -122.06987825026539, 36.953507857831298 ], [ -122.069878133551498, 36.953507699891489 ], [ -122.069806060181264, 36.953410232904844 ], [ -122.069805982765217, 36.953410128507514 ], [ -122.069483138639313, 36.953397608840689 ], [ -122.069413289058588, 36.953385732273922 ], [ -122.069381139632156, 36.953380256781259 ], [ -122.069206286962668, 36.953291084941512 ], [ -122.069206215506199, 36.953291050756647 ], [ -122.068974866015367, 36.953008429045617 ], [ -122.068724314076292, 36.952795445431697 ], [ -122.06872419290103, 36.952795342523643 ], [ -122.068497128917983, 36.952644851089715 ], [ -122.068314888203957, 36.952524059846681 ], [ -122.068314788044844, 36.9525239954068 ], [ -122.068304706831313, 36.95251098259849 ], [ -122.068169340559905, 36.952336219003989 ], [ -122.068160115578706, 36.952300054730628 ], [ -122.068125883209632, 36.952165807485358 ], [ -122.068042049205303, 36.951967829857765 ], [ -122.067719781269119, 36.951659092606327 ], [ -122.067719787026505, 36.951659045666879 ], [ -122.067719857699871, 36.951657912818099 ], [ -122.067719858258229, 36.9516578857748 ], [ -122.067725713791589, 36.951563471052594 ], [ -122.067726764614051, 36.951546518098411 ], [ -122.067726766947359, 36.951546468501405 ], [ -122.067727542063651, 36.951533951321892 ], [ -122.067735371883344, 36.951512385030114 ], [ -122.067782772279259, 36.951381774001938 ], [ -122.067782824136216, 36.951381730047409 ], [ -122.067860910070834, 36.95130701200965 ], [ -122.067888075128039, 36.951281017682696 ], [ -122.0679765481744, 36.951267008441476 ], [ -122.068059689483462, 36.951253842260286 ], [ -122.068059720049462, 36.951253800394305 ], [ -122.068110900391318, 36.951181861933776 ], [ -122.068110903828043, 36.951181811420753 ], [ -122.068121188947558, 36.951137700275744 ], [ -122.06812119809112, 36.951137654191925 ], [ -122.06812663634885, 36.951114326663415 ], [ -122.068126893940899, 36.951113219237378 ], [ -122.068126903272557, 36.951113182162942 ], [ -122.068126692259796, 36.9511130786602 ], [ -122.068126545927967, 36.951113007631626 ], [ -122.068035414998832, 36.951068973543862 ], [ -122.067800003433078, 36.950955212202111 ], [ -122.067799941053835, 36.950955182400371 ], [ -122.067716193307817, 36.950865641277339 ], [ -122.067716205706361, 36.950865589742619 ], [ -122.067716531676041, 36.95086474544776 ], [ -122.067776968220002, 36.950709078099415 ], [ -122.067777003990727, 36.950709070408841 ], [ -122.067963038397437, 36.950663472779603 ], [ -122.067963073396967, 36.950663428150456 ], [ -122.068025104680089, 36.95058299334552 ], [ -122.068025142953076, 36.950582944166364 ], [ -122.068056434143969, 36.950542374283472 ], [ -122.068056435335635, 36.950542323800626 ], [ -122.068056445480082, 36.950541196271693 ], [ -122.068057491471365, 36.950428825059909 ], [ -122.068057499809427, 36.950427772354274 ], [ -122.068057402156271, 36.950427505112067 ], [ -122.067934345488297, 36.950087623210614 ], [ -122.067934351245455, 36.950087576271137 ], [ -122.067934362149998, 36.950086538851366 ], [ -122.06793452611862, 36.950073578392178 ], [ -122.067934526187869, 36.950073527924438 ], [ -122.067938951751373, 36.949711472703633 ], [ -122.067938955032531, 36.949711199598028 ], [ -122.067938954092085, 36.949711154551018 ], [ -122.067938868051826, 36.949710152680332 ], [ -122.067923094908053, 36.94952773714283 ], [ -122.067688720898531, 36.949156016862027 ], [ -122.067616761785388, 36.94904189937494 ], [ -122.067587736489301, 36.94897545085945 ], [ -122.067587205935865, 36.948974239580124 ], [ -122.067517820326543, 36.948815560398799 ], [ -122.067436569696099, 36.948538441918622 ], [ -122.067421202671355, 36.94848603327145 ], [ -122.067390825300862, 36.948382432293776 ], [ -122.067065617784181, 36.948363799081868 ], [ -122.066242602364227, 36.948272991038621 ], [ -122.066153323099414, 36.948227667203149 ], [ -122.066069960519386, 36.948120816911462 ], [ -122.066065738454668, 36.948119456949165 ], [ -122.066062530372648, 36.948118424017331 ], [ -122.066059797046492, 36.948117543318268 ], [ -122.066057003795876, 36.94811664269654 ], [ -122.066037477161743, 36.948110352411312 ], [ -122.066020750571766, 36.948104965357757 ], [ -122.06601571235413, 36.948103342393644 ], [ -122.066012589441911, 36.948102624635084 ], [ -122.065988652037731, 36.948097124453895 ], [ -122.065970861153758, 36.948093035887936 ], [ -122.065965823669586, 36.948091878828443 ], [ -122.065959516912969, 36.948090428806644 ], [ -122.065954326430216, 36.948089688350244 ], [ -122.065950054893065, 36.948089078840475 ], [ -122.065934373046389, 36.948086840026946 ], [ -122.065922819747911, 36.948085191915304 ], [ -122.065901964333761, 36.948082216016992 ], [ -122.065887574678172, 36.948081369306955 ], [ -122.065885168906433, 36.948081227688306 ], [ -122.065868500547182, 36.948080248464962 ], [ -122.065864004876758, 36.948079982613116 ], [ -122.065843664897415, 36.948078786846594 ], [ -122.06581747817458, 36.948079409802588 ], [ -122.065785236906123, 36.948080178049942 ], [ -122.065712400706815, 36.948055002707342 ], [ -122.065707582823677, 36.948053338019889 ], [ -122.065704108497627, 36.94805213652603 ], [ -122.065676513288892, 36.948044872203631 ], [ -122.065676454562123, 36.94804485586959 ], [ -122.065637804156808, 36.948034683153381 ], [ -122.065637769152744, 36.94803467371036 ], [ -122.065637687844628, 36.948034651371195 ], [ -122.065631236726006, 36.948032954541297 ], [ -122.065627982944704, 36.948032098845054 ], [ -122.065623753672597, 36.948030984989273 ], [ -122.065623691653485, 36.948030972304217 ], [ -122.065620174715264, 36.948030042639026 ], [ -122.065586435138187, 36.948023784527734 ], [ -122.065586384381632, 36.94802377349378 ], [ -122.065544314999471, 36.948015969030841 ], [ -122.065534110738781, 36.948014076566892 ], [ -122.065531583055574, 36.948013795991962 ], [ -122.065522131815257, 36.948012746844853 ], [ -122.065461832053188, 36.948006053189417 ], [ -122.065446611945973, 36.948004364146577 ], [ -122.065348774485287, 36.948025097572817 ], [ -122.065198090620854, 36.948057033872644 ], [ -122.065176773588604, 36.948073391916132 ], [ -122.065176722760995, 36.948073431349769 ], [ -122.065101536143843, 36.948131151824469 ], [ -122.065089089022436, 36.948140707537718 ], [ -122.065026578565707, 36.948194265515049 ], [ -122.064995595203882, 36.948220810586776 ], [ -122.064985980387391, 36.948229047675788 ], [ -122.064911257005193, 36.948300554555942 ], [ -122.064896463543818, 36.948314709885842 ], [ -122.064889061301713, 36.948321792580572 ], [ -122.064880687869859, 36.948330763691715 ], [ -122.064876417645081, 36.948335336882344 ], [ -122.064799184758016, 36.948418062971172 ], [ -122.064799163862133, 36.948418083979085 ], [ -122.064798623509759, 36.948418663488532 ], [ -122.064718581873763, 36.948472051051652 ], [ -122.064632876728325, 36.948509543631893 ], [ -122.064561023203424, 36.948540974494492 ], [ -122.064360729752551, 36.948605857024596 ], [ -122.064095941609594, 36.948691628937176 ], [ -122.063853298479714, 36.94875174095224 ], [ -122.063768027703929, 36.948790555418526 ], [ -122.063762679863004, 36.94879299007259 ], [ -122.063668722296327, 36.948829082220662 ], [ -122.0636643129437, 36.948830483232655 ], [ -122.063629026910277, 36.948841692373946 ], [ -122.063571879204986, 36.948859845488492 ], [ -122.063234895583165, 36.948892885165577 ], [ -122.062953389564498, 36.948939694771887 ], [ -122.062779456094347, 36.948968616885317 ], [ -122.062760720324917, 36.948971732007053 ], [ -122.062669231275535, 36.948986944779115 ], [ -122.062601465136567, 36.948998212237065 ], [ -122.062600796737556, 36.948998250934615 ], [ -122.062590926648042, 36.948998768928142 ], [ -122.06259065634741, 36.948998783365141 ], [ -122.062589358649845, 36.948998851224154 ], [ -122.06258591302894, 36.948998597306748 ], [ -122.062580884042305, 36.948998226727554 ], [ -122.062578230094999, 36.948998030690205 ], [ -122.062577865744828, 36.948998004031623 ], [ -122.0625772888461, 36.948997961296605 ], [ -122.062574734808393, 36.948997440392226 ], [ -122.062574094315849, 36.948997309291492 ], [ -122.062569772174555, 36.948996427274565 ], [ -122.06256554136921, 36.948995563859576 ], [ -122.062565364776475, 36.948995495032122 ], [ -122.062565320736041, 36.948995483005682 ], [ -122.062565278903179, 36.948995469147242 ], [ -122.062564900143556, 36.948995343550642 ], [ -122.062560875130572, 36.948993955587184 ], [ -122.062559053154558, 36.948993325740133 ], [ -122.062554407252605, 36.948991723503326 ], [ -122.062554240883614, 36.948989015848461 ], [ -122.062536704163648, 36.948981439343093 ], [ -122.062511688960114, 36.948959645821837 ], [ -122.062503614178169, 36.948956111419335 ], [ -122.062478211478606, 36.948944997704047 ], [ -122.062449761715342, 36.948924667773099 ], [ -122.062429253641042, 36.948915183595602 ], [ -122.06241801837308, 36.948909988288129 ], [ -122.062409444726043, 36.948907139162117 ], [ -122.062370606123537, 36.948894233667652 ], [ -122.06236813069728, 36.948894037035657 ], [ -122.062328805086722, 36.948890915085819 ], [ -122.062282168542325, 36.948898847780335 ], [ -122.062233928527505, 36.948903862253232 ], [ -122.062231951005415, 36.948904067186781 ], [ -122.062209503965164, 36.948900796536272 ], [ -122.06219004712635, 36.948897963447585 ], [ -122.062143677590925, 36.948914253768081 ], [ -122.062093775202342, 36.948929227900223 ], [ -122.062064246451214, 36.948929841615616 ], [ -122.062050091477232, 36.948921766430026 ], [ -122.062028899842062, 36.948911049498477 ], [ -122.0620151125554, 36.94891412073212 ], [ -122.062013854561087, 36.948929486687653 ], [ -122.062020651032611, 36.948946871546738 ], [ -122.062021424320307, 36.948948852820848 ], [ -122.062007857055093, 36.948958886418474 ], [ -122.061966006919718, 36.9489541796273 ], [ -122.06194540745156, 36.94896157050816 ], [ -122.061939073758481, 36.94898123105142 ], [ -122.061946416845231, 36.948990832206334 ], [ -122.061959018525201, 36.949007309299333 ], [ -122.061980521907756, 36.949027778371608 ], [ -122.061972290939124, 36.949041892264937 ], [ -122.061951647925468, 36.949047892289599 ], [ -122.061936992583085, 36.949042914881929 ], [ -122.061912993058442, 36.949034750772462 ], [ -122.061875684486807, 36.949009029492686 ], [ -122.06184500805243, 36.948973407179501 ], [ -122.061815045732729, 36.948960083397871 ], [ -122.061784032085043, 36.948967692158995 ], [ -122.061750234300561, 36.948997678753898 ], [ -122.061737374318454, 36.949030010950402 ], [ -122.0617469930867, 36.949059092440073 ], [ -122.061747209151463, 36.949061707508427 ], [ -122.061747768583459, 36.949068577911639 ], [ -122.061749842232643, 36.949093892553243 ], [ -122.061757638737689, 36.949120223681859 ], [ -122.06175589262098, 36.949121945818305 ], [ -122.061737437003643, 36.949140157393977 ], [ -122.061683250773328, 36.949130128384539 ], [ -122.061657875978824, 36.949097187249023 ], [ -122.061623323741145, 36.949049096532839 ], [ -122.061587887854387, 36.949027519894216 ], [ -122.061558295378973, 36.949025340639494 ], [ -122.061546710144569, 36.949043706191013 ], [ -122.061551030727969, 36.949070111823765 ], [ -122.061585492343582, 36.949115411882161 ], [ -122.061614519550744, 36.949153855455009 ], [ -122.061614842591695, 36.949156647526735 ], [ -122.061616930691429, 36.949174720899691 ], [ -122.061596288735373, 36.949180720846442 ], [ -122.061568092766024, 36.94916875577082 ], [ -122.06156278311137, 36.949161366819396 ], [ -122.061533539486575, 36.949120667745611 ], [ -122.061489024457643, 36.949086725761248 ], [ -122.061439604584066, 36.949062649009463 ], [ -122.061408041209944, 36.949053540712818 ], [ -122.06140607529241, 36.949051873701343 ], [ -122.061391967906417, 36.94903992808117 ], [ -122.061381994039237, 36.94899969997136 ], [ -122.061358574644061, 36.948973690689009 ], [ -122.061311697663811, 36.948974655494183 ], [ -122.061272447195236, 36.948996375337671 ], [ -122.061219821738533, 36.949035116642598 ], [ -122.061198591871602, 36.949077382944303 ], [ -122.06118604339693, 36.949119473516923 ], [ -122.061159337722501, 36.94915348792356 ], [ -122.061125416642597, 36.949179287244505 ], [ -122.061032393055442, 36.949203512265058 ], [ -122.060994733476448, 36.949221020170377 ], [ -122.060971441096683, 36.949253576665512 ], [ -122.060936364464311, 36.949297526084266 ], [ -122.060895725990903, 36.949330433751946 ], [ -122.060821253298869, 36.949391926858681 ], [ -122.060808254413615, 36.949420082881666 ], [ -122.060812444068247, 36.949442306959696 ], [ -122.060825492667945, 36.949469924130824 ], [ -122.060823918178102, 36.949486984042458 ], [ -122.060822913660218, 36.949497864061023 ], [ -122.060799140700482, 36.949515083261993 ], [ -122.060762832009331, 36.949520017601408 ], [ -122.06075967374737, 36.949519274040604 ], [ -122.06070329367644, 36.949505909792641 ], [ -122.060673879747554, 36.949509304495976 ], [ -122.060646328669762, 36.94952032176996 ], [ -122.060622423476048, 36.949529882574154 ], [ -122.060595792309371, 36.949566691347002 ], [ -122.060584912266194, 36.949609986040556 ], [ -122.06058346449251, 36.949615746911988 ], [ -122.060582936626787, 36.949653404869174 ], [ -122.060580561995422, 36.949658546411165 ], [ -122.060563440319655, 36.949695637933118 ], [ -122.060531257299019, 36.949721400294621 ], [ -122.060469394426633, 36.949742195994581 ], [ -122.060437355866526, 36.94976172735857 ], [ -122.060426792436004, 36.949768168968546 ], [ -122.060387219779912, 36.949780141923476 ], [ -122.060323159325634, 36.949787042641951 ], [ -122.060278979590407, 36.949786041476742 ], [ -122.060258815162868, 36.949785584062305 ], [ -122.060232536254532, 36.949779150657861 ], [ -122.060201034307184, 36.949771438958322 ], [ -122.060159674094379, 36.949756387387652 ], [ -122.060143024559935, 36.949750327973263 ], [ -122.060120108267441, 36.949740636799191 ], [ -122.060098998819683, 36.94973171178863 ], [ -122.060080208813901, 36.949726229832592 ], [ -122.060049893836023, 36.949717387436053 ], [ -122.060011564971347, 36.949713994523449 ], [ -122.059984111583319, 36.949724317315322 ], [ -122.059964066713789, 36.949749833298718 ], [ -122.059966517551956, 36.949772090582556 ], [ -122.059989936714089, 36.949798100146019 ], [ -122.059990100304162, 36.949798245752611 ], [ -122.06000102402227, 36.949807958630537 ], [ -122.060022126704879, 36.949826720257043 ], [ -122.060022750861052, 36.949846228113401 ], [ -122.060010916066418, 36.949856224774834 ], [ -122.059974269904629, 36.949851408882338 ], [ -122.059953419338513, 36.949843271627692 ], [ -122.059926768302219, 36.949832868877955 ], [ -122.059857599941523, 36.94980868168124 ], [ -122.059847700977471, 36.94980522016477 ], [ -122.05983134828692, 36.949810749664387 ], [ -122.059808186229006, 36.949818580883388 ], [ -122.059771006155643, 36.949851420253495 ], [ -122.059752743555904, 36.94986225086879 ], [ -122.059736922293752, 36.949871635753048 ], [ -122.059668007924344, 36.949889794745729 ], [ -122.059603859098857, 36.949893907060975 ], [ -122.059532132107392, 36.949879790468742 ], [ -122.059526918796095, 36.949878764352874 ], [ -122.059483533023112, 36.949863764870472 ], [ -122.059458406487778, 36.94985507461481 ], [ -122.059406898761651, 36.949840213477515 ], [ -122.059332150439928, 36.949818640160714 ], [ -122.059218452549629, 36.949794493897883 ], [ -122.059034547651706, 36.94974808696346 ], [ -122.058971869566207, 36.949743801789197 ], [ -122.058903754942207, 36.949732657306235 ], [ -122.058830790861052, 36.94973276771622 ], [ -122.058780041327665, 36.949721263920551 ], [ -122.058656285374326, 36.949708477728102 ], [ -122.058586658843808, 36.949704335704446 ], [ -122.058497667649704, 36.949692227317158 ], [ -122.058424616580822, 36.94968955034998 ], [ -122.058349691982599, 36.9496827294669 ], [ -122.058257093248542, 36.949666511017682 ], [ -122.058176515794827, 36.949645862895011 ], [ -122.058088816987052, 36.949619783779319 ], [ -122.058024312383608, 36.949612745936221 ], [ -122.057955978270556, 36.94959463402224 ], [ -122.057859727546031, 36.949572912721258 ], [ -122.057784671507889, 36.949561911705899 ], [ -122.057732410188052, 36.949557410087571 ], [ -122.057673290790305, 36.949555840625827 ], [ -122.057622717791645, 36.949549910543837 ], [ -122.057556121215967, 36.949531761666826 ], [ -122.057503459542687, 36.949514720712003 ], [ -122.057464546431135, 36.949493213615639 ], [ -122.057451637349786, 36.94946977394622 ], [ -122.057469897593833, 36.94944289981801 ], [ -122.057504073315926, 36.949425470243682 ], [ -122.057545757379714, 36.94942460788787 ], [ -122.057580167250961, 36.949414138668061 ], [ -122.057635231664804, 36.94939766372449 ], [ -122.057672657857168, 36.949373192923765 ], [ -122.057702614609383, 36.949332139052331 ], [ -122.057736192299998, 36.949295192187762 ], [ -122.057792937166624, 36.949277295166105 ], [ -122.057821737620145, 36.949254391385359 ], [ -122.057839765669854, 36.949220554090751 ], [ -122.057855876724858, 36.949181180254762 ], [ -122.05785093390358, 36.949135269320799 ], [ -122.057827115248926, 36.949096720096414 ], [ -122.057826509635817, 36.949095834206567 ], [ -122.057797951622419, 36.949054094099807 ], [ -122.057774313740083, 36.949021118120811 ], [ -122.05774599806017, 36.949004972201926 ], [ -122.057712790268255, 36.948998680377485 ], [ -122.05770233676617, 36.949001008134076 ], [ -122.057678308144574, 36.949006359614913 ], [ -122.057651182607586, 36.949027836927534 ], [ -122.057640363913464, 36.949069890464159 ], [ -122.057632889534673, 36.949107693460498 ], [ -122.057618778966827, 36.949155390976614 ], [ -122.057580051641054, 36.949193836793675 ], [ -122.057534691499001, 36.949242179771119 ], [ -122.057479994036285, 36.949269793897479 ], [ -122.057443303358838, 36.949278836329633 ], [ -122.05740587526688, 36.949288055320707 ], [ -122.057311933121909, 36.949301128371943 ], [ -122.057288262560746, 36.949304422074555 ], [ -122.057223744926333, 36.94929738847339 ], [ -122.057141699511504, 36.949285134922881 ], [ -122.057068021012526, 36.949262949294862 ], [ -122.057011969556783, 36.949248766010527 ], [ -122.05696229120089, 36.949216325072697 ], [ -122.056914437251919, 36.949186635420645 ], [ -122.056877037735632, 36.949158125492104 ], [ -122.05685353177978, 36.949129329096415 ], [ -122.056849347803961, 36.949107104816768 ], [ -122.056865861878009, 36.94908027032379 ], [ -122.05688544819543, 36.949040824989154 ], [ -122.056884598515566, 36.949014352129687 ], [ -122.056881425938741, 36.949015840005131 ], [ -122.05688078383416, 36.949011947322909 ], [ -122.056878655859393, 36.948998774189427 ], [ -122.056798310878449, 36.949017347271166 ], [ -122.056787062620828, 36.949026240821752 ], [ -122.056761495292847, 36.94904647149783 ], [ -122.056752609817337, 36.949052132465276 ], [ -122.056751247856624, 36.949053000473832 ], [ -122.056743374163716, 36.949058017097094 ], [ -122.056730208864053, 36.94906640543725 ], [ -122.056728621945439, 36.949067417035025 ], [ -122.056721018632473, 36.949072260622692 ], [ -122.056713913987238, 36.949075864722218 ], [ -122.056694510100073, 36.949085707968429 ], [ -122.056694478949723, 36.949085721902229 ], [ -122.056682036377069, 36.949092034155811 ], [ -122.056681999707536, 36.949092052669236 ], [ -122.056678065140645, 36.949094048170394 ], [ -122.056677330683399, 36.949094421156644 ], [ -122.05667106704793, 36.949096888436912 ], [ -122.05667027629886, 36.949097199992501 ], [ -122.056631026150342, 36.949112663083142 ], [ -122.05663095039813, 36.949112692031477 ], [ -122.056618330808675, 36.949119131907125 ], [ -122.056614277623268, 36.949121201085035 ], [ -122.056614245406394, 36.949121217736618 ], [ -122.056582697609386, 36.949137320556993 ], [ -122.056572916308568, 36.94914104149057 ], [ -122.056572861734722, 36.949141062946538 ], [ -122.056542476227861, 36.949152623555491 ], [ -122.056541195080854, 36.949153111081159 ], [ -122.056531038363374, 36.949156975806567 ], [ -122.056521552048054, 36.949159489707405 ], [ -122.056479878134496, 36.949170533220375 ], [ -122.056479827845337, 36.949170544706014 ], [ -122.056476751369345, 36.949171360801117 ], [ -122.056466469728747, 36.949172990432231 ], [ -122.05646632651343, 36.949173014873899 ], [ -122.056420679824512, 36.949180256105812 ], [ -122.056410633628261, 36.949195956490179 ], [ -122.056410619520975, 36.94919598010943 ], [ -122.056408586807791, 36.949199157808856 ], [ -122.056404578071536, 36.949205431343671 ], [ -122.056402183701749, 36.949208170484809 ], [ -122.056402065270433, 36.949208307244433 ], [ -122.0563896646525, 36.94922249801995 ], [ -122.056386944567336, 36.949225611898342 ], [ -122.056384337431453, 36.949228595398594 ], [ -122.056377780530042, 36.94923425048578 ], [ -122.056365371653811, 36.949244954660514 ], [ -122.056364212293687, 36.949245955138593 ], [ -122.056360323843009, 36.949249309910584 ], [ -122.056356666952837, 36.94925170182286 ], [ -122.056349724267946, 36.949256241877684 ], [ -122.05633300733956, 36.949267174782513 ], [ -122.056285738815916, 36.949288105975079 ], [ -122.056261527090967, 36.949298827099625 ], [ -122.056227054778731, 36.949314091999625 ], [ -122.056194247512906, 36.9493110359806 ], [ -122.056055653625506, 36.949361884434573 ], [ -122.056053227503327, 36.949363146038827 ], [ -122.056052391093772, 36.94936358436631 ], [ -122.056049957263212, 36.94936485328293 ], [ -122.056048982826923, 36.949365566513407 ], [ -122.056048956259758, 36.949365584891808 ], [ -122.056047434295991, 36.949366697447793 ], [ -122.056046871314507, 36.949367109596245 ], [ -122.056044947867761, 36.949368516792767 ], [ -122.056044328694014, 36.949369143273451 ], [ -122.056043927317987, 36.949369551462702 ], [ -122.056042386586611, 36.949371113062227 ], [ -122.056042194121531, 36.949371307584556 ], [ -122.056040741362409, 36.949372779693284 ], [ -122.056040035997881, 36.949373798441137 ], [ -122.05603975692047, 36.949374202294564 ], [ -122.05603855226255, 36.949375943251731 ], [ -122.056038462941132, 36.949376076017735 ], [ -122.056037448956374, 36.949377535962107 ], [ -122.056036767533527, 36.949379059958602 ], [ -122.056036638804215, 36.949379350057768 ], [ -122.05603579420594, 36.949381235807259 ], [ -122.056035771715656, 36.949381288376486 ], [ -122.056035160027349, 36.949382655536219 ], [ -122.056034704863535, 36.949384640626377 ], [ -122.056034645189158, 36.94938490366944 ], [ -122.056034216653643, 36.949386764941039 ], [ -122.056033934673962, 36.949388004237314 ], [ -122.056033874560526, 36.949390413923204 ], [ -122.056033867532577, 36.949390670856481 ], [ -122.05603386719396, 36.949390708711 ], [ -122.056033823989154, 36.949392417044656 ], [ -122.056033821008441, 36.949392544152367 ], [ -122.056033799226114, 36.949393443831731 ], [ -122.056034303122317, 36.949396249723939 ], [ -122.056034354033471, 36.949396539227976 ], [ -122.056034365573439, 36.949396608465698 ], [ -122.056034619363999, 36.949398019047329 ], [ -122.056034648504493, 36.949398179070407 ], [ -122.056034764130459, 36.949398828187213 ], [ -122.056036388088117, 36.949402963707961 ], [ -122.056036613275708, 36.949403535662505 ], [ -122.056036664455874, 36.949403675565243 ], [ -122.056036801761181, 36.949404016185319 ], [ -122.056051642967375, 36.949476186456778 ], [ -122.056058721412626, 36.949510605801017 ], [ -122.05604438559574, 36.949520222687077 ], [ -122.056040313557816, 36.949522955372849 ], [ -122.05603834270039, 36.949524729986777 ], [ -122.056038249021938, 36.949524815047788 ], [ -122.056028957926642, 36.94953317773588 ], [ -122.05602724280871, 36.949534722737539 ], [ -122.056024348225534, 36.949537327960712 ], [ -122.056022287193414, 36.949539844556881 ], [ -122.056021557830007, 36.949540734754578 ], [ -122.05601410527413, 36.949549824497645 ], [ -122.056014015672474, 36.949549943749531 ], [ -122.056011166003699, 36.949553416219899 ], [ -122.056010389846634, 36.949554757637571 ], [ -122.05601024890241, 36.949555000136598 ], [ -122.056001233819089, 36.949570561457655 ], [ -122.056001050608359, 36.949570877517196 ], [ -122.055987037346711, 36.949572380273089 ], [ -122.055986687791588, 36.949572417381042 ], [ -122.055985666048116, 36.949572527444296 ], [ -122.055983051552147, 36.949573151715306 ], [ -122.055972101935083, 36.949575765305241 ], [ -122.055971867287866, 36.949575820705803 ], [ -122.055970888549609, 36.949576055460582 ], [ -122.055970791338112, 36.949576078386492 ], [ -122.055969315287797, 36.949576643305718 ], [ -122.055961633203069, 36.949579586380842 ], [ -122.055956782882106, 36.949581444480557 ], [ -122.055956043531793, 36.949581852673909 ], [ -122.055956006861834, 36.949581871187092 ], [ -122.055951952577431, 36.949584106175337 ], [ -122.055946673719376, 36.949587012671593 ], [ -122.055943987133546, 36.949588493134108 ], [ -122.055942584359059, 36.949589559939717 ], [ -122.055942453898453, 36.949589658108181 ], [ -122.055938181364297, 36.949592902638891 ], [ -122.0559346505826, 36.94959558393932 ], [ -122.055932713841642, 36.949597054394744 ], [ -122.05593123439408, 36.949598593546312 ], [ -122.055930899154433, 36.949598942275124 ], [ -122.055923601974953, 36.94960653576404 ], [ -122.055923235995152, 36.949606918247085 ], [ -122.055868855478863, 36.949614641696002 ], [ -122.055868579868843, 36.949614508392877 ], [ -122.055868422158369, 36.94961442939028 ], [ -122.055845674401525, 36.949602979614987 ], [ -122.055831521698721, 36.949595854407583 ], [ -122.055825302909895, 36.949591709004558 ], [ -122.055824581077488, 36.949591228388968 ], [ -122.055812850517441, 36.949583407581031 ], [ -122.055800417490573, 36.949575119415698 ], [ -122.055797632589162, 36.949573263175175 ], [ -122.055794593308349, 36.949570618182136 ], [ -122.055787343822033, 36.949564307450949 ], [ -122.05577403744195, 36.949552722664642 ], [ -122.055770057082711, 36.949549257528048 ], [ -122.055767771318983, 36.949547267558529 ], [ -122.055747671433537, 36.949524281432431 ], [ -122.055747646140816, 36.949524252931823 ], [ -122.055746230388195, 36.949522633457839 ], [ -122.055742879036814, 36.949518799450736 ], [ -122.055742463878047, 36.949518325556866 ], [ -122.05567081236218, 36.949330807439623 ], [ -122.055617598886471, 36.949259558256152 ], [ -122.055600577522441, 36.949236769847062 ], [ -122.055577384968771, 36.949227852895916 ], [ -122.05532433133169, 36.949231228912566 ], [ -122.055286829520341, 36.949241344888669 ], [ -122.055286264530068, 36.949241497517193 ], [ -122.055275232654225, 36.949244475319226 ], [ -122.055263809173837, 36.949248658730284 ], [ -122.055262637970756, 36.949249088000165 ], [ -122.055260233132728, 36.949249968100112 ], [ -122.05525881452165, 36.949250487184599 ], [ -122.055258162643355, 36.949250727486344 ], [ -122.055239448892692, 36.949257580141833 ], [ -122.055230918328121, 36.949260703910838 ], [ -122.055228120132099, 36.949261728941778 ], [ -122.05518348285085, 36.949282804822943 ], [ -122.055176894022267, 36.949286705648547 ], [ -122.055174865243885, 36.949287906961651 ], [ -122.055142105021275, 36.949307292376595 ], [ -122.055141886552761, 36.949307424160921 ], [ -122.055141806738717, 36.949307473889817 ], [ -122.055051460031876, 36.949333478811333 ], [ -122.055005434571711, 36.94933409627923 ], [ -122.054982670086119, 36.949329854286383 ], [ -122.054959234906278, 36.949325486055443 ], [ -122.054912651063816, 36.949298427251939 ], [ -122.054830412055594, 36.949216490080289 ], [ -122.054822910405079, 36.949213016898838 ], [ -122.054714237603321, 36.949162682753432 ], [ -122.05467896544252, 36.949126246628204 ], [ -122.054668125517097, 36.949105517791395 ], [ -122.054631047656514, 36.949034624368224 ], [ -122.054607848545331, 36.949025707314206 ], [ -122.054591567281292, 36.949023848062453 ], [ -122.054579466058584, 36.949022465677054 ], [ -122.054573001252479, 36.949021726385702 ], [ -122.054570932532542, 36.949021757573945 ], [ -122.054570788850612, 36.949021759489739 ], [ -122.054542076211391, 36.949022204511159 ], [ -122.054541527339026, 36.949022213631828 ], [ -122.05453780973815, 36.949022271310575 ], [ -122.054536048852256, 36.949022528197418 ], [ -122.054535611161114, 36.94902259261066 ], [ -122.054508956172782, 36.949026486081436 ], [ -122.054508661753204, 36.949026528758168 ], [ -122.054503182091722, 36.949027329079669 ], [ -122.054499356733828, 36.949028419156129 ], [ -122.054499174789512, 36.949028471147479 ], [ -122.054470021696673, 36.949036767790496 ], [ -122.054159447689599, 36.949040911781019 ], [ -122.054079118278523, 36.949051208038917 ], [ -122.05394184811631, 36.949089939639727 ], [ -122.05393653228117, 36.949092146312019 ], [ -122.053936210576921, 36.949092281272364 ], [ -122.053935767487843, 36.949092464712479 ], [ -122.053933428621775, 36.949093874706953 ], [ -122.053932348470084, 36.949094526245162 ], [ -122.053931198420059, 36.949095218367326 ], [ -122.053930575190037, 36.949095595260815 ], [ -122.05393030349164, 36.949095759293947 ], [ -122.053928131717043, 36.94909759332451 ], [ -122.053926263414908, 36.949099170976893 ], [ -122.053925980916006, 36.949099409952815 ], [ -122.053925752469652, 36.949099602247593 ], [ -122.053925595775226, 36.949099735008694 ], [ -122.053923438069759, 36.949102303322064 ], [ -122.053922143880527, 36.949103843583231 ], [ -122.053921774558617, 36.949104281978293 ], [ -122.05392173126107, 36.949104360057767 ], [ -122.053918946153559, 36.949109274421694 ], [ -122.053918855395636, 36.94910955500044 ], [ -122.05391882884264, 36.94910962835079 ], [ -122.053918625939005, 36.949110241161165 ], [ -122.053918521333983, 36.94911055797207 ], [ -122.05391718742554, 36.949114574333443 ], [ -122.053917156142361, 36.949114853218305 ], [ -122.053917137009975, 36.949115013885226 ], [ -122.053917001905077, 36.949116135865943 ], [ -122.053916981180109, 36.949116328095798 ], [ -122.053916934434497, 36.949116727946254 ], [ -122.053916548094691, 36.949120034156891 ], [ -122.053916591780009, 36.949120517514046 ], [ -122.053916603295249, 36.949120639922462 ], [ -122.053916744650707, 36.949122207912723 ], [ -122.053916804262585, 36.949122864086178 ], [ -122.053917044149699, 36.949125504081245 ], [ -122.053917268260093, 36.949126241873074 ], [ -122.053917791128356, 36.949127960684464 ], [ -122.053917968273083, 36.949128544998608 ], [ -122.053918663460564, 36.949130831967025 ], [ -122.053919115414942, 36.949131673963826 ], [ -122.053919138871862, 36.949131722315478 ], [ -122.053920827719196, 36.949134875602525 ], [ -122.053921360314789, 36.949135870628133 ], [ -122.05386462034221, 36.949173525196208 ], [ -122.053797504000741, 36.949266688978994 ], [ -122.053741137757555, 36.949322796691845 ], [ -122.053736713619429, 36.94932631532069 ], [ -122.053712226767828, 36.949345791039924 ], [ -122.053707634762446, 36.94934944528088 ], [ -122.053705166156405, 36.949350880430529 ], [ -122.053704930940597, 36.94935101694125 ], [ -122.053675177835203, 36.949368313459146 ], [ -122.053674809482473, 36.94936852744403 ], [ -122.053669434034845, 36.94937165321145 ], [ -122.05366506407627, 36.949373448940186 ], [ -122.053664596419821, 36.949373639014958 ], [ -122.053627453204243, 36.949388890967668 ], [ -122.053624045738431, 36.949389395079656 ], [ -122.053558627013032, 36.949399037180058 ], [ -122.053455087999808, 36.949400418578108 ], [ -122.053380179227631, 36.949384714869801 ], [ -122.053291709594447, 36.949366164680747 ], [ -122.053084660755886, 36.949368922918282 ], [ -122.053016417754918, 36.949406732097486 ], [ -122.053014722306912, 36.949417322041661 ], [ -122.053014696381524, 36.949417480095363 ], [ -122.053014392328848, 36.949419391965826 ], [ -122.053014265939865, 36.949419741508876 ], [ -122.053012332455921, 36.949425064461316 ], [ -122.053010379809606, 36.949430438135657 ], [ -122.053010348970389, 36.949430521455966 ], [ -122.053009944278642, 36.949431638915691 ], [ -122.05300808636089, 36.949434806114873 ], [ -122.053005839038661, 36.94943863546883 ], [ -122.053003665439576, 36.949442337674078 ], [ -122.053003388883937, 36.949442809976929 ], [ -122.053003171961834, 36.949443179650899 ], [ -122.053002511065529, 36.94944396167557 ], [ -122.052995483171827, 36.949452265133424 ], [ -122.052994242470746, 36.949453732576359 ], [ -122.052994074772243, 36.949453876297014 ], [ -122.052993998622355, 36.949453940394655 ], [ -122.05299104398253, 36.949456469739978 ], [ -122.052985500989578, 36.949461214442998 ], [ -122.052983370509693, 36.949463037992373 ], [ -122.052982390570364, 36.949463649435593 ], [ -122.052982025862136, 36.949463876887542 ], [ -122.052977347912432, 36.949466797773674 ], [ -122.052972969242873, 36.949469530830413 ], [ -122.052970825372498, 36.949470869717359 ], [ -122.052969007323313, 36.949471675265592 ], [ -122.052968845992098, 36.949471746806182 ], [ -122.052962811066863, 36.949474421717497 ], [ -122.052962005514573, 36.949474778504381 ], [ -122.052956910755526, 36.949477036258067 ], [ -122.052956800259238, 36.949477068370314 ], [ -122.052953794558263, 36.949477942907698 ], [ -122.052942134561405, 36.949481338895353 ], [ -122.052941982755328, 36.949481382372127 ], [ -122.052942350800393, 36.949499833852485 ], [ -122.052908175036592, 36.949564395242895 ], [ -122.052938184804376, 36.949628737061566 ], [ -122.05294084950286, 36.949634449362556 ], [ -122.052948748899752, 36.949638480610879 ], [ -122.053030611658187, 36.949680254433773 ], [ -122.052989144423549, 36.949757696361061 ], [ -122.052966342298376, 36.949767219260472 ], [ -122.052874305348425, 36.94976844963486 ], [ -122.052794477504179, 36.949744071317284 ], [ -122.052758517386579, 36.949733090697961 ], [ -122.05259768281833, 36.949744456254741 ], [ -122.052539769833743, 36.949726777367928 ], [ -122.05253274916744, 36.94972109422411 ], [ -122.052514185666126, 36.949706063531536 ], [ -122.052512538993383, 36.949704730968989 ], [ -122.052511322973842, 36.949704025307703 ], [ -122.052511132061639, 36.949703915201063 ], [ -122.052495748643707, 36.949694978366303 ], [ -122.052483759909023, 36.949688014092956 ], [ -122.052481205111221, 36.949686530506739 ], [ -122.052478747083782, 36.949685545792626 ], [ -122.052478072267135, 36.949685274507935 ], [ -122.052446602361243, 36.949672660525273 ], [ -122.052415384175987, 36.949618227944413 ], [ -122.052381263567028, 36.949585581529405 ], [ -122.052320696028161, 36.949527630335261 ], [ -122.052320666302563, 36.94952760459649 ], [ -122.052318474235207, 36.949522483478674 ], [ -122.052318143728399, 36.949521703843388 ], [ -122.052311260533443, 36.949505611909146 ], [ -122.052296061731269, 36.949470074856102 ], [ -122.052295305455715, 36.949468306876355 ], [ -122.05228892659774, 36.949456460943949 ], [ -122.052288852769252, 36.949456311428122 ], [ -122.052283142796156, 36.949445699331569 ], [ -122.052282989731296, 36.949445410284952 ], [ -122.052273891132231, 36.949428499824208 ], [ -122.052273709147912, 36.949428169707829 ], [ -122.052266346645368, 36.949414474109751 ], [ -122.052266331512584, 36.949414448176704 ], [ -122.052264341759539, 36.949410749146516 ], [ -122.05225898782254, 36.949402586250251 ], [ -122.052258964645915, 36.949402551412447 ], [ -122.052258929834466, 36.949402496903232 ], [ -122.052256729370143, 36.949399142229481 ], [ -122.052246677720674, 36.949383817933921 ], [ -122.052245918337746, 36.949382660101264 ], [ -122.052245817401285, 36.949382502835562 ], [ -122.052231876137384, 36.949361250023784 ], [ -122.052231858778242, 36.949361225021548 ], [ -122.052227956309551, 36.949355272345045 ], [ -122.052203687591089, 36.949324309715841 ], [ -122.052203659924459, 36.949324274937766 ], [ -122.052188612463482, 36.94930507534103 ], [ -122.05218858017642, 36.949305034316104 ], [ -122.052186439730093, 36.949302301564586 ], [ -122.05218636249171, 36.949302204363129 ], [ -122.0521861506123, 36.949302057586316 ], [ -122.052185454605308, 36.949301575703537 ], [ -122.052169667511492, 36.949290648966219 ], [ -122.052169331452873, 36.94929041552588 ], [ -122.052167000816908, 36.949288802782164 ], [ -122.05216525572591, 36.9492879230216 ], [ -122.052164885855973, 36.949287737794485 ], [ -122.052156254687816, 36.949283391807597 ], [ -122.052147643949411, 36.949279056362407 ], [ -122.052145342903657, 36.949277897424324 ], [ -122.052143268749987, 36.949277177048934 ], [ -122.052141071292212, 36.949276412354308 ], [ -122.052131811012075, 36.949273191315726 ], [ -122.052129910992676, 36.949272529902892 ], [ -122.052121882334191, 36.949269737655548 ], [ -122.052118417850963, 36.949269004246837 ], [ -122.052116567214284, 36.949268613434668 ], [ -122.052097159636304, 36.949264508232517 ], [ -122.052089413997138, 36.949263838123443 ], [ -122.052084850517502, 36.949263442871263 ], [ -122.052082206020629, 36.949263214026622 ], [ -122.0520800138477, 36.949263302687804 ], [ -122.052079979049623, 36.949263303151042 ], [ -122.05207325104665, 36.949263573854587 ], [ -122.052068537970342, 36.949263763663382 ], [ -122.052068483004149, 36.949263766197518 ], [ -122.052067183834879, 36.949263817737389 ], [ -122.052066825801774, 36.949263879278554 ], [ -122.052064105690448, 36.949264338147117 ], [ -122.052057421266866, 36.949265468005279 ], [ -122.052055090563158, 36.949265862211263 ], [ -122.052052465586499, 36.949266306295307 ], [ -122.052049042439037, 36.94926735579012 ], [ -122.052048591696845, 36.949267495166524 ], [ -122.052042286565154, 36.949269429243635 ], [ -122.052041597037515, 36.949269641190376 ], [ -122.052038417128017, 36.949270616252882 ], [ -122.052035130580521, 36.949272136152658 ], [ -122.052033898260817, 36.94927270588795 ], [ -122.052028237103954, 36.949275320802492 ], [ -122.052028195980355, 36.949275341176126 ], [ -122.052028133715069, 36.949275370843026 ], [ -122.052025384354238, 36.949276642072633 ], [ -122.052021405648063, 36.949279224677426 ], [ -122.052020367494407, 36.949279899069509 ], [ -122.052015527891314, 36.949283040156637 ], [ -122.052014844252042, 36.94928348272957 ], [ -122.05201368865653, 36.949284233483787 ], [ -122.052009696417983, 36.949287791356312 ], [ -122.052008309459609, 36.9492890282283 ], [ -122.05200389144963, 36.949292955849202 ], [ -122.052003775819159, 36.949293065531279 ], [ -122.052003622581609, 36.949293202749658 ], [ -122.051937758768432, 36.949418733034157 ], [ -122.051795603077323, 36.949509822292477 ], [ -122.051676828379641, 36.9495994728168 ], [ -122.051609594444457, 36.94961942686637 ], [ -122.051571945373951, 36.949630599793515 ], [ -122.051454636413411, 36.949613864888512 ], [ -122.051453569675473, 36.9496130472847 ], [ -122.051423689569035, 36.949590197782577 ], [ -122.051418905965605, 36.949586539519494 ], [ -122.051418101372064, 36.949585747265203 ], [ -122.051413398883241, 36.949581123648919 ], [ -122.051410475139519, 36.94957824810394 ], [ -122.051409671705855, 36.949577457636551 ], [ -122.051399598472301, 36.949567549710743 ], [ -122.051393394568649, 36.949561449194825 ], [ -122.051387701807514, 36.949555850148556 ], [ -122.051386205864574, 36.949553931593577 ], [ -122.051378926978757, 36.949544602898094 ], [ -122.051372725339306, 36.949536654910879 ], [ -122.05137101371632, 36.949534459856515 ], [ -122.051364610221611, 36.949526252308431 ], [ -122.051364427950034, 36.949526016819497 ], [ -122.051361509917982, 36.949522276054651 ], [ -122.05135953151381, 36.949518852622759 ], [ -122.051354520952316, 36.949510185857761 ], [ -122.051340739768335, 36.949486343494947 ], [ -122.051338763275396, 36.949481381705482 ], [ -122.051338720594217, 36.94948127232815 ], [ -122.051338615200024, 36.949481007879392 ], [ -122.05132614608533, 36.94944969250961 ], [ -122.051325716167113, 36.949448611394445 ], [ -122.051324968192631, 36.94944795086117 ], [ -122.051324415760945, 36.949447461655815 ], [ -122.051313110299873, 36.949437474592429 ], [ -122.051311737835334, 36.949436260926781 ], [ -122.051309724565925, 36.949435008925384 ], [ -122.051309199094277, 36.949434683377902 ], [ -122.051304206899417, 36.949431580315384 ], [ -122.051295571481191, 36.949426211470751 ], [ -122.051295303049045, 36.949426044717391 ], [ -122.051294341375311, 36.949425638459381 ], [ -122.051280449722398, 36.94941976729411 ], [ -122.051278114074293, 36.949418780926791 ], [ -122.051277787847994, 36.949418642879216 ], [ -122.051276908844159, 36.949418270667572 ], [ -122.051275689691792, 36.949417956151898 ], [ -122.051257876732265, 36.949413370887392 ], [ -122.05125711366523, 36.949413175568694 ], [ -122.051254676106325, 36.949412908805499 ], [ -122.05124909306187, 36.949412294578849 ], [ -122.051236516918692, 36.94941091365925 ], [ -122.051196673131656, 36.94941487370123 ], [ -122.05108911442052, 36.949455185627784 ], [ -122.051050603033232, 36.949455702469521 ], [ -122.050888119962934, 36.949416688539799 ], [ -122.050843750533616, 36.94941724718899 ], [ -122.050796471565405, 36.949417846323897 ], [ -122.050772976932777, 36.949418146210498 ], [ -122.05061290105202, 36.949466401779645 ], [ -122.050543135987979, 36.949510987761705 ], [ -122.050518305447142, 36.949516414209825 ], [ -122.05046147248855, 36.94952882779895 ], [ -122.049999060372073, 36.949424262251064 ], [ -122.049743905541135, 36.949326166562734 ], [ -122.049743620795539, 36.949326025256028 ], [ -122.049738826273909, 36.949323628736572 ], [ -122.049737262895832, 36.949322847457985 ], [ -122.04973393988034, 36.949321187477373 ], [ -122.049732690952354, 36.949320300184581 ], [ -122.049729170914929, 36.949317798407641 ], [ -122.049727991483266, 36.949316959756494 ], [ -122.049725150618244, 36.949314941001582 ], [ -122.049724304612269, 36.949314099720937 ], [ -122.04972394120729, 36.949313737766964 ], [ -122.049720935423039, 36.949310746116431 ], [ -122.049720276217428, 36.949310087997915 ], [ -122.049717782851928, 36.949307605918143 ], [ -122.049717068953072, 36.949306582643516 ], [ -122.04971670218336, 36.949306057618863 ], [ -122.049714348782402, 36.949302686006476 ], [ -122.049713376902645, 36.949301294870502 ], [ -122.049712045174331, 36.949299387629786 ], [ -122.049711270417518, 36.949297646014315 ], [ -122.049711212792886, 36.949297519712481 ], [ -122.049709567763699, 36.949293815157205 ], [ -122.049708869558671, 36.949292246453879 ], [ -122.049708097232994, 36.949290513818049 ], [ -122.04970768086045, 36.949288618742635 ], [ -122.049707616559246, 36.949288332117703 ], [ -122.049706758270744, 36.949284446780226 ], [ -122.049706579841342, 36.949283635377334 ], [ -122.04970604976819, 36.949281236245568 ], [ -122.04970603003828, 36.949279191707681 ], [ -122.04970602690652, 36.949278822261398 ], [ -122.049705989045478, 36.949274810666651 ], [ -122.049705983246724, 36.949274094297671 ], [ -122.049705960909961, 36.949271814583824 ], [ -122.049706351970713, 36.949269870926152 ], [ -122.049706485487349, 36.949269213085117 ], [ -122.049707738232385, 36.949262993542931 ], [ -122.049707835000561, 36.949262513724833 ], [ -122.049655200307086, 36.949222628232476 ], [ -122.049656634673582, 36.949215742099902 ], [ -122.049684479383032, 36.949082024717619 ], [ -122.049793464893654, 36.94890434745804 ], [ -122.049793560328553, 36.948904183975245 ], [ -122.049795429805471, 36.948900972517073 ], [ -122.049795464536061, 36.948900914379252 ], [ -122.049796880734391, 36.948898481266141 ], [ -122.049797502127774, 36.948897415910288 ], [ -122.049797607890937, 36.948897099989104 ], [ -122.049797770867755, 36.948896618389661 ], [ -122.0497980587905, 36.948895771048498 ], [ -122.049799136069765, 36.948892584539728 ], [ -122.049799549744861, 36.948891356126019 ], [ -122.049799998473702, 36.948890030819015 ], [ -122.04980003743222, 36.948889687848983 ], [ -122.049800106187746, 36.948889102062729 ], [ -122.049800585535849, 36.948884961932279 ], [ -122.049800591322835, 36.948884915894652 ], [ -122.049800692220387, 36.948884037695585 ], [ -122.049800882099888, 36.948882411227153 ], [ -122.049800845106361, 36.948882033219085 ], [ -122.049800780010941, 36.948881381622833 ], [ -122.049800375915297, 36.948877306405983 ], [ -122.049800313399501, 36.948876670996846 ], [ -122.049800125101712, 36.948874782803202 ], [ -122.049799995448566, 36.948874376287534 ], [ -122.049799807036976, 36.948873788512607 ], [ -122.049798537395077, 36.948869829339195 ], [ -122.049798398111207, 36.94886939140995 ], [ -122.049797751228596, 36.94886737143004 ], [ -122.049797509944767, 36.948866942066132 ], [ -122.049797226744573, 36.948866440263046 ], [ -122.049795141453686, 36.948862729845921 ], [ -122.049795002724991, 36.948862482060363 ], [ -122.049793831264083, 36.948860396958246 ], [ -122.049793467607756, 36.948859968319844 ], [ -122.049793122320636, 36.94885955926344 ], [ -122.049790301437071, 36.94885622270499 ], [ -122.049790274950013, 36.948856190614215 ], [ -122.049788477245656, 36.94885406517222 ], [ -122.049787979166666, 36.948853651838441 ], [ -122.04978764673362, 36.948853375987234 ], [ -122.049784147535803, 36.948850468399804 ], [ -122.049784094989278, 36.948850424939955 ], [ -122.049781852455794, 36.948848562249907 ], [ -122.049781219407961, 36.948848192164967 ], [ -122.049781011422553, 36.948848070565369 ], [ -122.04977703452164, 36.948845737077264 ], [ -122.049776780048461, 36.948845593565885 ], [ -122.049774150057104, 36.948844053244898 ], [ -122.049773372309701, 36.94884374456182 ], [ -122.049773187778456, 36.948843671314748 ], [ -122.049768860966424, 36.948841956187941 ], [ -122.049768596141888, 36.948841855170102 ], [ -122.049765598425992, 36.948840668497404 ], [ -122.049764684487144, 36.948840452644752 ], [ -122.049764607728704, 36.948840432937708 ], [ -122.049756452339821, 36.948838511862228 ], [ -122.049694294540529, 36.948866775698114 ], [ -122.049606013439274, 36.948943434554018 ], [ -122.049556606852903, 36.948955889586699 ], [ -122.049556561071441, 36.948955901910651 ], [ -122.049551432848773, 36.948957193883629 ], [ -122.049548063785139, 36.948958525559568 ], [ -122.049519949503804, 36.948969631480992 ], [ -122.049509717516955, 36.948973673223847 ], [ -122.049500104777493, 36.948977470624115 ], [ -122.049494570500642, 36.948980578481766 ], [ -122.049494538282289, 36.948980595131346 ], [ -122.049453459472886, 36.949003655492739 ], [ -122.049453239779766, 36.949003782776607 ], [ -122.049345752417324, 36.949117293097252 ], [ -122.049276192318572, 36.949143312880125 ], [ -122.049266509655908, 36.949146933655513 ], [ -122.04920641288048, 36.949207202635456 ], [ -122.049101529630775, 36.949255922218143 ], [ -122.049078428811498, 36.949253755381733 ], [ -122.049078250070764, 36.94925374513987 ], [ -122.049075170823031, 36.949253450809429 ], [ -122.049073464288838, 36.949253513135496 ], [ -122.049073337518493, 36.949253518424563 ], [ -122.049051636026945, 36.949254305115183 ], [ -122.049051186119726, 36.949254321907055 ], [ -122.049048661640654, 36.949254413123917 ], [ -122.04904655468205, 36.949254768249276 ], [ -122.049046515468262, 36.949254772375042 ], [ -122.049037935435763, 36.949256217427958 ], [ -122.049026658716087, 36.949258114658207 ], [ -122.049022688690201, 36.94925878201537 ], [ -122.049019871553995, 36.949259654846749 ], [ -122.049019659576047, 36.949259720746376 ], [ -122.048997942351605, 36.949266441070385 ], [ -122.048854631485938, 36.949268348578983 ], [ -122.048842195092263, 36.949268513789825 ], [ -122.04875637173879, 36.949269653870914 ], [ -122.0486421167939, 36.949308071660205 ], [ -122.048641938995445, 36.949308270481218 ], [ -122.0486418973057, 36.949308317896858 ], [ -122.0486160874718, 36.949338624379315 ], [ -122.048608228210142, 36.949347853316617 ], [ -122.048605818219258, 36.949351809107633 ], [ -122.048605738913096, 36.949351938129986 ], [ -122.048596104448123, 36.949367755813377 ], [ -122.048588403216627, 36.949380401764593 ], [ -122.048581861825085, 36.949391139811461 ], [ -122.048578476351224, 36.949399628025489 ], [ -122.04857822327989, 36.949400260417349 ], [ -122.048567611879335, 36.949426857589252 ], [ -122.048565212899646, 36.949432872451943 ], [ -122.048563554794612, 36.949437026430367 ], [ -122.048562401728944, 36.949442584964153 ], [ -122.048561037310577, 36.949449165550838 ], [ -122.048553760145126, 36.949484231075481 ], [ -122.048553692671675, 36.949484552795248 ], [ -122.048475268133899, 36.949587079186266 ], [ -122.048407022558862, 36.949624882965466 ], [ -122.048190178200144, 36.949710800922595 ], [ -122.047880552624179, 36.949761044753885 ], [ -122.047636099945962, 36.949845046382258 ], [ -122.047629200672802, 36.949847416170385 ], [ -122.047595070873925, 36.949866320159479 ], [ -122.047529061386655, 36.9498721402516 ], [ -122.047528841904054, 36.949870806700417 ], [ -122.047458481875466, 36.949872888686215 ], [ -122.047427347743039, 36.94988051142542 ], [ -122.047399816148683, 36.949883525422571 ], [ -122.047374445248835, 36.94987952651698 ], [ -122.047357857084876, 36.949848164476563 ], [ -122.047354299475614, 36.949841438349907 ], [ -122.04735191370311, 36.949836927115555 ], [ -122.04734885335067, 36.949832863713247 ], [ -122.047348670923853, 36.949832620109554 ], [ -122.047337369000232, 36.949817603981337 ], [ -122.047327903788329, 36.949805028230266 ], [ -122.04732209813308, 36.949797314494084 ], [ -122.047314406141922, 36.949789765476041 ], [ -122.047311880360994, 36.949787287380545 ], [ -122.047285597787408, 36.949761489061608 ], [ -122.047264056217159, 36.949713363028401 ], [ -122.047233216568713, 36.949644474411215 ], [ -122.047049540187231, 36.949605439906371 ], [ -122.04700676931013, 36.949567337377843 ], [ -122.046942453078628, 36.949478020419562 ], [ -122.046898489676252, 36.949466075383441 ], [ -122.046737968385969, 36.949532896914427 ], [ -122.046639784684473, 36.949489548170199 ], [ -122.046567872560829, 36.949485489680555 ], [ -122.046517087541005, 36.949446092834627 ], [ -122.046513968487574, 36.949445773731284 ], [ -122.046487956270823, 36.949443119606272 ], [ -122.046487653310152, 36.949443184004508 ], [ -122.046486072481926, 36.949443516784456 ], [ -122.046485403921849, 36.949443657225963 ], [ -122.046485371480046, 36.949443663063448 ], [ -122.046482502774239, 36.949444268863786 ], [ -122.046481072892931, 36.949444570803429 ], [ -122.046480673960929, 36.94944471848288 ], [ -122.046480266085808, 36.949444868083297 ], [ -122.04647848866658, 36.949445523393031 ], [ -122.046477870137323, 36.949445748783944 ], [ -122.046477568196963, 36.949445862734031 ], [ -122.046477533658475, 36.949445875808806 ], [ -122.046475627009755, 36.949446580595655 ], [ -122.046474607359073, 36.949446956398532 ], [ -122.046474223270096, 36.94944717056913 ], [ -122.046473858022779, 36.949447372774245 ], [ -122.046471581088113, 36.949448634901735 ], [ -122.046469523982694, 36.949449776057492 ], [ -122.046468752437065, 36.949450204443217 ], [ -122.04646838672565, 36.949450493168712 ], [ -122.046468085081642, 36.949450730577794 ], [ -122.046466327345499, 36.94945212370051 ], [ -122.046466284290631, 36.949452159417966 ], [ -122.046464197273977, 36.949453811043654 ], [ -122.046463687990538, 36.949454216124522 ], [ -122.0464633565946, 36.949454590007868 ], [ -122.046463004297337, 36.949454984895823 ], [ -122.046461787431511, 36.949456361832453 ], [ -122.046459563129886, 36.949458871409028 ], [ -122.046459328920093, 36.949459275544875 ], [ -122.046459303806998, 36.949459310123167 ], [ -122.046459265817276, 36.949459373710354 ], [ -122.046458331418208, 36.949460945162031 ], [ -122.046458205564974, 36.94946115861088 ], [ -122.04645772923206, 36.949461964283991 ], [ -122.046456504051378, 36.949464028037319 ], [ -122.046456371620152, 36.949464412799401 ], [ -122.04645633137585, 36.949464530487838 ], [ -122.046455123417317, 36.949468030508754 ], [ -122.046454605298038, 36.949469533355639 ], [ -122.046491613654695, 36.949574171640322 ], [ -122.046480097232646, 36.949621908104156 ], [ -122.046479710173926, 36.949622196211699 ], [ -122.046466578191016, 36.949631934719079 ], [ -122.046443718371521, 36.949648890108861 ], [ -122.046439282425354, 36.949652179710604 ], [ -122.046432066451146, 36.949659019022349 ], [ -122.046431502532954, 36.949659551895451 ], [ -122.046414335938692, 36.94967582166084 ], [ -122.046411544019904, 36.9496784667339 ], [ -122.046403366551331, 36.949686216381338 ], [ -122.046398626348562, 36.94969201622505 ], [ -122.046389925776296, 36.949702662924381 ], [ -122.046373054645571, 36.9497233040398 ], [ -122.0463728849018, 36.949723512663553 ], [ -122.046366880341878, 36.94972685641121 ], [ -122.046366833733728, 36.949726883163876 ], [ -122.046281532503542, 36.949774405924579 ], [ -122.046278247726718, 36.949776236547159 ], [ -122.046274603045617, 36.949777983626284 ], [ -122.046189198668245, 36.949818919990797 ], [ -122.046179340925562, 36.949823646785809 ], [ -122.046156484315532, 36.949832964494306 ], [ -122.046133507449753, 36.949842331556049 ], [ -122.046103554558613, 36.949854542452648 ], [ -122.046088476784632, 36.949860689344682 ], [ -122.046076628136191, 36.949865520033903 ], [ -122.046036496602127, 36.949879197845362 ], [ -122.04597950829924, 36.949898621649616 ], [ -122.045970603827826, 36.949901657771775 ], [ -122.045964743884824, 36.949906792046605 ], [ -122.045918450574092, 36.949947436704811 ], [ -122.045918397870835, 36.949947440107188 ], [ -122.045917758751798, 36.949947483727776 ], [ -122.045917120810998, 36.949947530036333 ], [ -122.045900134301604, 36.949948718634104 ], [ -122.045899370767117, 36.949948772916123 ], [ -122.045897753504008, 36.949949081838945 ], [ -122.045897214391545, 36.949949183611935 ], [ -122.045890958870601, 36.949950374115758 ], [ -122.045884304052521, 36.949951640206208 ], [ -122.045880735057693, 36.949952319261023 ], [ -122.045876555269118, 36.949953654369274 ], [ -122.045876313200637, 36.94995373147637 ], [ -122.04587034304393, 36.949955639147021 ], [ -122.045866587146193, 36.949956838863407 ], [ -122.045862939447673, 36.949958003801036 ], [ -122.045856872361796, 36.949960821155138 ], [ -122.04585575237671, 36.949961341571921 ], [ -122.04585108776503, 36.94996350679456 ], [ -122.045849748681164, 36.949964129247121 ], [ -122.045846362007296, 36.949965701665768 ], [ -122.045842083891515, 36.949968424105876 ], [ -122.045840817083274, 36.949969230343875 ], [ -122.045831734416907, 36.949975011137333 ], [ -122.045831688986524, 36.949975040577769 ], [ -122.045831354247298, 36.94997525228947 ], [ -122.045829177979144, 36.949979660924164 ], [ -122.045829106821969, 36.949979804255499 ], [ -122.045828882644443, 36.94998025962488 ], [ -122.045825819712746, 36.949986486900073 ], [ -122.045826099719704, 36.94998683465154 ], [ -122.045826397872602, 36.94998719117428 ], [ -122.045837529424787, 36.950000544306249 ], [ -122.045837628781101, 36.950000679969733 ], [ -122.045840541327379, 36.950004166806799 ], [ -122.045840909716432, 36.950004608011284 ], [ -122.045843475548821, 36.950008924934778 ], [ -122.04584471080949, 36.950011004723692 ], [ -122.045850070484008, 36.950020023960036 ], [ -122.045851976810809, 36.950023230350183 ], [ -122.045852596779199, 36.950024274719517 ], [ -122.045852855361758, 36.950024945380754 ], [ -122.04585356343506, 36.950026778925121 ], [ -122.045855886995895, 36.950032799605076 ], [ -122.045858612717367, 36.950039865739754 ], [ -122.045858774004572, 36.950040282654378 ], [ -122.04585878819816, 36.95004031761259 ], [ -122.045859912588639, 36.950043229768021 ], [ -122.04586062787962, 36.950045086647584 ], [ -122.045861418336642, 36.950049122507849 ], [ -122.045861491176268, 36.950049497338092 ], [ -122.04586341881182, 36.950059357828543 ], [ -122.045863791739393, 36.950061274219898 ], [ -122.045864514514761, 36.950064967624336 ], [ -122.045864663858424, 36.950065731655251 ], [ -122.045864835818335, 36.950066612540958 ], [ -122.045864848220518, 36.950067542404078 ], [ -122.04586498687064, 36.950077769967358 ], [ -122.045865126299645, 36.950088035370229 ], [ -122.045865131546321, 36.950088399381208 ], [ -122.045761638842464, 36.950080783954505 ], [ -122.045726501668412, 36.950093323027311 ], [ -122.045696138248147, 36.950088486052117 ], [ -122.045679608553016, 36.950085848419185 ], [ -122.045632835887545, 36.950068458210758 ], [ -122.045587426594892, 36.950064282975966 ], [ -122.045545008577221, 36.950072440500676 ], [ -122.045483997144487, 36.950063066712275 ], [ -122.045463293501143, 36.950075253068285 ], [ -122.045455907918608, 36.950085642548956 ], [ -122.045455885012856, 36.950085675295412 ], [ -122.045427536943407, 36.949918873210535 ], [ -122.04542520075573, 36.949915620242599 ], [ -122.045424768378922, 36.949915015868513 ], [ -122.045424237806316, 36.949914277617658 ], [ -122.045423178165336, 36.949913256196552 ], [ -122.045423119692785, 36.949913197493089 ], [ -122.04542105656428, 36.949911209780346 ], [ -122.045420672804809, 36.949910839972247 ], [ -122.045420009530801, 36.949910200808738 ], [ -122.04541869306972, 36.949909303551131 ], [ -122.045418456191015, 36.949909141773283 ], [ -122.045416095391118, 36.949907530197258 ], [ -122.045415743505501, 36.949907290639132 ], [ -122.045414972540982, 36.949906765551702 ], [ -122.045413415716766, 36.949906028286975 ], [ -122.045412954231068, 36.949905810007721 ], [ -122.045410356524584, 36.949904580972479 ], [ -122.045410135425257, 36.94990447666158 ], [ -122.045409280473095, 36.949904071644376 ], [ -122.045407506589129, 36.949903535518359 ], [ -122.045406825254545, 36.949903328263844 ], [ -122.045404018649023, 36.949902478694554 ], [ -122.045403096676907, 36.949902199830916 ], [ -122.045401114202619, 36.949901894470536 ], [ -122.04540035502221, 36.949901778366794 ], [ -122.045397560460387, 36.94990135039432 ], [ -122.045397339665968, 36.949901315470896 ], [ -122.045396604151421, 36.949901203559421 ], [ -122.045394454443198, 36.949901174377118 ], [ -122.045393676103814, 36.949901163966395 ], [ -122.045390973777273, 36.949901125887429 ], [ -122.045389997761433, 36.94990111268973 ], [ -122.045387734319689, 36.949901395023957 ], [ -122.045386889878813, 36.949901500841605 ], [ -122.045383467306863, 36.949901929212032 ], [ -122.045383389945016, 36.94990193474338 ], [ -122.045380562521572, 36.94990214705053 ], [ -122.045380487423301, 36.949902153453074 ], [ -122.045380419023132, 36.949902157964445 ], [ -122.045376832573979, 36.949902425391556 ], [ -122.04537184363835, 36.949902798823246 ], [ -122.045371361811632, 36.949902901636897 ], [ -122.045371303662606, 36.949902913221898 ], [ -122.045366653051644, 36.949903903989693 ], [ -122.045363978916455, 36.949904472036863 ], [ -122.045360560235224, 36.949905198648779 ], [ -122.045359799016126, 36.949905474589109 ], [ -122.045359618482451, 36.949905540966469 ], [ -122.045355241803932, 36.949907130097465 ], [ -122.045351792396374, 36.94990838250979 ], [ -122.045349923372314, 36.949909061545945 ], [ -122.045348952792168, 36.949909585384702 ], [ -122.045348634074131, 36.949909757230316 ], [ -122.045344741669126, 36.949911853620137 ], [ -122.045342613870105, 36.949912998396265 ], [ -122.045340230688339, 36.94991428263679 ], [ -122.04533912066735, 36.949915123739949 ], [ -122.045338974754955, 36.949915235619009 ], [ -122.045335441279107, 36.949917913925461 ], [ -122.045334421933617, 36.949918687138734 ], [ -122.045331746434684, 36.949920716932347 ], [ -122.045330687135476, 36.949921840336678 ], [ -122.045330613464571, 36.949921916111791 ], [ -122.045327559798807, 36.949925157610195 ], [ -122.045327071906215, 36.949925675051155 ], [ -122.045324702783446, 36.949928188327362 ], [ -122.045324033356209, 36.949929214642808 ], [ -122.045323655702234, 36.949929796409464 ], [ -122.045321348178533, 36.949933338928616 ], [ -122.045320888874414, 36.949934045240397 ], [ -122.045319294270286, 36.949936492377205 ], [ -122.045318594233919, 36.94993821391531 ], [ -122.045318540795336, 36.949938345296069 ], [ -122.045318478765793, 36.949938495715614 ], [ -122.045315890185137, 36.949944859077746 ], [ -122.045315669973576, 36.949945398204086 ], [ -122.045291945473224, 36.950158608723022 ], [ -122.045288871433343, 36.950164735197546 ], [ -122.045277035701716, 36.950188316680489 ], [ -122.045276846860475, 36.950188579627081 ], [ -122.045275390403788, 36.950190592361359 ], [ -122.045274630548761, 36.950191644207138 ], [ -122.045273242902269, 36.950193563206909 ], [ -122.045273221063312, 36.950193593235596 ], [ -122.045273192674486, 36.950193632362996 ], [ -122.045263843767074, 36.950206559467063 ], [ -122.045259733224412, 36.950212243676305 ], [ -122.045257004864197, 36.950216016167779 ], [ -122.045256410929838, 36.95021661882447 ], [ -122.045254995423264, 36.950218056958128 ], [ -122.045251436288353, 36.95022167193769 ], [ -122.045248149925044, 36.950225010241638 ], [ -122.045248058626868, 36.950225102471748 ], [ -122.045247993750465, 36.950225169118426 ], [ -122.045247822138521, 36.950225341717648 ], [ -122.045241213053174, 36.950232052151087 ], [ -122.04524110966662, 36.950232157158077 ], [ -122.045232261292028, 36.950241143032962 ], [ -122.045231978279162, 36.950241358563304 ], [ -122.045220612351571, 36.950250010117834 ], [ -122.045220471939828, 36.950250116516713 ], [ -122.045204864126688, 36.95026199827695 ], [ -122.045204529170135, 36.950262254147951 ], [ -122.045203317500352, 36.950263175901604 ], [ -122.045194362728495, 36.950256621271748 ], [ -122.045172812671041, 36.950255178390258 ], [ -122.045165180336355, 36.950254668533084 ], [ -122.045154467177284, 36.950253952578542 ], [ -122.04512456810167, 36.950268030672113 ], [ -122.045094441100645, 36.95028221901994 ], [ -122.045094109851959, 36.950282163931156 ], [ -122.045093926267043, 36.950282136624793 ], [ -122.04509366150738, 36.950282093271539 ], [ -122.04507123558615, 36.950278246790774 ], [ -122.045070904318962, 36.950278190801001 ], [ -122.045067237688045, 36.950277563498702 ], [ -122.045063307364615, 36.950276890125281 ], [ -122.045059853495815, 36.950275852665612 ], [ -122.045059686285597, 36.950275802612509 ], [ -122.045037155212356, 36.950269027752107 ], [ -122.045036974457588, 36.950268974273627 ], [ -122.045033496830982, 36.950267928116226 ], [ -122.045030128889081, 36.950266428108108 ], [ -122.045029918114409, 36.950266334473952 ], [ -122.045006694858515, 36.950255986552591 ], [ -122.045005665903531, 36.950255528865569 ], [ -122.044984517477417, 36.950242824772424 ], [ -122.044958091480794, 36.950244956595462 ], [ -122.044945953929243, 36.950253707565253 ], [ -122.044928772386285, 36.950266106696454 ], [ -122.044898162718169, 36.950320206953222 ], [ -122.044893232452409, 36.950321960208647 ], [ -122.044888966351749, 36.950324286831794 ], [ -122.044885896265342, 36.950326840928426 ], [ -122.04488300034653, 36.95032983790469 ], [ -122.044880048578463, 36.950333231243008 ], [ -122.044877020721174, 36.950336910365245 ], [ -122.04487389636779, 36.950340756584872 ], [ -122.044870649646981, 36.950344658497173 ], [ -122.044867268120882, 36.950348502717056 ], [ -122.044863726929592, 36.950352172419286 ], [ -122.044860000146272, 36.950355553496344 ], [ -122.044856102718768, 36.950358553828892 ], [ -122.044852036232939, 36.950361195925595 ], [ -122.044847861935907, 36.950363509615336 ], [ -122.044843616490098, 36.950365530459955 ], [ -122.044839350195261, 36.950367301951168 ], [ -122.044835108379161, 36.950368844215888 ], [ -122.044830930375525, 36.950370213507696 ], [ -122.044826865983808, 36.950371428993051 ], [ -122.044822931753345, 36.950372531006217 ], [ -122.044819068319441, 36.950373526642032 ], [ -122.044815181500283, 36.950374422555562 ], [ -122.044811186920256, 36.950375210852826 ], [ -122.044806984821918, 36.950375900065126 ], [ -122.044802500032247, 36.950376492990799 ], [ -122.044797635957607, 36.950376988206052 ], [ -122.044792301783602, 36.950377392321229 ], [ -122.044786439027206, 36.950377700703989 ], [ -122.044780059610147, 36.950377892468893 ], [ -122.0447731921995, 36.950377942002859 ], [ -122.044772662891646, 36.950377920177772 ], [ -122.044765916890228, 36.950377649081688 ], [ -122.044758244788127, 36.950377335282745 ], [ -122.044752692403492, 36.950377120466584 ], [ -122.04475256089988, 36.950377114098167 ], [ -122.044752075296813, 36.950377088089176 ], [ -122.044751845558096, 36.950377055085454 ], [ -122.044750232822551, 36.950376820515018 ], [ -122.044711454793003, 36.950371165642309 ], [ -122.044706341743193, 36.950370419609946 ], [ -122.044697222669981, 36.950368540686746 ], [ -122.044688141774174, 36.950366607185735 ], [ -122.044679162055431, 36.950364679552997 ], [ -122.044670352181484, 36.950362820863418 ], [ -122.044661780764471, 36.950361091488837 ], [ -122.044653476701683, 36.950359531599958 ], [ -122.044645374089072, 36.950358103318834 ], [ -122.044640946947737, 36.950357349998946 ], [ -122.044637375035819, 36.950356742155613 ], [ -122.044629372578214, 36.950355379234566 ], [ -122.044621270188898, 36.950353961763106 ], [ -122.044612966628009, 36.950352426196851 ], [ -122.044604354968968, 36.950350705461929 ], [ -122.044595344167533, 36.950348740384648 ], [ -122.044585862633227, 36.950346489557546 ], [ -122.04457597220599, 36.950344011639622 ], [ -122.044565776574657, 36.950341380056003 ], [ -122.044555375141627, 36.950338678201526 ], [ -122.044544858069528, 36.950335976976838 ], [ -122.044534331421843, 36.950333356083881 ], [ -122.044523896771807, 36.950330895284196 ], [ -122.044513648957249, 36.950328674428455 ], [ -122.044503681193291, 36.950326749056806 ], [ -122.044494051025666, 36.950325132826094 ], [ -122.044484817707698, 36.950323813236011 ], [ -122.04447603493567, 36.950322780563354 ], [ -122.044467757713889, 36.950322034079761 ], [ -122.044460043895285, 36.950321547785556 ], [ -122.044452945283126, 36.950321329105378 ], [ -122.044446527847711, 36.950321364548785 ], [ -122.044440801469335, 36.950321643170824 ], [ -122.044435730337995, 36.950322170853013 ], [ -122.044431234772219, 36.950322949552096 ], [ -122.044427245156101, 36.950323979289188 ], [ -122.044423688635931, 36.950325266436494 ], [ -122.044420488842178, 36.950326810203222 ], [ -122.044417574099356, 36.950328619649582 ], [ -122.04441486148788, 36.95033070308348 ], [ -122.044412305020799, 36.950333062916521 ], [ -122.044409842807141, 36.950335801802836 ], [ -122.044407430916195, 36.950339022158794 ], [ -122.044405021149743, 36.950342837271435 ], [ -122.04440257866861, 36.950347354843785 ], [ -122.04440004945792, 36.950352678326936 ], [ -122.044397390950422, 36.9503589218345 ], [ -122.044394563724168, 36.950366188624329 ], [ -122.044391535029163, 36.950374524189648 ], [ -122.044388357260758, 36.950383691724745 ], [ -122.04438805682841, 36.950383715530457 ], [ -122.044387682419767, 36.950383745723101 ], [ -122.044387358395596, 36.950383768940171 ], [ -122.044370118288867, 36.950385080530772 ], [ -122.044369908726438, 36.950385100429223 ], [ -122.044369751849118, 36.950385116025018 ], [ -122.04436947280054, 36.950385142251008 ], [ -122.044362680074002, 36.950385656686336 ], [ -122.044359619009327, 36.950386247859157 ], [ -122.044359504899575, 36.950386268295546 ], [ -122.044352469028908, 36.950387626760509 ], [ -122.044352252071874, 36.95038766928657 ], [ -122.04433995071102, 36.950390041942043 ], [ -122.044337602071479, 36.95039049570893 ], [ -122.044335012872622, 36.950391318544874 ], [ -122.044331029227806, 36.950392584311111 ], [ -122.044330990198333, 36.95039259744469 ], [ -122.044320390189554, 36.950395965005491 ], [ -122.044315150440497, 36.950397630414187 ], [ -122.044313621038029, 36.950398117487708 ], [ -122.044308988000665, 36.950400238071289 ], [ -122.044304941167823, 36.950402089545349 ], [ -122.044294379136133, 36.950406921934402 ], [ -122.04429421674628, 36.950406997081593 ], [ -122.044291214434921, 36.950408370607846 ], [ -122.044288986014948, 36.950409756413428 ], [ -122.044288728809605, 36.950409916627059 ], [ -122.044270880414842, 36.950421017767752 ], [ -122.044270827181435, 36.950421050014427 ], [ -122.04426964650051, 36.95052674450951 ], [ -122.04425301115279, 36.950629663467581 ], [ -122.044251766145649, 36.950638357508701 ], [ -122.044251746566189, 36.950638497452331 ], [ -122.044251622835688, 36.950639360628031 ], [ -122.044250235827491, 36.950643387488419 ], [ -122.044249838493627, 36.950644541767296 ], [ -122.04424983006902, 36.950644568914548 ], [ -122.044248599915861, 36.950648142201615 ], [ -122.044248514047297, 36.950648389363579 ], [ -122.044248383736587, 36.950648768687806 ], [ -122.044246379559667, 36.950652323388532 ], [ -122.044244329791951, 36.950655954392943 ], [ -122.044243367783153, 36.950657660469076 ], [ -122.044241723788204, 36.950659673871556 ], [ -122.044241498194722, 36.950659951722159 ], [ -122.044238723764792, 36.950663343596176 ], [ -122.044236698609794, 36.950665823455807 ], [ -122.044236113062283, 36.950666343086688 ], [ -122.044235760184449, 36.950666655967133 ], [ -122.044232765101796, 36.950669309985948 ], [ -122.044231457256828, 36.950670470015773 ], [ -122.044228536050298, 36.950673058170345 ], [ -122.044227269472259, 36.950673877004107 ], [ -122.044227207462072, 36.950673919280078 ], [ -122.044227166465234, 36.950673945957554 ], [ -122.044219101938054, 36.950679176930507 ], [ -122.044219076453004, 36.950679193489442 ], [ -122.044181367813451, 36.950625234050207 ], [ -122.044141202944175, 36.950658680128541 ], [ -122.044079412832417, 36.950692057515802 ], [ -122.044027916962932, 36.950702551628005 ], [ -122.044025990698259, 36.950701321780635 ], [ -122.04401435889838, 36.950693828326521 ], [ -122.044013882126237, 36.950693521927647 ], [ -122.044011662041811, 36.950692091401109 ], [ -122.044008497476952, 36.950689287353029 ], [ -122.044008124675258, 36.950688958849902 ], [ -122.044006046658353, 36.950687120005568 ], [ -122.044006026045139, 36.950687100452363 ], [ -122.043999538086297, 36.950681358379498 ], [ -122.043997673893173, 36.950679706854395 ], [ -122.043996187900717, 36.950677881798462 ], [ -122.043995886071272, 36.950677509999558 ], [ -122.043988759006325, 36.950668753800969 ], [ -122.043988442213561, 36.950668364176416 ], [ -122.043986284628929, 36.950665713512805 ], [ -122.043985124563648, 36.95066363000528 ], [ -122.04397985724259, 36.950654178693746 ], [ -122.043977779769463, 36.950650454553944 ], [ -122.043977452004825, 36.950649476598102 ], [ -122.04397617202163, 36.950645656284614 ], [ -122.043974746105633, 36.95064140082679 ], [ -122.043972702915838, 36.95063530250053 ], [ -122.043972370420391, 36.950634312891864 ], [ -122.043972218687784, 36.950633158675444 ], [ -122.043970191687563, 36.950617688668288 ], [ -122.043956288079187, 36.950626074507241 ], [ -122.043957069428615, 36.950624155441673 ], [ -122.043957250173762, 36.95062371687262 ], [ -122.043957512175851, 36.950623079867114 ], [ -122.043957605151817, 36.950622577574684 ], [ -122.043957647464481, 36.950622341804007 ], [ -122.043957911147047, 36.950620912630953 ], [ -122.043957972806268, 36.950620580176796 ], [ -122.043958087922206, 36.950619953227097 ], [ -122.043958073245392, 36.950619457767381 ], [ -122.043958063858355, 36.950619165005214 ], [ -122.043958016467528, 36.950617733643156 ], [ -122.043958006135938, 36.950617394932848 ], [ -122.043957987065539, 36.950616794993351 ], [ -122.043957864606327, 36.95061630005975 ], [ -122.043957795009604, 36.950616027921058 ], [ -122.043957442732236, 36.950614622224897 ], [ -122.04395735470456, 36.950614272827941 ], [ -122.043957211495226, 36.950613697062124 ], [ -122.043956982802143, 36.950613223361479 ], [ -122.043956852662291, 36.950612955629239 ], [ -122.043956194801865, 36.950611596335598 ], [ -122.043956042407714, 36.950611283838597 ], [ -122.043955785532745, 36.950610750131482 ], [ -122.043955447293698, 36.950610300411114 ], [ -122.043955266054112, 36.950610059490096 ], [ -122.043954320615612, 36.950608803135431 ], [ -122.043954114013445, 36.950608530107424 ], [ -122.043953750356181, 36.95060804557734 ], [ -122.043953308535805, 36.950607636880996 ], [ -122.043953062466727, 36.950607410336232 ], [ -122.043951885806706, 36.950606321961054 ], [ -122.043951629468069, 36.950606087441621 ], [ -122.043951167053081, 36.950605660093039 ], [ -122.043950620751133, 36.950605303246839 ], [ -122.043950354465068, 36.950605131041144 ], [ -122.043948919290614, 36.950604193884288 ], [ -122.04394864844032, 36.950604018134314 ], [ -122.043948110107294, 36.950603666589707 ], [ -122.04394747316465, 36.950603379434156 ], [ -122.043947189844005, 36.95060325251351 ], [ -122.043945588451507, 36.950602532040776 ], [ -122.043945298358608, 36.950602403407409 ], [ -122.04394467503468, 36.950602123281016 ], [ -122.043943929638843, 36.950601913261508 ], [ -122.043943640508985, 36.950601831477222 ], [ -122.043941921593714, 36.950601347771041 ], [ -122.043941656185353, 36.950601272882167 ], [ -122.043940959336609, 36.950601075737573 ], [ -122.04394010585807, 36.950600960872968 ], [ -122.043939683646002, 36.950600905183109 ], [ -122.043937075952499, 36.950600555807853 ], [ -122.0439123177445, 36.950614128433344 ], [ -122.043913748350292, 36.950621616395381 ], [ -122.043914478407331, 36.950625395327421 ], [ -122.043914855600192, 36.950627357628626 ], [ -122.043914867524123, 36.950630013275315 ], [ -122.04391486869406, 36.950630234051154 ], [ -122.043914895198768, 36.950636439288942 ], [ -122.043914896941956, 36.9506369610544 ], [ -122.043914913944931, 36.950640737713108 ], [ -122.043914279664051, 36.950644185050173 ], [ -122.043914147242532, 36.950644898743143 ], [ -122.043913023053946, 36.950651005668455 ], [ -122.043912562440426, 36.950653506259542 ], [ -122.04391247661809, 36.950653974211981 ], [ -122.043911655273533, 36.950656132621951 ], [ -122.043910378921396, 36.950659480318507 ], [ -122.043908272818186, 36.950665014473159 ], [ -122.04390825567242, 36.950665054352541 ], [ -122.043907602632615, 36.95066676985229 ], [ -122.043906613797446, 36.950668427616549 ], [ -122.043903232538071, 36.950674090403979 ], [ -122.043900938968235, 36.950677933706409 ], [ -122.043900729485088, 36.950678285240556 ], [ -122.043900399455936, 36.950678835731431 ], [ -122.043899171712511, 36.950680287583239 ], [ -122.043892765373045, 36.950687855889335 ], [ -122.043891978278936, 36.950688785524747 ], [ -122.04389103112743, 36.950689903825783 ], [ -122.043890704577848, 36.950690186617294 ], [ -122.043890382444403, 36.950690465745581 ], [ -122.043890296404797, 36.950690540782418 ], [ -122.043879749904676, 36.950699682414161 ], [ -122.043879704658337, 36.950699720863241 ], [ -122.043800390687736, 36.950716793321583 ], [ -122.043800339273034, 36.950716804816651 ], [ -122.043770585264085, 36.950708681644016 ], [ -122.043766471300543, 36.950698255285431 ], [ -122.04376610521247, 36.950697324698282 ], [ -122.043764805745653, 36.950694030934997 ], [ -122.043762741209704, 36.950690662589928 ], [ -122.043762697034524, 36.950690589277301 ], [ -122.043757942924373, 36.950682833507187 ], [ -122.043757683819678, 36.950682409774224 ], [ -122.043756354705437, 36.95068024108749 ], [ -122.04375445467349, 36.950678047517144 ], [ -122.04375442470959, 36.95067801006396 ], [ -122.043749118042115, 36.950671887354915 ], [ -122.043748802873097, 36.950671522040331 ], [ -122.043745424949606, 36.950667624062959 ], [ -122.043744371299596, 36.950666729615087 ], [ -122.04374334280854, 36.950665857363788 ], [ -122.043742755433257, 36.950665359573762 ], [ -122.043735802909779, 36.950659466830658 ], [ -122.043732262628723, 36.950656464982259 ], [ -122.043730986396625, 36.950655667205005 ], [ -122.04371929760859, 36.950648349307208 ], [ -122.043718166950967, 36.950647641523631 ], [ -122.043717616418931, 36.95064729734905 ], [ -122.043717163684633, 36.95064701316042 ], [ -122.043714760990326, 36.95064593020156 ], [ -122.043704068939334, 36.950641108015908 ], [ -122.043700471680012, 36.950639485740368 ], [ -122.043686555029296, 36.950632543393077 ], [ -122.043685007624731, 36.950631772636477 ], [ -122.043684947704179, 36.950631752702492 ], [ -122.043684839181012, 36.950631717190582 ], [ -122.043678510131613, 36.950629662464728 ], [ -122.043669828742395, 36.950626844034218 ], [ -122.043669715747569, 36.950626809482692 ], [ -122.043668128645152, 36.950626292485666 ], [ -122.043666153238803, 36.950625949152041 ], [ -122.043661016994932, 36.950625058289361 ], [ -122.043651888293653, 36.950623475903022 ], [ -122.043651476992281, 36.950623404747454 ], [ -122.043650329875575, 36.95062320725421 ], [ -122.043646682626886, 36.950623086118831 ], [ -122.043642764605153, 36.950622956852811 ], [ -122.043633833066025, 36.950622663258791 ], [ -122.043633622947212, 36.950622656127535 ], [ -122.043632139786041, 36.950622607273431 ], [ -122.043628743808881, 36.950622965848211 ], [ -122.043624320387622, 36.950623431749257 ], [ -122.043614123475606, 36.950624507591392 ], [ -122.043614087646901, 36.9506245125717 ], [ -122.043603814674469, 36.950648275054199 ], [ -122.043618056391381, 36.950665133397791 ], [ -122.043618345296935, 36.950665477431841 ], [ -122.043620958861567, 36.950668570857459 ], [ -122.04362184212755, 36.950670080370827 ], [ -122.043621971284864, 36.950670300353416 ], [ -122.043627541988556, 36.9506798188579 ], [ -122.043632628587801, 36.950688510171418 ], [ -122.043633936618065, 36.950690745826698 ], [ -122.043633948362, 36.950690770904465 ], [ -122.04363471748411, 36.950692900144723 ], [ -122.043634735285167, 36.950692946770936 ], [ -122.043638493803201, 36.950703343594618 ], [ -122.043641327202806, 36.950711177968998 ], [ -122.04364244988588, 36.950714283923212 ], [ -122.043642460803483, 36.950714323430965 ], [ -122.043643053768037, 36.950718097871267 ], [ -122.043643083456701, 36.950718285826731 ], [ -122.043644244946705, 36.950725683631084 ], [ -122.043645350927321, 36.950732729805402 ], [ -122.043645831657727, 36.950735796495728 ], [ -122.043645852155279, 36.95073591968729 ], [ -122.043646281162566, 36.950738600452283 ], [ -122.043646277876007, 36.950738659073131 ], [ -122.043646215122848, 36.950740522661889 ], [ -122.043646213069948, 36.950740586673483 ], [ -122.043646124947784, 36.950742800259569 ], [ -122.043645350390079, 36.950762805198181 ], [ -122.043645331675293, 36.950763096530061 ], [ -122.04364532694693, 36.950763248893651 ], [ -122.043645292338368, 36.95076358639659 ], [ -122.043645276292011, 36.950763734404035 ], [ -122.043645240468351, 36.950764067417161 ], [ -122.043644756963914, 36.950768240917206 ], [ -122.043644204675203, 36.950773165117248 ], [ -122.043644001356284, 36.95077496387912 ], [ -122.043643973894817, 36.950775212069672 ], [ -122.043643945419362, 36.950775301664443 ], [ -122.043643940399249, 36.950775330568973 ], [ -122.043643171650587, 36.950777863175311 ], [ -122.043641431075642, 36.950783591648253 ], [ -122.043640385596888, 36.9507870282063 ], [ -122.043640367384015, 36.950787070803372 ], [ -122.043640005831179, 36.950787781221216 ], [ -122.043639935717508, 36.950787920932633 ], [ -122.043639921661438, 36.950787947253204 ], [ -122.043638180057641, 36.950791385818071 ], [ -122.043638025459501, 36.950791676245402 ], [ -122.043637502962071, 36.95079269609964 ], [ -122.043634653588683, 36.950798288753845 ], [ -122.043634635098002, 36.9507983178367 ], [ -122.043633411402794, 36.950799966992527 ], [ -122.043633258487191, 36.950800175389361 ], [ -122.043630096618628, 36.950804440223159 ], [ -122.043629035756567, 36.950805871838845 ], [ -122.043626898668549, 36.950808752396348 ], [ -122.043624602761739, 36.950811007828747 ], [ -122.043624403525484, 36.950811202419814 ], [ -122.043620126407532, 36.95081540001032 ], [ -122.043619901908286, 36.950815621971515 ], [ -122.0436173098512, 36.950818164297999 ], [ -122.043614587249635, 36.950820146010727 ], [ -122.043613107006635, 36.950821222702977 ], [ -122.043606100836129, 36.950826323367558 ], [ -122.043548781976952, 36.950856880930736 ], [ -122.043536241504526, 36.950859261171615 ], [ -122.043536179912707, 36.950859269196506 ], [ -122.0435342438616, 36.950859639081358 ], [ -122.043531833235789, 36.950859754805244 ], [ -122.043528372612101, 36.950859918674745 ], [ -122.043521331400513, 36.950860255210976 ], [ -122.043520539439669, 36.950860292731008 ], [ -122.043519343659099, 36.950860350016029 ], [ -122.043515360175192, 36.950859986401817 ], [ -122.043513255395297, 36.950859795276834 ], [ -122.043506442676176, 36.950859175329235 ], [ -122.043506332407645, 36.950859164172307 ], [ -122.043504511119977, 36.950858999033436 ], [ -122.043502649367682, 36.950858558666347 ], [ -122.043498415954957, 36.950857562120675 ], [ -122.043492022938651, 36.950856056154265 ], [ -122.043491976636616, 36.950856043249402 ], [ -122.043490189398213, 36.950855622623003 ], [ -122.0434881981232, 36.950854835210137 ], [ -122.043484316294439, 36.950853298703251 ], [ -122.043477105067737, 36.950850443673254 ], [ -122.04347680168928, 36.950850324226501 ], [ -122.043380654706056, 36.950881651647983 ], [ -122.043361829992534, 36.950873831587032 ], [ -122.043360866227601, 36.950873431599888 ], [ -122.043358310094376, 36.950872367787319 ], [ -122.043354174682293, 36.950871277116683 ], [ -122.043353842784228, 36.950871190489956 ], [ -122.043339415733996, 36.950867387390439 ], [ -122.043338615314084, 36.950867177194233 ], [ -122.043334412179618, 36.950866069395531 ], [ -122.043331620252829, 36.950865716137045 ], [ -122.043331560591341, 36.950865708816067 ], [ -122.043320009023063, 36.950864248593419 ], [ -122.043313796975724, 36.950863462074338 ], [ -122.043309567449853, 36.950862927780385 ], [ -122.043307735087069, 36.950862934010956 ], [ -122.043285749108179, 36.95086301505259 ], [ -122.043284874479411, 36.950863018518888 ], [ -122.043284635321896, 36.950863018980961 ], [ -122.04328441638873, 36.950863020076454 ], [ -122.0432638616752, 36.950973355272815 ], [ -122.043284504202191, 36.951040349500268 ], [ -122.043271153410288, 36.951053351038539 ], [ -122.043116702391146, 36.951135961602219 ], [ -122.042939495600223, 36.951145459531176 ], [ -122.042915053088691, 36.951173323325136 ], [ -122.042917353028713, 36.951175963112703 ], [ -122.042917453059601, 36.951176077141156 ], [ -122.042918715280209, 36.951178215180889 ], [ -122.042919217878946, 36.951179068264253 ], [ -122.042919244660027, 36.951179114771698 ], [ -122.04292022506921, 36.951181909902807 ], [ -122.042920374253612, 36.951182339598191 ], [ -122.042920669491195, 36.951184576948421 ], [ -122.042920817026669, 36.951185691569314 ], [ -122.042920813721025, 36.951185749289159 ], [ -122.042920551304533, 36.951189044805439 ], [ -122.042920520842074, 36.951189147042918 ], [ -122.042920071708011, 36.95119067779833 ], [ -122.042919736843388, 36.951191813221946 ], [ -122.042919725272725, 36.95119185122504 ], [ -122.042919589958856, 36.951192315325684 ], [ -122.0429195088401, 36.951192465996563 ], [ -122.04291841518689, 36.951194543290903 ], [ -122.042918398996491, 36.951194575046735 ], [ -122.042917958042906, 36.951195410877141 ], [ -122.04291787701024, 36.95119551108025 ], [ -122.042917793806453, 36.951195614916898 ], [ -122.042916838196987, 36.951196814428684 ], [ -122.042916447423053, 36.95119730534082 ], [ -122.042915701975346, 36.95119824072669 ], [ -122.042915537658402, 36.951198386190207 ], [ -122.042915451654281, 36.951198463028213 ], [ -122.042914199919252, 36.951199568229079 ], [ -122.042913902142843, 36.951199830810864 ], [ -122.042912885309335, 36.951200728333319 ], [ -122.042912611482194, 36.95120089957809 ], [ -122.042912542791072, 36.951200944645393 ], [ -122.042911028563466, 36.95120189831529 ], [ -122.042910845582313, 36.951202009780587 ], [ -122.042909590755229, 36.951202800507382 ], [ -122.04290919228805, 36.951202971599159 ], [ -122.0429090988453, 36.951203014290385 ], [ -122.042905919169542, 36.951204392830917 ], [ -122.042822303682925, 36.951217135450037 ], [ -122.042763416247539, 36.951240455199304 ], [ -122.042732192606309, 36.95124087284978 ], [ -122.042620641339226, 36.951282415667769 ], [ -122.042502752039411, 36.9514057764667 ], [ -122.042414136906203, 36.951459396178208 ], [ -122.042383992343773, 36.951552603001637 ], [ -122.042149945048479, 36.951714108082477 ], [ -122.042125752879201, 36.951751999529094 ], [ -122.042126034316269, 36.951752909612324 ], [ -122.042130432876718, 36.951767142490183 ], [ -122.042131384236754, 36.951770219182926 ], [ -122.042131567130824, 36.951770814252171 ], [ -122.042132568376445, 36.951772656557409 ], [ -122.04214022718871, 36.951786753491 ], [ -122.042141221440431, 36.951788583272034 ], [ -122.042143241892774, 36.951791064557462 ], [ -122.042143899615908, 36.951791871434104 ], [ -122.042151691012521, 36.951801433632781 ], [ -122.042151932947291, 36.951801732331099 ], [ -122.04215443945948, 36.951804808280535 ], [ -122.042157480354973, 36.951807441887517 ], [ -122.042164399048062, 36.951813437908022 ], [ -122.042170594064373, 36.951818805458174 ], [ -122.042170851320677, 36.951819030056335 ], [ -122.042162440231579, 36.951866727690742 ], [ -122.042161074246593, 36.951868832010646 ], [ -122.042152785914297, 36.95188160514487 ], [ -122.042149939718811, 36.95188599282951 ], [ -122.042148168970641, 36.951887961917436 ], [ -122.042148027360852, 36.951888119696072 ], [ -122.042145350979808, 36.951891098378539 ], [ -122.04213564216866, 36.951901900474155 ], [ -122.042134106356812, 36.951903608714417 ], [ -122.042132093598767, 36.951905275499868 ], [ -122.042128931494958, 36.951907894723568 ], [ -122.042121693124287, 36.951913891446139 ], [ -122.042116802023287, 36.951917942997248 ], [ -122.042115273965805, 36.951919208650928 ], [ -122.042108153327803, 36.951923611414529 ], [ -122.042107750833111, 36.951923860059004 ], [ -122.042093844405457, 36.951932458388548 ], [ -122.042056879563745, 36.951990038504903 ], [ -122.041987584240829, 36.952019303666788 ], [ -122.041914819593146, 36.952097810572695 ], [ -122.041887268838437, 36.952153375441796 ], [ -122.041896540114223, 36.952217025473431 ], [ -122.041874506310791, 36.952236509474666 ], [ -122.041886428273656, 36.952307140210614 ], [ -122.041834221946957, 36.952387016258882 ], [ -122.041784260677872, 36.952427318423666 ], [ -122.041683790504777, 36.952420207294118 ], [ -122.041655946703386, 36.952449366638646 ], [ -122.041589898918758, 36.952778389849911 ], [ -122.041585251573295, 36.952801541558649 ], [ -122.041571731378468, 36.952808617114783 ], [ -122.04157047100243, 36.95280531019381 ], [ -122.041570412871053, 36.952805158661441 ], [ -122.041570387268223, 36.952805114841723 ], [ -122.041570364058487, 36.952805078199816 ], [ -122.041568461542539, 36.952802051927947 ], [ -122.041568383759497, 36.952801927691105 ], [ -122.041565762245185, 36.952799102878529 ], [ -122.041565692159324, 36.952799025401752 ], [ -122.041563507774782, 36.952797365454181 ], [ -122.041562515435047, 36.952796613464827 ], [ -122.041562417321813, 36.95279653816096 ], [ -122.041560065070641, 36.952795288671346 ], [ -122.041558722086663, 36.952794576464314 ], [ -122.041558656237726, 36.952794541287361 ], [ -122.041556586486323, 36.952793816159385 ], [ -122.04155458683384, 36.952793114436666 ], [ -122.041554524648475, 36.952793093630319 ], [ -122.041550245032539, 36.952792257133972 ], [ -122.041550202152806, 36.952792246886617 ], [ -122.041550143631042, 36.952792240450869 ], [ -122.041548639482329, 36.952792155799607 ], [ -122.041545723642898, 36.952792005100861 ], [ -122.041545642706609, 36.952792000763807 ], [ -122.041541200660234, 36.952792386624509 ], [ -122.041541160303055, 36.952792389861649 ], [ -122.04153689897727, 36.952793374425859 ], [ -122.04153684200341, 36.952793388696932 ], [ -122.04153278725434, 36.95279497342527 ], [ -122.041507116749628, 36.95277394742687 ], [ -122.041461932838047, 36.952745806774772 ], [ -122.041437715299978, 36.9527323270338 ], [ -122.041415351045899, 36.95272707948039 ], [ -122.041383436522793, 36.952730302284166 ], [ -122.041377552035783, 36.952731913899441 ], [ -122.041356011957873, 36.952737826577057 ], [ -122.041335941612758, 36.952758451557003 ], [ -122.04131494723579, 36.952782747575341 ], [ -122.04129954376566, 36.952808362020136 ], [ -122.041287869271102, 36.952834847283434 ], [ -122.041287943102617, 36.952864817147301 ], [ -122.041241402677898, 36.952900962628902 ], [ -122.041165589365164, 36.952910272808381 ], [ -122.04105360265909, 36.952852831454287 ], [ -122.041020089239041, 36.952858195787719 ], [ -122.040984538665413, 36.952879856197981 ], [ -122.040967209248251, 36.952890417359093 ], [ -122.040961460054916, 36.952890414938146 ], [ -122.040959674624233, 36.952890412400194 ], [ -122.040958592128987, 36.952890410485232 ], [ -122.040956702476905, 36.952890144375118 ], [ -122.040956568465319, 36.952890125418911 ], [ -122.040952887157957, 36.95288960812487 ], [ -122.04095147274839, 36.952889409631297 ], [ -122.040951392786781, 36.952889398071441 ], [ -122.040950115775118, 36.952889219390556 ], [ -122.040948190983755, 36.952888663561907 ], [ -122.040948056583929, 36.952888625685844 ], [ -122.040944622733889, 36.952887636502915 ], [ -122.040943346330579, 36.952887268564254 ], [ -122.04094201458841, 36.952886885135541 ], [ -122.040940119452927, 36.952886023411779 ], [ -122.040939891615594, 36.952885919181398 ], [ -122.040936899253722, 36.952884556478516 ], [ -122.040935878016242, 36.952884092345037 ], [ -122.040934529193507, 36.952883478437649 ], [ -122.040932726208524, 36.95288229196909 ], [ -122.040929940873028, 36.952880457010586 ], [ -122.040929146353776, 36.952879933105883 ], [ -122.040927874931782, 36.952879096482995 ], [ -122.040926316920476, 36.952877645432082 ], [ -122.040926276927962, 36.952877611715444 ], [ -122.040923946279392, 36.952875444517353 ], [ -122.040923346441289, 36.952874886498108 ], [ -122.04092225095286, 36.952873868213494 ], [ -122.040920938279925, 36.952872115626604 ], [ -122.040920915236882, 36.952872087093098 ], [ -122.040918161662304, 36.95286840698099 ], [ -122.040917818756128, 36.952867948301673 ], [ -122.040886834647168, 36.952868635343556 ], [ -122.040882908732243, 36.95287097264152 ], [ -122.040882851042298, 36.952871006747898 ], [ -122.040882747881312, 36.952871068490857 ], [ -122.040879587647652, 36.952873728208516 ], [ -122.040879363554353, 36.95287391591372 ], [ -122.04087923551684, 36.952874023946059 ], [ -122.040878768649591, 36.952874583445926 ], [ -122.040877851310043, 36.952875680600357 ], [ -122.040876401319892, 36.952877414725023 ], [ -122.04087574613672, 36.95287859222551 ], [ -122.040874945796674, 36.952880028483108 ], [ -122.040874325260432, 36.952881143343674 ], [ -122.040873698876979, 36.952883122521634 ], [ -122.040873261216035, 36.95288450351967 ], [ -122.040873071370939, 36.952885101714408 ], [ -122.040872674293453, 36.952889172224857 ], [ -122.040872685030081, 36.952889257695901 ], [ -122.040872698751272, 36.952889379175069 ], [ -122.040873144028907, 36.952893240291921 ], [ -122.040873240928036, 36.952893530095373 ], [ -122.040873386607061, 36.952893953531301 ], [ -122.040873848239798, 36.952895328051959 ], [ -122.040874471291019, 36.952897181674231 ], [ -122.040874648262772, 36.952897488443263 ], [ -122.040875173287802, 36.952898395310328 ], [ -122.040875189595369, 36.952898423932851 ], [ -122.040875214038209, 36.952898465965689 ], [ -122.040875311883596, 36.952898637700898 ], [ -122.040876612271063, 36.952900886104501 ], [ -122.040945354098767, 36.95296958005175 ], [ -122.040925160115236, 36.952972530674479 ], [ -122.040921488065067, 36.952973066746871 ], [ -122.040917806788784, 36.952974138247235 ], [ -122.040902996902702, 36.952978451502453 ], [ -122.040898684993195, 36.952979707969469 ], [ -122.040896045057139, 36.952980909897377 ], [ -122.040895780286974, 36.952981030551058 ], [ -122.040883376094172, 36.952986680916943 ], [ -122.040881744062105, 36.952987423436106 ], [ -122.040877586720612, 36.952989317703725 ], [ -122.040875573468981, 36.95299063481216 ], [ -122.040875484845856, 36.95299069365943 ], [ -122.04086285364825, 36.952998962273121 ], [ -122.040862688565468, 36.952999070795059 ], [ -122.040858789512299, 36.953001623121267 ], [ -122.040856327332392, 36.953003881596068 ], [ -122.040842820782345, 36.953016279307441 ], [ -122.040749406492822, 36.953016794603485 ], [ -122.040698771845584, 36.952992574662204 ], [ -122.040685209093454, 36.952986086883278 ], [ -122.040630724865551, 36.952919973749346 ], [ -122.040622577517794, 36.952916647873259 ], [ -122.040618026538638, 36.952914789375455 ], [ -122.040615493436221, 36.9529137549371 ], [ -122.040612879407817, 36.952913045094824 ], [ -122.040611421642666, 36.952912648908423 ], [ -122.040604323678266, 36.952910721328323 ], [ -122.040599306818791, 36.952909361034578 ], [ -122.040592675193423, 36.95290838074974 ], [ -122.040592642527812, 36.952908375774214 ], [ -122.040585597586741, 36.952907336064541 ], [ -122.04058501190697, 36.952907249178239 ], [ -122.040582498038759, 36.952906878661231 ], [ -122.040579476753351, 36.952906787908788 ], [ -122.040579434040026, 36.952906785769585 ], [ -122.040572070137728, 36.952906564046977 ], [ -122.040571990379362, 36.952906562397239 ], [ -122.040567041054217, 36.95290641420997 ], [ -122.040566521943774, 36.952906397637939 ], [ -122.040565421981356, 36.952906365309694 ], [ -122.040561603058663, 36.952906693334334 ], [ -122.040561190560766, 36.952906728523772 ], [ -122.040551216816183, 36.952907588464335 ], [ -122.040550106007103, 36.952907684248046 ], [ -122.040549746196319, 36.952907715136597 ], [ -122.040548445930682, 36.952907826040168 ], [ -122.040517071516859, 36.952922659595153 ], [ -122.040533988495312, 36.952945251477757 ], [ -122.040526552186265, 36.952955842270953 ], [ -122.040494099989502, 36.952959189989329 ], [ -122.040468739419836, 36.952940507267101 ], [ -122.040431777352026, 36.95299578878133 ], [ -122.040378231693595, 36.95300969680666 ], [ -122.040366513411485, 36.953010358987314 ], [ -122.040366455074391, 36.953010361560388 ], [ -122.040365293119294, 36.953010427377571 ], [ -122.040359627047593, 36.953010043527051 ], [ -122.040353043382297, 36.953009595197464 ], [ -122.040352944447704, 36.953009589294943 ], [ -122.040352680217097, 36.953009572058363 ], [ -122.040352625099914, 36.953009567379382 ], [ -122.040352382235227, 36.953009551662859 ], [ -122.040348189465277, 36.953008733801255 ], [ -122.040342260516908, 36.953007577499143 ], [ -122.040339791540404, 36.953007096438753 ], [ -122.040338975256077, 36.953006825150467 ], [ -122.040338465370496, 36.95300665615467 ], [ -122.04033581299376, 36.953005773784476 ], [ -122.04032967728871, 36.953003734344598 ], [ -122.040327819738181, 36.953003117237799 ], [ -122.040326231777129, 36.953002340663858 ], [ -122.04032227099384, 36.953000405867272 ], [ -122.040320445975226, 36.952999513467987 ], [ -122.040316753996208, 36.952997709397224 ], [ -122.040315280519877, 36.95299671142066 ], [ -122.040314546073063, 36.952996214655023 ], [ -122.040310714350255, 36.952993619384088 ], [ -122.040310213357813, 36.952993281748419 ], [ -122.040306851893121, 36.952991003791738 ], [ -122.040304679537542, 36.95298899850664 ], [ -122.040304233177267, 36.952988587152923 ], [ -122.040298817168761, 36.952983587711856 ], [ -122.04029835017721, 36.952983155903276 ], [ -122.04026526985372, 36.952981008295737 ], [ -122.040265097803882, 36.952980996149506 ], [ -122.040260315835539, 36.952980686227939 ], [ -122.040256537916662, 36.952980878522595 ], [ -122.040256411176344, 36.952980885603942 ], [ -122.040225320922644, 36.952982476862672 ], [ -122.040225021416362, 36.952982491633378 ], [ -122.040222233974987, 36.952982633894081 ], [ -122.040217680788601, 36.952983405078626 ], [ -122.040217213048109, 36.952983484253707 ], [ -122.040194113621212, 36.952987395045746 ], [ -122.040192323226123, 36.952987698064604 ], [ -122.04018489646306, 36.952988955998528 ], [ -122.040180443119198, 36.952990270180777 ], [ -122.040175041072359, 36.952991864547748 ], [ -122.040149122359082, 36.952999511951688 ], [ -122.040149082168014, 36.952999523296867 ], [ -122.040124155210066, 36.952991577843925 ], [ -122.04012291077251, 36.952991180636062 ], [ -122.040121520543408, 36.952990737590866 ], [ -122.040117494543551, 36.952989455208325 ], [ -122.040114772564394, 36.952988956757764 ], [ -122.040114595617723, 36.952988924849862 ], [ -122.040110764570358, 36.952988223862299 ], [ -122.040094177885422, 36.952985182451371 ], [ -122.040093965016339, 36.95298515101792 ], [ -122.04009373744293, 36.952985114371572 ], [ -122.040092163840853, 36.95298481883956 ], [ -122.04008435860699, 36.95298339081662 ], [ -122.04008178533374, 36.952983244568294 ], [ -122.040081550382595, 36.952983231450212 ], [ -122.040079042329637, 36.952983089747484 ], [ -122.040059692844181, 36.952981994443327 ], [ -122.040056954330524, 36.952981839562725 ], [ -122.04005568174459, 36.952981767153908 ], [ -122.040050456525549, 36.952981471189027 ], [ -122.040048851891783, 36.952981578897663 ], [ -122.040047985082154, 36.952981636307378 ], [ -122.04004720241042, 36.952981689902252 ], [ -122.040016599957923, 36.952983742379161 ], [ -122.040014295128771, 36.952984530721132 ], [ -122.040013942777662, 36.952984651628377 ], [ -122.040012255717699, 36.952985229944545 ], [ -122.040011625756591, 36.952985557285871 ], [ -122.040009971310099, 36.952986411836171 ], [ -122.040009851364971, 36.952986476503611 ], [ -122.040009791392436, 36.952986508837341 ], [ -122.040008298075293, 36.952987281053645 ], [ -122.040007664223793, 36.9529877472294 ], [ -122.040006194118888, 36.952988830049215 ], [ -122.040006143274738, 36.952988869471874 ], [ -122.040004826898752, 36.952989837612606 ], [ -122.040004257430695, 36.952990431807947 ], [ -122.040004213358998, 36.952990472943576 ], [ -122.040003055579277, 36.952991673298619 ], [ -122.040002907172052, 36.95299182846086 ], [ -122.040001942882981, 36.952992827097596 ], [ -122.040001469249106, 36.9529935497983 ], [ -122.040001418940719, 36.95299361534839 ], [ -122.040000555118539, 36.952994913655175 ], [ -122.040000487735711, 36.952995022687816 ], [ -122.039999727362186, 36.952996163722595 ], [ -122.039999391444468, 36.952996976525668 ], [ -122.039999341158875, 36.952997097949087 ], [ -122.039998778394789, 36.952998457165094 ], [ -122.03999872820161, 36.952998583093269 ], [ -122.039998245732747, 36.952999751097941 ], [ -122.039998069358973, 36.95300067804709 ], [ -122.039998039889426, 36.953000828934876 ], [ -122.039997783533408, 36.953002181400265 ], [ -122.039997755020224, 36.953002324164736 ], [ -122.039997534130251, 36.953003489615632 ], [ -122.039997557011148, 36.953004495941229 ], [ -122.039997563062045, 36.953004681506201 ], [ -122.039997591434144, 36.953006010384833 ], [ -122.039997597780598, 36.953006210364919 ], [ -122.039997620610436, 36.953007268960128 ], [ -122.039997841850635, 36.95300820147191 ], [ -122.03999792053105, 36.953008533872527 ], [ -122.039998377830997, 36.953010464487122 ], [ -122.039998499644256, 36.953010983765338 ], [ -122.040039808650803, 36.953023435998254 ], [ -122.040047679238242, 36.953055758614383 ], [ -122.04001570155873, 36.953061277203119 ], [ -122.040004148573303, 36.953081829102857 ], [ -122.039955265089603, 36.953092730269674 ], [ -122.039946576641213, 36.953094667225656 ], [ -122.039943165461381, 36.953092428666331 ], [ -122.039939222518811, 36.953089830346251 ], [ -122.039936770659892, 36.953088212652268 ], [ -122.039895140587291, 36.953060759830855 ], [ -122.039889918173401, 36.953057315068357 ], [ -122.039880483674281, 36.953052165011407 ], [ -122.039840731110658, 36.953030463093476 ], [ -122.039831800824544, 36.953025588445861 ], [ -122.039831285263276, 36.953025306874196 ], [ -122.039829297976397, 36.953024221953534 ], [ -122.039820462170837, 36.953020285997127 ], [ -122.0398204247564, 36.953020268467469 ], [ -122.03981921220128, 36.953019728447472 ], [ -122.039765198866647, 36.952995660867501 ], [ -122.039621490583201, 36.952994578344011 ], [ -122.039472666050074, 36.953016647142377 ], [ -122.039426092383621, 36.953023553260692 ], [ -122.039378442449831, 36.953016189730022 ], [ -122.039377978341307, 36.953016117454041 ], [ -122.039373678689913, 36.953015453269479 ], [ -122.039371767708474, 36.953015406404177 ], [ -122.039371618276448, 36.953015402068729 ], [ -122.039349226864758, 36.953014852374551 ], [ -122.039323570658311, 36.953014219611802 ], [ -122.039320336265106, 36.953014140652108 ], [ -122.039317099159021, 36.953014477176055 ], [ -122.039314473853693, 36.953014750650397 ], [ -122.039267428993227, 36.953019650571676 ], [ -122.039195408889952, 36.953009806894315 ], [ -122.039093040510693, 36.952979954559858 ], [ -122.039020462603716, 36.952913134182992 ], [ -122.038917876664087, 36.952848926756161 ], [ -122.038777717665255, 36.952803047834948 ], [ -122.038777343109601, 36.952803016730577 ], [ -122.03877689678302, 36.952802990178149 ], [ -122.038776847297513, 36.952802986325324 ], [ -122.038775224672307, 36.952802873462716 ], [ -122.038756992314134, 36.952801603689686 ], [ -122.038756593117242, 36.952801575614046 ], [ -122.038753682947799, 36.95280137250176 ], [ -122.038750448651982, 36.952801517019793 ], [ -122.0387503016686, 36.952801522564322 ], [ -122.038748795029591, 36.952801590210775 ], [ -122.038739815722423, 36.952801990784202 ], [ -122.038737028983007, 36.952802112272835 ], [ -122.038736872025638, 36.952802124257332 ], [ -122.038729596782801, 36.952802447368711 ], [ -122.038725108845469, 36.95280316987089 ], [ -122.038725009157929, 36.952803182000693 ], [ -122.038720024311104, 36.952803984957846 ], [ -122.038712113878191, 36.952805257291523 ], [ -122.038711790432501, 36.952805309322997 ], [ -122.038710268309075, 36.952805552905033 ], [ -122.038705941523759, 36.952806248947653 ], [ -122.038701439137398, 36.952807526771672 ], [ -122.038701088587175, 36.95280762602264 ], [ -122.03869323925484, 36.952809852808507 ], [ -122.038688461105721, 36.952811208168683 ], [ -122.038686783160884, 36.952811683609795 ], [ -122.038685792919509, 36.952811964330699 ], [ -122.038683195104795, 36.952812702441349 ], [ -122.03868100856846, 36.952813619868145 ], [ -122.038669204219772, 36.952818575375005 ], [ -122.038661830837228, 36.952821671833092 ], [ -122.038649508298406, 36.952838055839266 ], [ -122.03865235440631, 36.952850533085723 ], [ -122.03868115285276, 36.952863247316188 ], [ -122.038669687471341, 36.952873786619691 ], [ -122.038508110994741, 36.952874727383012 ], [ -122.038507898242756, 36.952874482363491 ], [ -122.038500914750585, 36.952866409743748 ], [ -122.038500029198246, 36.952865387765485 ], [ -122.038499606555149, 36.952865037372803 ], [ -122.038498225479216, 36.952863889458285 ], [ -122.038497053488868, 36.952862917220216 ], [ -122.038496996400397, 36.952862871111655 ], [ -122.038491640087173, 36.952858422328106 ], [ -122.038491108953892, 36.952857983248073 ], [ -122.038490181347541, 36.952857210552672 ], [ -122.038489096827064, 36.952856561588163 ], [ -122.038489038745155, 36.952856521801102 ], [ -122.038486158150263, 36.952854802492872 ], [ -122.038486085474872, 36.952854762898347 ], [ -122.038480566143861, 36.952851455367515 ], [ -122.038479751051298, 36.952850967765379 ], [ -122.038478822280183, 36.952850412271665 ], [ -122.038478584435396, 36.952850312674506 ], [ -122.038478410008537, 36.952850239276167 ], [ -122.038476784828347, 36.952849563200353 ], [ -122.038476755327636, 36.952849548269434 ], [ -122.038474200281982, 36.952848482532943 ], [ -122.038474107492533, 36.952848447709727 ], [ -122.038470941860652, 36.952847120574425 ], [ -122.038470804921744, 36.95284706831 ], [ -122.038470760753739, 36.952847049967851 ], [ -122.038466250887424, 36.952845167413457 ], [ -122.038463454397132, 36.95284442929038 ], [ -122.038463388900155, 36.952844411229663 ], [ -122.038463333506499, 36.952844393035576 ], [ -122.038462922655981, 36.952844289412845 ], [ -122.038462866139625, 36.95284427123363 ], [ -122.038461270879381, 36.952843849799109 ], [ -122.038461138873686, 36.952843819098128 ], [ -122.038457133166261, 36.952842758083321 ], [ -122.038457009037018, 36.95284272817959 ], [ -122.038456499821265, 36.952842591609574 ], [ -122.038456341811781, 36.952842552239794 ], [ -122.038452789981903, 36.952841612303665 ], [ -122.038449646801581, 36.952841216700406 ], [ -122.03844946663591, 36.952841192041987 ], [ -122.038449203178203, 36.952841157668281 ], [ -122.038449089465942, 36.952841142947264 ], [ -122.038447667408974, 36.952840954437463 ], [ -122.038442835530887, 36.952840345004333 ], [ -122.038442747803941, 36.952840338051146 ], [ -122.038442625129505, 36.952840324349587 ], [ -122.038442586906626, 36.952840322150358 ], [ -122.038442489076473, 36.952840315330477 ], [ -122.038438792940184, 36.952839840508851 ], [ -122.038436231737776, 36.952839844563492 ], [ -122.038434246637649, 36.95283985183098 ], [ -122.038428158762841, 36.9528398699753 ], [ -122.038428078029725, 36.952839875546459 ], [ -122.038424628796591, 36.952839887713189 ], [ -122.038419642372276, 36.952840559104672 ], [ -122.03841925267588, 36.952840611108293 ], [ -122.038413507028096, 36.952841384438265 ], [ -122.038413149830973, 36.952841433309409 ], [ -122.038410654916404, 36.952841768126234 ], [ -122.038405692584021, 36.952843122300123 ], [ -122.038404445274665, 36.952843461382926 ], [ -122.038399845859601, 36.952844717044499 ], [ -122.038399433825617, 36.952844829722409 ], [ -122.038397239610759, 36.952845427323219 ], [ -122.038393545083892, 36.952847004485072 ], [ -122.038391342073552, 36.95284794014745 ], [ -122.038390197810585, 36.952848431072553 ], [ -122.038388329963922, 36.952849228936806 ], [ -122.03838647772254, 36.952850021188034 ], [ -122.03838536351067, 36.952850499099888 ], [ -122.038384730098883, 36.952850767900671 ], [ -122.038380321009868, 36.952851776828233 ], [ -122.038378626620656, 36.952852436324299 ], [ -122.038376191384515, 36.952853382259946 ], [ -122.038373463670823, 36.952854960182783 ], [ -122.038372472708531, 36.952855534697967 ], [ -122.038369272598246, 36.952858170540438 ], [ -122.038368485376097, 36.952859098336859 ], [ -122.038366684848526, 36.952861209245341 ], [ -122.038365977274339, 36.952862462221077 ], [ -122.038364792985192, 36.952864562295389 ], [ -122.038364020330903, 36.952866968749824 ], [ -122.038363903180738, 36.952867334375618 ], [ -122.038363648824784, 36.952868128073852 ], [ -122.03836328942468, 36.952871797048005 ], [ -122.038363723796138, 36.952875460956328 ], [ -122.038364039696404, 36.952876356174464 ], [ -122.038364071024091, 36.952876460298967 ], [ -122.038364097437039, 36.952876543760979 ], [ -122.03836426807851, 36.952877035360878 ], [ -122.038364295281809, 36.952877102591074 ], [ -122.038364368317218, 36.952877324221006 ], [ -122.038364399183592, 36.952877405821916 ], [ -122.038364949853914, 36.952879017992082 ], [ -122.038366868912675, 36.952882309946908 ], [ -122.038366904413792, 36.952882343723687 ], [ -122.038366994078544, 36.95288244527611 ], [ -122.038367051222352, 36.952882494087532 ], [ -122.038367068762241, 36.952882528101263 ], [ -122.038367831023209, 36.952883396702795 ], [ -122.038368369030067, 36.952884006918488 ], [ -122.038369526647472, 36.952885319095536 ], [ -122.038369553001957, 36.952885344882304 ], [ -122.03836967973011, 36.952885446846956 ], [ -122.038369797256237, 36.952885538118693 ], [ -122.038370511891912, 36.952886109956403 ], [ -122.038372783483638, 36.952887919310761 ], [ -122.038372809653467, 36.952887936088047 ], [ -122.038373112961466, 36.952888106916795 ], [ -122.03837348432522, 36.952888311092728 ], [ -122.038373579765747, 36.952888365707196 ], [ -122.038373786436722, 36.95288847833249 ], [ -122.038374924692661, 36.952889119379577 ], [ -122.038376563743938, 36.952890034088753 ], [ -122.038376891893009, 36.952890156826726 ], [ -122.038376937128234, 36.952890172451269 ], [ -122.038378809791809, 36.952890870496496 ], [ -122.038379949249972, 36.952891296143584 ], [ -122.038380725463966, 36.952891585096786 ], [ -122.038381066068894, 36.952891658105052 ], [ -122.038383025118122, 36.952892078345549 ], [ -122.038384756318251, 36.952892448422148 ], [ -122.038385125135278, 36.952892528267668 ], [ -122.038385162364818, 36.952892536788347 ], [ -122.038385083289995, 36.952892897405867 ], [ -122.038384867960204, 36.952893896961385 ], [ -122.038384728577483, 36.952894547656072 ], [ -122.038384489698359, 36.952895658368504 ], [ -122.038384126950959, 36.952896477828986 ], [ -122.038383974558073, 36.952896822291258 ], [ -122.038383768490903, 36.952897287319814 ], [ -122.038383596795882, 36.952897676195022 ], [ -122.038383168597974, 36.95289864431394 ], [ -122.038382632915301, 36.952899408380105 ], [ -122.038382432211534, 36.952899696704947 ], [ -122.038382014371379, 36.95290029339759 ], [ -122.038381817991819, 36.952900573554636 ], [ -122.038381234318408, 36.95290140674431 ], [ -122.03838052662006, 36.95290210549085 ], [ -122.038380298805194, 36.952902331090186 ], [ -122.038379646146794, 36.952902975940468 ], [ -122.038379451326378, 36.95290316776051 ], [ -122.038378745854772, 36.952903865576488 ], [ -122.038377876868196, 36.952904474529824 ], [ -122.038377657661698, 36.952904627019343 ], [ -122.038376743313876, 36.952905269013982 ], [ -122.038376560654044, 36.952905396689189 ], [ -122.0383757713672, 36.952905949618483 ], [ -122.038374763027207, 36.952906443255955 ], [ -122.038374580733333, 36.952906533977604 ], [ -122.038373356662106, 36.952907130493344 ], [ -122.038373253277541, 36.952907181422752 ], [ -122.038372401707434, 36.952907599094331 ], [ -122.038371234764099, 36.952907969559213 ], [ -122.038371104253173, 36.952908011834609 ], [ -122.038369715282911, 36.952908451916848 ], [ -122.038369622681159, 36.952908481075433 ], [ -122.03836873017525, 36.952908764108827 ], [ -122.038367447763221, 36.952908979290335 ], [ -122.038367394082556, 36.952908989911677 ], [ -122.038365756958086, 36.952909265646859 ], [ -122.038364866192708, 36.952909414380215 ], [ -122.038363491480027, 36.952909454146564 ], [ -122.038361840705889, 36.952909502061111 ], [ -122.038361807028622, 36.952909502505442 ], [ -122.038360920470353, 36.952909527720401 ], [ -122.038359423716429, 36.952909365428255 ], [ -122.038359352846498, 36.952909359153821 ], [ -122.03835729450617, 36.952909134879647 ], [ -122.038357008652156, 36.952909103504808 ], [ -122.038254960847709, 36.95290200572552 ], [ -122.03823423387874, 36.952892643666814 ], [ -122.038204279032158, 36.952879111884549 ], [ -122.038196905361517, 36.952875781040852 ], [ -122.038185746247763, 36.952871671943512 ], [ -122.038181632437571, 36.952870157245293 ], [ -122.038153962676162, 36.952859970255354 ], [ -122.038146634517688, 36.952857271442419 ], [ -122.03813635567397, 36.952853487772366 ], [ -122.038132208886196, 36.952852281713859 ], [ -122.038130517873611, 36.952851790344141 ], [ -122.038127202467834, 36.952850825650749 ], [ -122.038123031958648, 36.95284961269536 ], [ -122.038103234487181, 36.952843855722357 ], [ -122.038090840466651, 36.95284025225186 ], [ -122.038073723531795, 36.95283527368656 ], [ -122.038069313414013, 36.952834313519247 ], [ -122.038046508170751, 36.952829344199664 ], [ -122.038015480448152, 36.952822582731649 ], [ -122.038012625724122, 36.9528219616193 ], [ -122.038009726961405, 36.952821328471195 ], [ -122.038009433726643, 36.952821265651217 ], [ -122.037907995117791, 36.952834587672761 ], [ -122.037886396948664, 36.952847273803663 ], [ -122.037880097075828, 36.952850976971277 ], [ -122.037876430491522, 36.952852548340886 ], [ -122.037876389306774, 36.952852566006662 ], [ -122.037855225804293, 36.952861638941499 ], [ -122.037854620270409, 36.952861898359714 ], [ -122.037849611297077, 36.952864046170731 ], [ -122.037843197580344, 36.952865918721912 ], [ -122.037842621633644, 36.952866087631001 ], [ -122.037823225402533, 36.952871754189438 ], [ -122.03782256905464, 36.952871944886255 ], [ -122.037817134282392, 36.952873533266711 ], [ -122.037812312489947, 36.952874348453292 ], [ -122.037812272224784, 36.952874356193874 ], [ -122.037788393773354, 36.95287839303613 ], [ -122.037788306470716, 36.952878406804196 ], [ -122.037783314599551, 36.952879251268349 ], [ -122.037772497279192, 36.952879823803379 ], [ -122.037771938734664, 36.952879855502019 ], [ -122.037748826934234, 36.952881082232643 ], [ -122.037724684221118, 36.952882303629799 ], [ -122.037723947260758, 36.952882341286013 ], [ -122.037719079026814, 36.952882588431386 ], [ -122.037711055684937, 36.952881966986808 ], [ -122.037702944653205, 36.952881340389844 ], [ -122.037693433358513, 36.952880602488023 ], [ -122.037692169259174, 36.952880505609464 ], [ -122.03768940820764, 36.952880291492143 ], [ -122.037684742861614, 36.952879314850179 ], [ -122.037684645877363, 36.952879294500669 ], [ -122.037669708209748, 36.952876167916003 ], [ -122.037663064827854, 36.95287477577709 ], [ -122.037660565818925, 36.952874252700461 ], [ -122.037659193841776, 36.952873767930825 ], [ -122.037658576285452, 36.952873549876735 ], [ -122.037633500875913, 36.952864700158969 ], [ -122.037633280313543, 36.952864621960707 ], [ -122.037600547701103, 36.952898043423048 ], [ -122.037595183533753, 36.952903519489624 ], [ -122.037569014460928, 36.952909698879175 ], [ -122.037563450641088, 36.952907781524509 ], [ -122.037529546491925, 36.952896047251635 ], [ -122.037528559234417, 36.952895706103355 ], [ -122.03752743484641, 36.952895138762663 ], [ -122.037525526495202, 36.95289417802752 ], [ -122.037511017278192, 36.952886858851762 ], [ -122.037492680008512, 36.952877612044254 ], [ -122.037491267443542, 36.952876899807244 ], [ -122.037489144105351, 36.952875420118318 ], [ -122.03748580876956, 36.952873097578809 ], [ -122.037459181705387, 36.952854546264959 ], [ -122.037458008429141, 36.952853729939122 ], [ -122.037454013235376, 36.952837878448861 ], [ -122.037453817651112, 36.952837100598842 ], [ -122.037453025743176, 36.952833960486601 ], [ -122.037452925484615, 36.952833560779879 ], [ -122.037452150003148, 36.952831881277341 ], [ -122.03745204653184, 36.952831653739878 ], [ -122.037448213571878, 36.95282334305638 ], [ -122.037445711952188, 36.952817920248826 ], [ -122.037444481820458, 36.952815259038942 ], [ -122.037444026856306, 36.952814262015508 ], [ -122.03744270104545, 36.952812357262971 ], [ -122.03744264437934, 36.952812276903238 ], [ -122.037437498417688, 36.952804881116258 ], [ -122.037432736549832, 36.952798037198775 ], [ -122.037431525286507, 36.952796297655567 ], [ -122.037428333345289, 36.952793026074801 ], [ -122.03742801794229, 36.952792703102318 ], [ -122.037420434340859, 36.952784929416289 ], [ -122.037419722098718, 36.952784199833381 ], [ -122.03741571811301, 36.952780095447494 ], [ -122.037413039356863, 36.952778086873863 ], [ -122.037412075695102, 36.952777362408405 ], [ -122.037399668232595, 36.952768053619209 ], [ -122.03739859744455, 36.952767252162822 ], [ -122.037397916404871, 36.95276673034283 ], [ -122.03739773069573, 36.952766599415696 ], [ -122.037397631519468, 36.952766526825897 ], [ -122.037396988336269, 36.952766044159105 ], [ -122.037394385629554, 36.952764623959432 ], [ -122.037389696944615, 36.952762067830434 ], [ -122.037389629956607, 36.952762031764991 ], [ -122.037379621280834, 36.952756578169463 ], [ -122.037379584952745, 36.952756558822323 ], [ -122.037379161326882, 36.952756324691933 ], [ -122.037379064856836, 36.952756274596233 ], [ -122.037376063516689, 36.952754634355244 ], [ -122.037375779645728, 36.952754480390283 ], [ -122.037373767516627, 36.952753715677751 ], [ -122.037373172266072, 36.952753490118575 ], [ -122.037352604112172, 36.952745680361048 ], [ -122.037244134185045, 36.952735365325871 ], [ -122.037235067360129, 36.952738950835425 ], [ -122.037231687916019, 36.952740287694716 ], [ -122.037231352692942, 36.952740367814187 ], [ -122.037231300208589, 36.952740382023947 ], [ -122.037226904528467, 36.952741442999951 ], [ -122.037220264127299, 36.952743048148918 ], [ -122.03721840260512, 36.95274349715109 ], [ -122.03721757229016, 36.952743581995477 ], [ -122.037217176759256, 36.952743623257703 ], [ -122.037212324829596, 36.952744117993831 ], [ -122.037206299741158, 36.952744734536871 ], [ -122.037204640252099, 36.952744905111579 ], [ -122.037203388580039, 36.952744866641112 ], [ -122.03720314363764, 36.952744859056118 ], [ -122.037197765008642, 36.952744692053933 ], [ -122.037195013317586, 36.95274460577037 ], [ -122.037190775152112, 36.952744475099792 ], [ -122.037189586484814, 36.952744278090577 ], [ -122.037189107620648, 36.952744197889807 ], [ -122.037183497727867, 36.952743265222296 ], [ -122.037180676458135, 36.95274279685065 ], [ -122.037177189276306, 36.952742216498962 ], [ -122.037175203729376, 36.952741598326256 ], [ -122.037175161972868, 36.95274158806248 ], [ -122.037165080573018, 36.952738450560176 ], [ -122.037164252231292, 36.952738192926674 ], [ -122.037086722212493, 36.952695075728563 ], [ -122.037072949452863, 36.952687416054765 ], [ -122.037063661973789, 36.95268225031721 ], [ -122.036963384078106, 36.952640740540986 ], [ -122.036933030075474, 36.952589909913513 ], [ -122.036906487988404, 36.952569299042956 ], [ -122.036833346123956, 36.95257571442275 ], [ -122.03677693185729, 36.95263887789374 ], [ -122.036725189187507, 36.952640056421913 ], [ -122.036615610614305, 36.952642553190195 ], [ -122.036594232243601, 36.952644695885944 ], [ -122.036592530079233, 36.952644866113189 ], [ -122.036587769889394, 36.952645344294119 ], [ -122.036585631772354, 36.952645281451701 ], [ -122.036585451994881, 36.952645275710218 ], [ -122.036561819290839, 36.952644584133211 ], [ -122.036561665369391, 36.952644579853263 ], [ -122.036560567657645, 36.952644547457666 ], [ -122.036559745234186, 36.952644524050811 ], [ -122.036558729079488, 36.952644361710483 ], [ -122.036558224360547, 36.952644280045462 ], [ -122.036548120138491, 36.952642659490749 ], [ -122.036534761284898, 36.952640518582974 ], [ -122.036532244518412, 36.952640114673279 ], [ -122.036528009984551, 36.952638843927879 ], [ -122.036527211183198, 36.952638603023118 ], [ -122.036517451843835, 36.952635673000479 ], [ -122.036507751247569, 36.952632760226592 ], [ -122.036505978595855, 36.95263222935592 ], [ -122.036503132371308, 36.952630924994267 ], [ -122.036500949229207, 36.952629923705594 ], [ -122.036483220138834, 36.952621799718543 ], [ -122.036482990044846, 36.952621694608098 ], [ -122.036481625307601, 36.952621069143987 ], [ -122.036479225344422, 36.95261951377784 ], [ -122.036478559626488, 36.952619081869528 ], [ -122.036465556027323, 36.952610649584038 ], [ -122.036464017500563, 36.952609652416761 ], [ -122.036459811557592, 36.952606924972116 ], [ -122.036457759528446, 36.952605087454707 ], [ -122.036457183006547, 36.952604569659165 ], [ -122.0364461712512, 36.952594703467987 ], [ -122.036443143495632, 36.952591990236392 ], [ -122.036441100613729, 36.95259016070883 ], [ -122.036439201458904, 36.9525877822661 ], [ -122.036436170577716, 36.952583983143853 ], [ -122.036426291000353, 36.952571607542922 ], [ -122.036425972931909, 36.952571208903095 ], [ -122.036352861814308, 36.95257528679501 ], [ -122.036344535684577, 36.952565789840278 ], [ -122.036369807711978, 36.952556050235906 ], [ -122.036363677582358, 36.952546317072915 ], [ -122.036311615417972, 36.952560143297404 ], [ -122.036171633083626, 36.952492820581604 ], [ -122.036087778410419, 36.952452486018615 ], [ -122.036090231514947, 36.952446868136619 ], [ -122.036094243237841, 36.952437685347931 ], [ -122.036095132423227, 36.952435647762577 ], [ -122.036095696412573, 36.952432917843161 ], [ -122.036096589492303, 36.952428600200662 ], [ -122.03609724450817, 36.952425434709333 ], [ -122.036097958607328, 36.952421973751122 ], [ -122.03609823763037, 36.95242062820607 ], [ -122.036098772087001, 36.952418046470576 ], [ -122.036098745077894, 36.952415573065132 ], [ -122.036098742693213, 36.952415181980932 ], [ -122.036098600332167, 36.952401798510124 ], [ -122.036098595849822, 36.952401414663015 ], [ -122.036098583413292, 36.952400202728938 ], [ -122.036097952030801, 36.952397441696185 ], [ -122.03609765966776, 36.952396158651347 ], [ -122.036095570409245, 36.952387010279494 ], [ -122.036095287929712, 36.952385771262676 ], [ -122.036094576209578, 36.952382650813078 ], [ -122.036093135629315, 36.952379524645657 ], [ -122.036092124006245, 36.952377332766083 ], [ -122.036088609385416, 36.952369700045907 ], [ -122.036088379116464, 36.952369202018971 ], [ -122.036087031365653, 36.952366277395853 ], [ -122.036086866761494, 36.952365915484442 ], [ -122.036085912376819, 36.952364600607929 ], [ -122.036083506658969, 36.952361280783485 ], [ -122.036078025080684, 36.952353718134724 ], [ -122.036077936118403, 36.952353595843974 ], [ -122.036075687548333, 36.952350492937768 ], [ -122.03607347616034, 36.952348384453273 ], [ -122.036071536201831, 36.952346535539753 ], [ -122.036064196624835, 36.952339538982258 ], [ -122.036063296504452, 36.952338681194171 ], [ -122.036061367993241, 36.952336842943964 ], [ -122.036059676086694, 36.9523357027009 ], [ -122.036056533685439, 36.952333586655342 ], [ -122.036044337462499, 36.952325370787172 ], [ -122.036002046159979, 36.952312547088809 ], [ -122.035937861558452, 36.952306166896115 ], [ -122.035821298643754, 36.952294579242192 ], [ -122.035790379646613, 36.95230942173832 ], [ -122.035574706889491, 36.952205693279147 ], [ -122.035542089580417, 36.952149060526523 ], [ -122.035541581204683, 36.952149019458751 ], [ -122.035522937809901, 36.95214751578137 ], [ -122.03552287593989, 36.952147510287858 ], [ -122.035499059940278, 36.952145588987648 ], [ -122.035493494822717, 36.952145140489193 ], [ -122.035488938073414, 36.952144254251373 ], [ -122.035488779128585, 36.952144223901861 ], [ -122.035460102740572, 36.952138647399117 ], [ -122.035451309433583, 36.952136938293222 ], [ -122.035446027799878, 36.952135911101379 ], [ -122.03544113754559, 36.952134365078123 ], [ -122.035435644912042, 36.952132628726005 ], [ -122.035400588067333, 36.95212154345986 ], [ -122.035393716272353, 36.952118255398005 ], [ -122.035246380585875, 36.952047734586323 ], [ -122.035234303914592, 36.952041954774472 ], [ -122.035196688940772, 36.952040027658875 ], [ -122.034911347080538, 36.952025396531411 ], [ -122.034908707653301, 36.95201860477993 ], [ -122.034908558311173, 36.952018220136381 ], [ -122.034908442168401, 36.952017921569748 ], [ -122.034908046374738, 36.952017290541498 ], [ -122.034907188683817, 36.952015925718626 ], [ -122.034906588653527, 36.952014971149033 ], [ -122.034906514305305, 36.952014849566226 ], [ -122.034904201267381, 36.952011171627923 ], [ -122.03490409797125, 36.952011007169169 ], [ -122.034904049184846, 36.952010927605691 ], [ -122.034903341813916, 36.952010160093849 ], [ -122.034901664701636, 36.952008314009525 ], [ -122.034901622190901, 36.952008266806196 ], [ -122.034900756076453, 36.95200731393701 ], [ -122.034898424483458, 36.95200476092532 ], [ -122.034898286645699, 36.952004609537916 ], [ -122.034897030247009, 36.952003624857838 ], [ -122.034894556150775, 36.952001681122596 ], [ -122.034891943996556, 36.951999630160991 ], [ -122.034891310644483, 36.951999132932244 ], [ -122.03489118570792, 36.951999063383134 ], [ -122.034890812002416, 36.951998853819958 ], [ -122.034889404648951, 36.951998064882417 ], [ -122.034887452039214, 36.9519969686081 ], [ -122.034886947729163, 36.951996686866856 ], [ -122.03488446589202, 36.951995298365048 ], [ -122.034883309571129, 36.951994650312834 ], [ -122.034882908943203, 36.951994496977683 ], [ -122.034882164238965, 36.95199421029033 ], [ -122.034878333411584, 36.951992745823205 ], [ -122.034876180878427, 36.951991921635731 ], [ -122.034874502529036, 36.951991278653075 ], [ -122.034873770340013, 36.9519911098565 ], [ -122.03487312952042, 36.95199096148562 ], [ -122.034868990214889, 36.951990006645403 ], [ -122.034867302446244, 36.951989617020438 ], [ -122.034865125036376, 36.951989113983181 ], [ -122.034864055159048, 36.95198901451738 ], [ -122.034863472401, 36.951988960006865 ], [ -122.034859199645553, 36.951988562955911 ], [ -122.034857975627247, 36.951988448396627 ], [ -122.034855433111375, 36.95198821150985 ], [ -122.034854016069275, 36.951988267112426 ], [ -122.034853460713649, 36.951988289743269 ], [ -122.034845719190571, 36.951988595320394 ], [ -122.034845686654648, 36.951988596649848 ], [ -122.03474666594218, 36.952015148682676 ], [ -122.034687654046436, 36.951967191908444 ], [ -122.034686337548351, 36.951946726139042 ], [ -122.034681966233066, 36.95187880798094 ], [ -122.03466170244802, 36.951862403627665 ], [ -122.034647617764364, 36.951862373629943 ], [ -122.034647417893254, 36.951862373557113 ], [ -122.034644187272463, 36.951862366513772 ], [ -122.034640823291284, 36.951862811819581 ], [ -122.034638164811469, 36.951863164028907 ], [ -122.034629882526474, 36.951864260742774 ], [ -122.03462935507045, 36.951864329867092 ], [ -122.034626903748872, 36.951864654116271 ], [ -122.034622445165795, 36.951865878035946 ], [ -122.034620529086538, 36.951866404315751 ], [ -122.034612774283659, 36.951868532254046 ], [ -122.03461033115363, 36.951869202451178 ], [ -122.034608104054357, 36.951870168999271 ], [ -122.034603776741633, 36.951872047255172 ], [ -122.034596836095531, 36.951875058454881 ], [ -122.034596370841328, 36.951875259235031 ], [ -122.034594922852079, 36.951875888397204 ], [ -122.034591447049607, 36.951878060046752 ], [ -122.034588380391142, 36.951879977583332 ], [ -122.034582591864265, 36.951883596339158 ], [ -122.03458247653532, 36.951883667248516 ], [ -122.034581102857373, 36.951884526136567 ], [ -122.034580124339385, 36.951885380724853 ], [ -122.034574811490501, 36.951890023277222 ], [ -122.034570127400499, 36.95189411413768 ], [ -122.034569798694363, 36.951894403239258 ], [ -122.034569253703168, 36.951894878128662 ], [ -122.034566890142017, 36.95189779393877 ], [ -122.03456327795287, 36.951902248288796 ], [ -122.034560366769711, 36.951905839987667 ], [ -122.034560171832069, 36.951906081368122 ], [ -122.034559700856903, 36.951906661623447 ], [ -122.034558501865391, 36.951908870894975 ], [ -122.034553808676236, 36.951917517378767 ], [ -122.03455287046522, 36.951919245588478 ], [ -122.0345528174294, 36.951919342713595 ], [ -122.034552704880099, 36.951919549665718 ], [ -122.034552281333674, 36.951920912428974 ], [ -122.034548460655671, 36.951933188227812 ], [ -122.034544736610968, 36.951934641291686 ], [ -122.034544125036916, 36.951934880044888 ], [ -122.034544012191944, 36.951934907664516 ], [ -122.034543121688642, 36.951935123954343 ], [ -122.034539510540299, 36.951936002376719 ], [ -122.034539097124849, 36.951936047470042 ], [ -122.034538951486311, 36.951936063805867 ], [ -122.034537659712427, 36.951936205171137 ], [ -122.034537624968252, 36.951936208331929 ], [ -122.034534734482747, 36.951936526643685 ], [ -122.034533985255138, 36.951936513073548 ], [ -122.03453366963106, 36.95193650821566 ], [ -122.034532418268384, 36.951936484131615 ], [ -122.034531583670784, 36.951936468981479 ], [ -122.034529914494087, 36.951936439582084 ], [ -122.034528834422474, 36.951936280769026 ], [ -122.034528327612705, 36.951936206332341 ], [ -122.034527580905674, 36.951936096301857 ], [ -122.034527311748093, 36.951936057488467 ], [ -122.034525171884695, 36.951935743200167 ], [ -122.034523727402103, 36.951935335048162 ], [ -122.034523388590088, 36.951935239475461 ], [ -122.034522703052971, 36.951935045730622 ], [ -122.03452243199969, 36.951934969092278 ], [ -122.034520623843079, 36.951934457584073 ], [ -122.034519337953697, 36.951933897747566 ], [ -122.034518875714383, 36.951933696557937 ], [ -122.034517822048855, 36.951933236400514 ], [ -122.034516386600657, 36.951932610943267 ], [ -122.034514463570559, 36.951931423253576 ], [ -122.034514337364612, 36.951931346511252 ], [ -122.034513641391769, 36.95193091679252 ], [ -122.034513394592736, 36.951930763233975 ], [ -122.034512565586553, 36.951930252356824 ], [ -122.0345104390194, 36.951928445526271 ], [ -122.034509986514053, 36.95192806126736 ], [ -122.034509919049498, 36.951928001775691 ], [ -122.034509547681978, 36.951927686741605 ], [ -122.034509255170178, 36.951927439159959 ], [ -122.034462566701023, 36.951883263683513 ], [ -122.034411831749352, 36.951915274685369 ], [ -122.034255910002543, 36.95184778908731 ], [ -122.034255654480575, 36.95184731842491 ], [ -122.03424098408567, 36.951820430777701 ], [ -122.034236859227121, 36.951812871821467 ], [ -122.03423565416216, 36.951810661744844 ], [ -122.034233053078893, 36.951802995322403 ], [ -122.03423069931074, 36.951796057410043 ], [ -122.034224285564861, 36.951777151076868 ], [ -122.034224034606567, 36.951776409096844 ], [ -122.034222386990237, 36.951771553549179 ], [ -122.034221258560962, 36.951763970483896 ], [ -122.034221150756778, 36.951763255458225 ], [ -122.034216940284907, 36.951734960397147 ], [ -122.03421673728262, 36.951733597768907 ], [ -122.034216396313923, 36.951731307831601 ], [ -122.034216481935829, 36.951728848264828 ], [ -122.034217759141995, 36.951692265766752 ], [ -122.034217811015608, 36.95169079254341 ], [ -122.034191600417174, 36.951664259509798 ], [ -122.034167051505648, 36.951665477408845 ], [ -122.034114944751266, 36.95169541467493 ], [ -122.034015822712561, 36.951682200712106 ], [ -122.03400128174637, 36.951749162822232 ], [ -122.033947953908324, 36.951765995686159 ], [ -122.033832375917271, 36.951776020704543 ], [ -122.033831930003672, 36.951775904009104 ], [ -122.033829267256905, 36.951775167621392 ], [ -122.033827869266105, 36.951774781378965 ], [ -122.033826486071661, 36.951774184965124 ], [ -122.033826294611018, 36.951774101871017 ], [ -122.033824816238365, 36.951773463452213 ], [ -122.033824635009594, 36.951773386531826 ], [ -122.033823682270324, 36.951772974605809 ], [ -122.033822212989392, 36.951772066612286 ], [ -122.033821986692857, 36.951771927201648 ], [ -122.033820791481673, 36.951771188630694 ], [ -122.033820629998957, 36.951771088920808 ], [ -122.033819915831458, 36.951770647721936 ], [ -122.033818510095756, 36.951769442401648 ], [ -122.033818191252806, 36.951769169931481 ], [ -122.033817273516604, 36.951768382650918 ], [ -122.033817150053736, 36.951768275231352 ], [ -122.033816667777572, 36.951767862523461 ], [ -122.033815401682062, 36.951766347160003 ], [ -122.033815004573441, 36.951765871149775 ], [ -122.03381439912954, 36.951765145547661 ], [ -122.033814303583497, 36.951765030551385 ], [ -122.033814022742163, 36.951764694498138 ], [ -122.033813033919699, 36.951762955597331 ], [ -122.033812274558301, 36.951761621014768 ], [ -122.033812248923567, 36.951761575391394 ], [ -122.033812176730521, 36.951761449273647 ], [ -122.033812048612205, 36.951761223859748 ], [ -122.03381083456604, 36.951757638684647 ], [ -122.033810819107984, 36.951757596532211 ], [ -122.033810801184003, 36.951757543597942 ], [ -122.033810309367709, 36.951753749759384 ], [ -122.033810311852207, 36.951753706469709 ], [ -122.033810387619027, 36.95175268803213 ], [ -122.033810589780472, 36.95174994125626 ], [ -122.033810656693163, 36.951749698857697 ], [ -122.03381069127208, 36.951749577643696 ], [ -122.03381083047104, 36.951749081060498 ], [ -122.033811033509352, 36.951748356538175 ], [ -122.033811631048991, 36.951746220973476 ], [ -122.033811818775249, 36.951745846313443 ], [ -122.033811871701516, 36.951745743782965 ], [ -122.03381289343946, 36.951743706274478 ], [ -122.033813408145363, 36.951742682963754 ], [ -122.033795819747667, 36.951734110636551 ], [ -122.033739871224398, 36.951752653187434 ], [ -122.033718567055487, 36.951855907636642 ], [ -122.033721879061446, 36.951900313348588 ], [ -122.033721783164765, 36.951900401124 ], [ -122.033721917588366, 36.951902199928725 ], [ -122.033709683601373, 36.951913452674582 ], [ -122.033673332093713, 36.951918460210706 ], [ -122.033637947052156, 36.951926806539888 ], [ -122.033603998918551, 36.951938380036104 ], [ -122.033595678761571, 36.951941582348688 ], [ -122.033639292572147, 36.952191530739356 ], [ -122.033641026500035, 36.952194015937465 ], [ -122.033646533443502, 36.952193650615769 ], [ -122.033641065025108, 36.952195902517651 ], [ -122.033669065702185, 36.952360902145927 ], [ -122.0337550649825, 36.952855902676099 ], [ -122.033784065725925, 36.953021902070937 ], [ -122.033811065571911, 36.953192902339993 ], [ -122.033892064925112, 36.953706902551808 ], [ -122.033919065463891, 36.953878902218932 ], [ -122.033881065151235, 36.953881902024236 ], [ -122.033770065927541, 36.953891902752019 ], [ -122.033733065183142, 36.953895902295358 ], [ -122.033763065038613, 36.954090902311599 ], [ -122.033855065866305, 36.954677902787786 ], [ -122.033886065946675, 36.954873902568913 ], [ -122.033916065686498, 36.955069902889903 ], [ -122.03397106535499, 36.955414902957664 ], [ -122.033946065501382, 36.955660902886414 ], [ -122.033926065756205, 36.955858902847162 ], [ -122.033919065104925, 36.955925902740667 ], [ -122.033898065321253, 36.956126902391034 ], [ -122.033892065374559, 36.956194902955779 ], [ -122.033881065254562, 36.956295902310025 ], [ -122.033850066254303, 36.956600902615804 ], [ -122.033841066198931, 36.956702903012122 ], [ -122.033831065278719, 36.956792902836739 ], [ -122.033803065913546, 36.957063902407342 ], [ -122.03379506619595, 36.957154902359186 ], [ -122.033786065565579, 36.95723890243157 ], [ -122.033760065229487, 36.957490902989719 ], [ -122.033752065272424, 36.95757590283332 ], [ -122.033741065827257, 36.957681902862667 ], [ -122.033710065669354, 36.958002902854027 ], [ -122.033701066300125, 36.958109903027186 ], [ -122.033861065886654, 36.958118902885268 ], [ -122.034345065534126, 36.958148902626355 ], [ -122.034506066088099, 36.958158903168282 ], [ -122.034508066314061, 36.958261902481738 ], [ -122.034517065831494, 36.958572903054723 ], [ -122.034520065756752, 36.958676903052073 ], [ -122.034577066301793, 36.95868690319061 ], [ -122.034749066563933, 36.958717903232056 ], [ -122.034807065707327, 36.95872890305121 ], [ -122.034945066106403, 36.95875990242893 ], [ -122.03536006636854, 36.958852902658357 ], [ -122.035499065808679, 36.958884902970432 ], [ -122.035637065675829, 36.958915902445341 ], [ -122.036054066842496, 36.95900990303516 ], [ -122.03619306686889, 36.959041902520426 ], [ -122.036176066003975, 36.959091902737832 ], [ -122.036139066657725, 36.959236902949478 ], [ -122.03685106656566, 36.959329902439904 ], [ -122.036838066429297, 36.959416902401586 ], [ -122.036834066331451, 36.959514902610749 ], [ -122.036838066045576, 36.959593903064928 ], [ -122.036840066109832, 36.959611903181276 ], [ -122.036857066348617, 36.959707902640062 ], [ -122.036885066003549, 36.959802902798977 ], [ -122.036923066257174, 36.959894902658633 ], [ -122.036970066833675, 36.959984903096796 ], [ -122.037027066686889, 36.960070902913195 ], [ -122.037093066133352, 36.960151902334971 ], [ -122.037168066592386, 36.96022890254882 ], [ -122.037219066927833, 36.960271902741262 ], [ -122.037251066962241, 36.960299902578349 ], [ -122.037341066672852, 36.960364902981027 ], [ -122.037438066558977, 36.960422902508817 ], [ -122.037527066384754, 36.960467902354608 ], [ -122.037634066782203, 36.960512902688343 ], [ -122.037746067012534, 36.960549902925187 ], [ -122.037828066558149, 36.960569903058747 ], [ -122.037862066453044, 36.960578902728962 ], [ -122.037980067268933, 36.96059990230259 ], [ -122.038100066940757, 36.960611903155538 ], [ -122.038221067298196, 36.960615902546493 ], [ -122.038341067168759, 36.960611902539959 ], [ -122.038461066829186, 36.960598903139541 ], [ -122.038634067086633, 36.960564902305968 ], [ -122.038748066536826, 36.960531902388126 ], [ -122.038858066940733, 36.960490903008449 ], [ -122.038963066803944, 36.960442902394881 ], [ -122.039043067074786, 36.96039690244703 ], [ -122.039062066405648, 36.960386902621515 ], [ -122.039155067390979, 36.960324902519183 ], [ -122.039240067196985, 36.9602559029831 ], [ -122.039368066664466, 36.960133902759821 ], [ -122.039412066534993, 36.960153902353966 ], [ -122.039773067009634, 36.960351902664854 ], [ -122.040984066983484, 36.961014902140114 ], [ -122.041388067448651, 36.96123690295849 ], [ -122.041441067732492, 36.961265902870679 ], [ -122.041601067491655, 36.961353902197722 ], [ -122.041655067744742, 36.961383902633507 ], [ -122.043278067319392, 36.962271902384401 ], [ -122.043854067435959, 36.962566902932423 ], [ -122.043941067444521, 36.962512902599215 ], [ -122.044096067713753, 36.962436902241159 ], [ -122.044386067995859, 36.962327902011573 ], [ -122.044932068151198, 36.962138902226798 ], [ -122.045248067735258, 36.962027902583863 ], [ -122.046196067699825, 36.961697902099651 ], [ -122.046513067978339, 36.961587902257016 ], [ -122.046847068121338, 36.961470901788786 ], [ -122.046866067878014, 36.961463902540423 ], [ -122.047182067865393, 36.961353902408703 ], [ -122.047589068312618, 36.961211901851634 ], [ -122.047656067798926, 36.961222902050352 ], [ -122.047803068462613, 36.96118990222925 ], [ -122.048182068504843, 36.961045902004898 ], [ -122.048278068675657, 36.960965902099275 ], [ -122.048356068218624, 36.96098890208652 ], [ -122.049293068419928, 36.960659901714521 ], [ -122.049411068572837, 36.960560901639319 ], [ -122.04952306846657, 36.960579901979855 ], [ -122.049839068178201, 36.960515902148899 ], [ -122.050192068236655, 36.960473901497693 ], [ -122.05040406851495, 36.960463902280651 ], [ -122.050784068254529, 36.960416901512637 ], [ -122.050927068481982, 36.960422902193066 ], [ -122.05111506882578, 36.960437901801896 ], [ -122.052108068909646, 36.960516901322677 ], [ -122.052289260241793, 36.960529797978879 ], [ -122.052320272049329, 36.960678282654193 ], [ -122.052417148489624, 36.961278698515322 ], [ -122.052312165484707, 36.961433211193736 ], [ -122.052489554459484, 36.962550812327272 ], [ -122.052540991471574, 36.962874879925323 ], [ -122.052626480115791, 36.962866141973436 ], [ -122.052908400725656, 36.963454396874056 ], [ -122.053038397403014, 36.96348612329718 ], [ -122.052946721499353, 36.963785016742342 ], [ -122.053231183063119, 36.963937739936306 ], [ -122.053490703003192, 36.964247189309226 ], [ -122.053641814669277, 36.964427368261184 ], [ -122.053643804377415, 36.964461981755932 ], [ -122.053662847168383, 36.964793202553317 ], [ -122.053663877018053, 36.964811060364106 ], [ -122.053670797478688, 36.964931457486074 ], [ -122.05368834024776, 36.965236524066853 ], [ -122.05366065579959, 36.965346288565428 ], [ -122.053549772163748, 36.965785936011542 ], [ -122.05353567792433, 36.965841810209191 ], [ -122.053516401459689, 36.965918242033631 ], [ -122.054009657045512, 36.965904847127696 ], [ -122.054006966833768, 36.965919749036296 ], [ -122.054063634737446, 36.965922284129789 ], [ -122.054190326513776, 36.9661059943179 ], [ -122.054332281530193, 36.966311836983671 ], [ -122.054695110534354, 36.966837944881348 ], [ -122.054970351549755, 36.967053008889771 ], [ -122.055244567811968, 36.967267267656595 ], [ -122.055301772368253, 36.967340446661098 ], [ -122.055497311347722, 36.9676059189838 ], [ -122.055766742925243, 36.967971714579512 ], [ -122.055914127168037, 36.968436095449746 ], [ -122.056093620864004, 36.968975309007192 ], [ -122.056223950515374, 36.969149482668065 ], [ -122.056667188671895, 36.969741815627088 ], [ -122.056766873767202, 36.970384716846773 ], [ -122.056779827812463, 36.970503930302868 ], [ -122.056725227207849, 36.970730098749392 ], [ -122.056696959342929, 36.970869951832412 ], [ -122.056755822645087, 36.971068490069776 ], [ -122.056873928947212, 36.971466878950601 ], [ -122.057482146191887, 36.97148826308463 ], [ -122.058375018096996, 36.971489634621371 ], [ -122.058380384322703, 36.971554884975951 ], [ -122.056899660917708, 36.971553669948982 ], [ -122.056907151834608, 36.971578937617899 ], [ -122.05655998788616, 36.972543455233819 ], [ -122.056321537181148, 36.972783916964765 ], [ -122.056260450655216, 36.972949671977922 ], [ -122.056113653499523, 36.973208904974825 ], [ -122.055696048926535, 36.974250373499544 ], [ -122.055445163618742, 36.974881010110067 ], [ -122.055265071363422, 36.974966902756883 ], [ -122.054113071135163, 36.975076903073678 ], [ -122.053730070546663, 36.975113902754202 ], [ -122.053281070074647, 36.975156902548754 ], [ -122.053201070880931, 36.97516790268714 ], [ -122.053126070634079, 36.975189902841578 ], [ -122.05299407018822, 36.975244902995478 ], [ -122.052877070922804, 36.975308902635824 ], [ -122.052806070678585, 36.975360903180558 ], [ -122.052806094762758, 36.975360927192092 ], [ -122.052806051621516, 36.975360959308162 ], [ -122.052802088518376, 36.975357736238642 ], [ -122.052792422348588, 36.975354598110023 ], [ -122.052790882773877, 36.975355973099219 ], [ -122.052726527349179, 36.975413457198073 ], [ -122.052838621098729, 36.975517233082137 ], [ -122.052944613328847, 36.975625058054071 ], [ -122.05304427462066, 36.975736701776633 ], [ -122.053137393312426, 36.97585192376264 ], [ -122.053223771138491, 36.975970479741306 ], [ -122.053303220778659, 36.976092111777547 ], [ -122.053375574054087, 36.976216564384238 ], [ -122.053440673732069, 36.976343568409568 ], [ -122.053498381610027, 36.976472851743658 ], [ -122.053548574042964, 36.976604140279221 ], [ -122.053591145126333, 36.976737148857005 ], [ -122.053626001379726, 36.976871595755746 ], [ -122.053647552452915, 36.977172167249684 ], [ -122.053649339175251, 36.977197118193857 ], [ -122.053644070513201, 36.977204903484136 ], [ -122.053691071273491, 36.977444902973289 ], [ -122.053767071032013, 36.9776889031453 ], [ -122.053806070670348, 36.977778902973213 ], [ -122.053883070944735, 36.977926902844523 ], [ -122.054078070778615, 36.978370903342523 ], [ -122.05415007096903, 36.978545903621843 ], [ -122.054204071590206, 36.978721903417856 ], [ -122.054248071674166, 36.978901903474785 ], [ -122.054267071254571, 36.979081903230252 ], [ -122.054264071726195, 36.979266903068861 ], [ -122.05424207171481, 36.979432903021141 ], [ -122.054204071735498, 36.979589903279177 ], [ -122.054143070754222, 36.979766902864448 ], [ -122.054103071115776, 36.979865903742201 ], [ -122.053981071815983, 36.980213903492697 ], [ -122.053964071233111, 36.980249903732677 ], [ -122.053790071659208, 36.980636903047767 ], [ -122.053694071776462, 36.980913903531885 ], [ -122.053669071131722, 36.980964903399645 ], [ -122.053619071308006, 36.981048903578881 ], [ -122.053532071695614, 36.981167903206881 ], [ -122.053398071041116, 36.981323903565503 ], [ -122.053310071174707, 36.981428903698919 ], [ -122.053211071367201, 36.981566903216375 ], [ -122.053162071599829, 36.981655903208065 ], [ -122.053098071549627, 36.981726903326937 ], [ -122.053060071522054, 36.981792903467444 ], [ -122.053033071868924, 36.981860903770361 ], [ -122.053024071525371, 36.981917903275559 ], [ -122.053023071252625, 36.981976903251493 ], [ -122.053040070804286, 36.982085903251196 ], [ -122.053107071863707, 36.982312903817849 ], [ -122.053140071164464, 36.982505903612257 ], [ -122.053160071548504, 36.982667903336335 ], [ -122.053210071487356, 36.982941903942113 ], [ -122.053235071099834, 36.983022903683015 ], [ -122.053276071068311, 36.983102903611211 ], [ -122.053342071277982, 36.983197903492574 ], [ -122.05352207142343, 36.983354903847314 ], [ -122.053817071525941, 36.983557903683675 ], [ -122.054056071343396, 36.983737903376117 ], [ -122.054079071652922, 36.983753904023743 ], [ -122.054237071915679, 36.983857903484967 ], [ -122.054449071575434, 36.983988903828177 ], [ -122.054496071933514, 36.984017903289939 ], [ -122.054709072315234, 36.984171903602146 ], [ -122.054824072023408, 36.984281903307128 ], [ -122.055032071951914, 36.984545903538169 ], [ -122.055167071440081, 36.9847389038326 ], [ -122.055241072056489, 36.984843903817186 ], [ -122.055379072473016, 36.985055903379653 ], [ -122.055472072434199, 36.985172903409349 ], [ -122.055555072286211, 36.985246903821064 ], [ -122.055814071909779, 36.98541990323583 ], [ -122.055966072546681, 36.985514903648351 ], [ -122.056049072019533, 36.985559903328024 ], [ -122.056198072227559, 36.98563190356461 ], [ -122.05633007250573, 36.985696903763724 ], [ -122.056479072057712, 36.985781903371723 ], [ -122.056562072712552, 36.985838903871247 ], [ -122.056635072303152, 36.985902903968316 ], [ -122.056705072650345, 36.985977903460331 ], [ -122.056757072650441, 36.986053903750204 ], [ -122.056798072262453, 36.98612490321527 ], [ -122.056838072762957, 36.986207903676657 ], [ -122.05686107232853, 36.986297903501296 ], [ -122.056904072077742, 36.986624903491368 ], [ -122.056979072966129, 36.987251903611529 ], [ -122.057012072410416, 36.98749090395247 ], [ -122.05704807262191, 36.987675903471278 ], [ -122.057089072722619, 36.987805903991102 ], [ -122.057148072751204, 36.987949903982376 ], [ -122.057226072946435, 36.98807190360543 ], [ -122.057458073007993, 36.988394904110763 ], [ -122.057570072179786, 36.988514904034723 ], [ -122.057641072316244, 36.988574903723034 ], [ -122.057801072258513, 36.988679903754658 ], [ -122.057882072824896, 36.988740903454236 ], [ -122.058192072851767, 36.989011903767853 ], [ -122.058420072536165, 36.989219904096004 ], [ -122.05879807354215, 36.989602904067574 ], [ -122.059009073213844, 36.989793904139816 ], [ -122.059065073386805, 36.989851903648386 ], [ -122.059108072726275, 36.98990690378794 ], [ -122.0591580729469, 36.989995903411121 ], [ -122.059254073621275, 36.990233903488352 ], [ -122.059474072847451, 36.990613903456897 ], [ -122.059535073483843, 36.990799903699433 ], [ -122.05957507276031, 36.991040904292703 ], [ -122.059594073139436, 36.991124903813173 ], [ -122.059645073733336, 36.991266903524895 ], [ -122.05969707345082, 36.991378903525494 ], [ -122.059742073811705, 36.991451904188615 ], [ -122.059798072973578, 36.991514904115284 ], [ -122.060024073222607, 36.991709904176602 ], [ -122.060144073818478, 36.99183190356748 ], [ -122.060186072971675, 36.99189490400304 ], [ -122.060208073863876, 36.991938903455463 ], [ -122.060228073363774, 36.991999903666006 ], [ -122.060235073206059, 36.992048903505719 ], [ -122.060215074011936, 36.992237903596362 ], [ -122.060219073663944, 36.99230790354018 ], [ -122.060257073083079, 36.992403904212672 ], [ -122.060321073757578, 36.992500904390496 ], [ -122.060384073324258, 36.992527904139109 ], [ -122.060449073824529, 36.992548903973272 ], [ -122.060523073379201, 36.992561904250017 ], [ -122.06058107350529, 36.992572904278042 ], [ -122.060648073858843, 36.992589903883704 ], [ -122.060726073186714, 36.992618903499284 ], [ -122.060806073584928, 36.992655904130274 ], [ -122.060880073592756, 36.992696904287314 ], [ -122.060944074158783, 36.99273890424459 ], [ -122.061080073390997, 36.992853903558384 ], [ -122.061108073669189, 36.992876904046639 ], [ -122.061252074147077, 36.992980904258992 ] ] ] } }
]
}
