{"type": "FeatureCollection", "features": [{"type": "Feature", "properties": {"id": 31681}, "geometry": {"type": "Polygon", "coordinates": [[[-122.042905, 36.955901], [-122.042803, 36.955914], [-122.042702, 36.955928], [-122.042533, 36.95595], [-122.042364, 36.955973], [-122.042196, 36.955995], [-122.042027, 36.956018], [-122.041858, 36.956041], [-122.041689, 36.956063], [-122.041521, 36.956086], [-122.041352, 36.956108], [-122.041183, 36.956131], [-122.041014, 36.956154], [-122.041, 36.956086], [-122.040831, 36.956109], [-122.040667, 36.956131], [-122.040502, 36.956153], [-122.040322, 36.956177], [-122.039989, 36.956221], [-122.039778, 36.95625], [-122.039794, 36.956317], [-122.039608, 36.956342], [-122.039439, 36.956365], [-122.039365, 36.956375], [-122.03927, 36.956387], [-122.039101, 36.95641], [-122.038933, 36.956432], [-122.038764, 36.956455], [-122.038596, 36.956478], [-122.038553, 36.956483], [-122.038427, 36.9565], [-122.038413, 36.956432], [-122.038244, 36.956455], [-122.038176, 36.956464], [-122.037879, 36.956504], [-122.03786, 36.956501], [-122.037711, 36.956524], [-122.037652, 36.956171], [-122.037538, 36.955486], [-122.037512, 36.955324], [-122.037454, 36.954977], [-122.037372, 36.954485], [-122.037246, 36.953728], [-122.037083, 36.95275], [-122.037074, 36.952692], [-122.037151, 36.952735], [-122.037164, 36.952739], [-122.037178, 36.952741], [-122.037192, 36.952742], [-122.037205, 36.95274], [-122.037219, 36.952737], [-122.037231, 36.952732], [-122.03734, 36.952743], [-122.037363, 36.952752], [-122.037385, 36.952764], [-122.037404, 36.952778], [-122.037419, 36.952795], [-122.037431, 36.952812], [-122.03744, 36.952831], [-122.037445, 36.952851], [-122.037478, 36.952874], [-122.037516, 36.952893], [-122.037556, 36.952907], [-122.037582, 36.952901], [-122.037588, 36.952895], [-122.03762, 36.952862], [-122.037648, 36.952871], [-122.037676, 36.952877], [-122.037706, 36.95288], [-122.037736, 36.952878], [-122.03777, 36.952876], [-122.037804, 36.952871], [-122.037837, 36.952861], [-122.037867, 36.952848], [-122.037895, 36.952832], [-122.037996, 36.952818], [-122.038052, 36.95283], [-122.038106, 36.952845], [-122.038159, 36.952863], [-122.038201, 36.95288], [-122.038242, 36.952899], [-122.038344, 36.952906], [-122.038348, 36.952907], [-122.038352, 36.952906], [-122.038356, 36.952906], [-122.038359, 36.952905], [-122.038363, 36.952903], [-122.038366, 36.952901], [-122.038368, 36.952898], [-122.03837, 36.952896], [-122.038371, 36.952893], [-122.038372, 36.95289], [-122.038368, 36.952889], [-122.038364, 36.952887], [-122.03836, 36.952885], [-122.038356, 36.952882], [-122.038354, 36.952879], [-122.038352, 36.952876], [-122.038351, 36.952872], [-122.03835, 36.952869], [-122.038351, 36.952865], [-122.038352, 36.952861], [-122.038354, 36.952858], [-122.038356, 36.952855], [-122.03836, 36.952852], [-122.038363, 36.95285], [-122.038367, 36.952849], [-122.038372, 36.952848], [-122.038376, 36.952846], [-122.038376, 36.952846], [-122.038378, 36.952845], [-122.038381, 36.952844], [-122.038385, 36.952843], [-122.038387, 36.952842], [-122.038389, 36.952841], [-122.03839, 36.952841], [-122.038397, 36.952839], [-122.038398, 36.952839], [-122.038405, 36.952838], [-122.038412, 36.952837], [-122.03842, 36.952837], [-122.038435, 36.952838], [-122.038449, 36.952841], [-122.038463, 36.952846], [-122.038476, 36.952853], [-122.038486, 36.952862], [-122.038495, 36.952872], [-122.038657, 36.952871], [-122.038668, 36.95286], [-122.038639, 36.952848], [-122.038636, 36.952835], [-122.038649, 36.952819], [-122.038675, 36.952808], [-122.038702, 36.952801], [-122.038731, 36.952799], [-122.038748, 36.952799], [-122.038765, 36.9528], [-122.038905, 36.952846], [-122.039007, 36.95291], [-122.03908, 36.952977], [-122.039182, 36.953007], [-122.039254, 36.953017], [-122.039307, 36.953011], [-122.039361, 36.953012], [-122.039413, 36.953021], [-122.03946, 36.953014], [-122.039608, 36.952992], [-122.039752, 36.952993], [-122.039816, 36.953021], [-122.039877, 36.953054], [-122.039934, 36.953092], [-122.039942, 36.95309], [-122.039991, 36.953079], [-122.040003, 36.953058], [-122.040035, 36.953053], [-122.040027, 36.95302], [-122.039985, 36.953008], [-122.039985, 36.953004], [-122.039985, 36.953], [-122.039985, 36.952997], [-122.039987, 36.952993], [-122.039989, 36.95299], [-122.039992, 36.952987], [-122.039995, 36.952984], [-122.039999, 36.952982], [-122.040004, 36.952981], [-122.040032, 36.952979], [-122.040061, 36.952979], [-122.04009, 36.952983], [-122.040113, 36.952989], [-122.040136, 36.952997], [-122.040172, 36.952986], [-122.040209, 36.95298], [-122.040247, 36.952978], [-122.040285, 36.95298], [-122.040294, 36.952988], [-122.040304, 36.952995], [-122.040315, 36.953], [-122.040327, 36.953004], [-122.040339, 36.953007], [-122.040352, 36.953007], [-122.040365, 36.953007], [-122.040419, 36.952993], [-122.040456, 36.952937], [-122.040481, 36.952956], [-122.040514, 36.952953], [-122.040521, 36.952942], [-122.040504, 36.95292], [-122.040535, 36.952905], [-122.040552, 36.952903], [-122.040569, 36.952904], [-122.040586, 36.952906], [-122.040602, 36.952911], [-122.040618, 36.952917], [-122.040672, 36.952983], [-122.040686, 36.95299], [-122.040736, 36.953014], [-122.04083, 36.953013], [-122.040846, 36.952999], [-122.040865, 36.952986], [-122.040886, 36.952977], [-122.040908, 36.95297], [-122.040932, 36.952967], [-122.040864, 36.952898], [-122.040861, 36.952894], [-122.04086, 36.95289], [-122.04086, 36.952886], [-122.04086, 36.952882], [-122.040861, 36.952878], [-122.040863, 36.952874], [-122.040866, 36.952871], [-122.04087, 36.952868], [-122.040874, 36.952866], [-122.040905, 36.952865], [-122.040909, 36.952871], [-122.040915, 36.952876], [-122.040922, 36.95288], [-122.040929, 36.952884], [-122.040937, 36.952886], [-122.040946, 36.952887], [-122.040954, 36.952887], [-122.040972, 36.952877], [-122.041007, 36.952855], [-122.041041, 36.95285], [-122.041153, 36.952907], [-122.041228, 36.952898], [-122.041275, 36.952862], [-122.041275, 36.952832], [-122.041287, 36.952805], [-122.041302, 36.95278], [-122.041323, 36.952755], [-122.041343, 36.952735], [-122.041365, 36.952729], [-122.04137, 36.952727], [-122.041402, 36.952724], [-122.041425, 36.952729], [-122.041449, 36.952743], [-122.041494, 36.952771], [-122.04152, 36.952792], [-122.041524, 36.95279], [-122.041528, 36.952789], [-122.041533, 36.952789], [-122.041537, 36.952789], [-122.041541, 36.95279], [-122.041546, 36.952792], [-122.041549, 36.952794], [-122.041553, 36.952796], [-122.041555, 36.952799], [-122.041557, 36.952802], [-122.041559, 36.952806], [-122.041572, 36.952799], [-122.041577, 36.952775], [-122.041643, 36.952446], [-122.041671, 36.952417], [-122.041771, 36.952424], [-122.041821, 36.952384], [-122.041873, 36.952304], [-122.041861, 36.952233], [-122.041884, 36.952214], [-122.041874, 36.95215], [-122.041902, 36.952095], [-122.041975, 36.952016], [-122.042044, 36.951987], [-122.042081, 36.951929], [-122.042102, 36.951916], [-122.042121, 36.951901], [-122.042137, 36.951883], [-122.042149, 36.951864], [-122.042158, 36.951816], [-122.042141, 36.951802], [-122.042128, 36.951786], [-122.042119, 36.951768], [-122.042113, 36.951749], [-122.042137, 36.951711], [-122.042277, 36.951613], [-122.042276, 36.951649], [-122.042257, 36.951671], [-122.042229, 36.951711], [-122.042225, 36.951739], [-122.042232, 36.95178], [-122.04227, 36.951804], [-122.042265, 36.951934], [-122.042298, 36.952184], [-122.042247, 36.952238], [-122.042163, 36.952347], [-122.042204, 36.952544], [-122.042241, 36.95272], [-122.042274, 36.952883], [-122.042308, 36.953045], [-122.042379, 36.953384], [-122.042449, 36.953722], [-122.042482, 36.953884], [-122.042553, 36.954223], [-122.042586, 36.954385], [-122.042623, 36.95456], [-122.042646, 36.954671], [-122.042657, 36.954722], [-122.042685, 36.954858], [-122.042714, 36.954993], [-122.042728, 36.955061], [-122.042742, 36.955129], [-122.042771, 36.955264], [-122.042799, 36.955399], [-122.042833, 36.955562], [-122.042905, 36.955901]]]}}, {"type": "Feature", "properties": {"id": 31611}, "geometry": {"type": "Polygon", "coordinates": [[[-122.060237, 36.95823], [-122.059879, 36.958267], [-122.058781, 36.95838], [-122.057661, 36.958502], [-122.056768, 36.958604], [-122.056208, 36.958693], [-122.055816, 36.958735], [-122.054158, 36.958911], [-122.053942, 36.958934], [-122.05351, 36.958947], [-122.053133, 36.958981], [-122.050784, 36.959231], [-122.050355, 36.959315], [-122.04918, 36.959438], [-122.048641, 36.959495], [-122.04811, 36.959522], [-122.047638, 36.959566], [-122.045819, 36.959764], [-122.045122, 36.959876], [-122.044578, 36.959984], [-122.044027, 36.960125], [-122.043477, 36.960302], [-122.043342, 36.959447], [-122.043213, 36.958638], [-122.043172, 36.95838], [-122.043092, 36.957879], [-122.04297, 36.957113], [-122.042847, 36.95634], [-122.045134, 36.956033], [-122.045205, 36.95599], [-122.045709, 36.955938], [-122.046303, 36.955876], [-122.04736, 36.955766], [-122.048483, 36.95565], [-122.04994, 36.955498], [-122.052102, 36.955272], [-122.053067, 36.955171], [-122.054944, 36.954975], [-122.057109, 36.954748], [-122.057775, 36.954679], [-122.059456, 36.954502], [-122.060171, 36.954468], [-122.060172, 36.954561], [-122.060172, 36.954561], [-122.060205, 36.956835], [-122.060235, 36.958067], [-122.060237, 36.95823]]]}}, {"type": "Feature", "properties": {"id": 31310}, "geometry": {"type": "Polygon", "coordinates": [[[-122.033782, 36.957148], [-122.033782, 36.957148], [-122.033773, 36.957232], [-122.033747, 36.957484], [-122.033739, 36.957569], [-122.033728, 36.957675], [-122.033697, 36.957996], [-122.033688, 36.958103], [-122.033688, 36.958103], [-122.033848, 36.958112], [-122.034332, 36.958142], [-122.034493, 36.958152], [-122.034493, 36.958154], [-122.034495, 36.958255], [-122.034495, 36.958257], [-122.034504, 36.958566], [-122.034504, 36.958568], [-122.034507, 36.95867], [-122.034507, 36.958672], [-122.034564, 36.958682], [-122.034736, 36.958713], [-122.034794, 36.958724], [-122.034932, 36.958755], [-122.035141, 36.958802], [-122.035117, 36.958866], [-122.035086, 36.958973], [-122.035083, 36.958983], [-122.035081, 36.958992], [-122.035065, 36.959058], [-122.035063, 36.959064], [-122.035063, 36.959065], [-122.035049, 36.959136], [-122.035049, 36.959137], [-122.035049, 36.959137], [-122.035037, 36.959209], [-122.035036, 36.959211], [-122.035036, 36.959212], [-122.035029, 36.959268], [-122.035027, 36.959286], [-122.035025, 36.959305], [-122.035023, 36.959323], [-122.035022, 36.959333], [-122.035022, 36.959342], [-122.03502, 36.959361], [-122.03489, 36.959355], [-122.034887, 36.959411], [-122.034885, 36.959511], [-122.034759, 36.959512], [-122.03473, 36.959512], [-122.034725, 36.959477], [-122.034704, 36.959475], [-122.034713, 36.959542], [-122.034724, 36.959614], [-122.034749, 36.959754], [-122.034527, 36.959739], [-122.034425, 36.959733], [-122.034391, 36.96009], [-122.033947, 36.960063], [-122.033939, 36.960145], [-122.033932, 36.960214], [-122.033926, 36.960282], [-122.033919, 36.960351], [-122.033913, 36.960419], [-122.033906, 36.960485], [-122.033899, 36.960556], [-122.033893, 36.960624], [-122.033886, 36.960693], [-122.03388, 36.960762], [-122.033873, 36.96083], [-122.033866, 36.960901], [-122.03386, 36.960969], [-122.033853, 36.961037], [-122.033408, 36.96101], [-122.033327, 36.961853], [-122.033326, 36.961939], [-122.032482, 36.961374], [-122.03146, 36.960692], [-122.030984, 36.960518], [-122.030904, 36.960492], [-122.030822, 36.960471], [-122.030737, 36.960457], [-122.030652, 36.960448], [-122.030203, 36.960408], [-122.02928, 36.96045], [-122.028352, 36.960782], [-122.028076, 36.960904], [-122.027861, 36.961001], [-122.027978, 36.959694], [-122.027958, 36.95961], [-122.027986, 36.959336], [-122.027997, 36.959227], [-122.028002, 36.959172], [-122.028013, 36.959063], [-122.028027, 36.958926], [-122.028041, 36.958789], [-122.028048, 36.95872], [-122.028136, 36.958726], [-122.028151, 36.958727], [-122.028157, 36.958658], [-122.028195, 36.958273], [-122.02828, 36.958224], [-122.028318, 36.95784], [-122.028326, 36.957703], [-122.028339, 36.957566], [-122.028351, 36.957443], [-122.028363, 36.95732], [-122.028368, 36.957268], [-122.028375, 36.957199], [-122.028405, 36.956885], [-122.028412, 36.956816], [-122.029404, 36.956878], [-122.029407, 36.956846], [-122.029497, 36.955914], [-122.03299, 36.956134], [-122.033879, 36.95619], [-122.033828, 36.956698], [-122.033782, 36.957148]]]}}, {"type": "Feature", "properties": {"id": 31301}, "geometry": {"type": "Polygon", "coordinates": [[[-122.043287, 36.96822], [-122.043057, 36.968142], [-122.043, 36.968197], [-122.042832, 36.968365], [-122.042777, 36.968421], [-122.042666, 36.968531], [-122.042342, 36.968857], [-122.041893, 36.969306], [-122.041862, 36.969337], [-122.041861, 36.969336], [-122.041218, 36.969009], [-122.041159, 36.968979], [-122.040005, 36.968365], [-122.039314, 36.967983], [-122.038937, 36.967775], [-122.038817, 36.967713], [-122.038667, 36.967678], [-122.038662, 36.967677], [-122.039049, 36.967438], [-122.039533, 36.967138], [-122.040259, 36.966701], [-122.040306, 36.966646], [-122.042027, 36.964647], [-122.042108, 36.964702], [-122.0424, 36.964901], [-122.04248, 36.964956], [-122.042515, 36.96498], [-122.042657, 36.965077], [-122.04278, 36.965161], [-122.04282, 36.965189], [-122.04291, 36.96525], [-122.042951, 36.965278], [-122.04304, 36.965339], [-122.04317, 36.965428], [-122.043301, 36.965517], [-122.043311, 36.965524], [-122.043431, 36.965606], [-122.043561, 36.965695], [-122.043671, 36.96577], [-122.043692, 36.965784], [-122.043803, 36.96586], [-122.043822, 36.965873], [-122.043921, 36.96594], [-122.043984, 36.965984], [-122.044039, 36.966021], [-122.044115, 36.966073], [-122.044157, 36.966101], [-122.044245, 36.966162], [-122.044545, 36.966366], [-122.044623, 36.96642], [-122.044422, 36.966641], [-122.044501, 36.966693], [-122.04477, 36.966872], [-122.044835, 36.9668], [-122.044962, 36.966884], [-122.045017, 36.966824], [-122.045149, 36.966911], [-122.045283, 36.967], [-122.045293, 36.966989], [-122.045333, 36.966945], [-122.045466, 36.967033], [-122.045532, 36.967077], [-122.045864, 36.966713], [-122.045934, 36.966801], [-122.045959, 36.966867], [-122.045992, 36.966931], [-122.046033, 36.966991], [-122.046081, 36.967048], [-122.046136, 36.967101], [-122.046197, 36.96715], [-122.046264, 36.967193], [-122.046267, 36.967195], [-122.046578, 36.967386], [-122.046617, 36.967414], [-122.046652, 36.967446], [-122.04668, 36.967483], [-122.046702, 36.967521], [-122.046717, 36.967562], [-122.046724, 36.967605], [-122.046724, 36.967647], [-122.046648, 36.968506], [-122.046446, 36.969168], [-122.04617, 36.969504], [-122.046177, 36.969507], [-122.046167, 36.969505], [-122.046165, 36.969503], [-122.046054, 36.969425], [-122.046005, 36.969386], [-122.045644, 36.969096], [-122.045564, 36.969039], [-122.045537, 36.969024], [-122.045473, 36.968988], [-122.045358, 36.968942], [-122.045127, 36.968861], [-122.044435, 36.968621], [-122.044205, 36.968541], [-122.043975, 36.96846], [-122.043912, 36.968438], [-122.043619, 36.968335], [-122.043338, 36.968238], [-122.043287, 36.96822]]]}}, {"type": "Feature", "properties": {"id": 31410}, "geometry": {"type": "Polygon", "coordinates": [[[-122.037292, 36.96957], [-122.037395, 36.969614], [-122.037427, 36.969566], [-122.037501, 36.969455], [-122.037592, 36.969315], [-122.037684, 36.969173], [-122.037693, 36.969177], [-122.03771, 36.969151], [-122.037712, 36.969149], [-122.037722, 36.969133], [-122.037713, 36.96913], [-122.0378, 36.968996], [-122.037879, 36.968874], [-122.037922, 36.968807], [-122.037962, 36.968761], [-122.038085, 36.968565], [-122.038168, 36.968447], [-122.038251, 36.968329], [-122.038348, 36.968191], [-122.038445, 36.968052], [-122.038457, 36.968058], [-122.038459, 36.968054], [-122.038456, 36.968045], [-122.038501, 36.967987], [-122.03855, 36.967931], [-122.038541, 36.967926], [-122.038581, 36.967883], [-122.038627, 36.967845], [-122.038636, 36.967845], [-122.038642, 36.96784], [-122.038645, 36.967823], [-122.038684, 36.967791], [-122.038743, 36.967751], [-122.038803, 36.96771], [-122.038817, 36.967713], [-122.038937, 36.967775], [-122.039314, 36.967983], [-122.040005, 36.968365], [-122.041159, 36.968979], [-122.041218, 36.969009], [-122.041861, 36.969336], [-122.041862, 36.969337], [-122.040257, 36.970941], [-122.040058, 36.97114], [-122.038153, 36.973045], [-122.038151, 36.973046], [-122.035443, 36.972412], [-122.036158, 36.971315], [-122.036632, 36.970581], [-122.037246, 36.969639], [-122.037292, 36.96957]]]}}, {"type": "Feature", "properties": {"id": 31460}, "geometry": {"type": "Polygon", "coordinates": [[[-122.028099, 36.972262], [-122.027481, 36.969873], [-122.027481, 36.969873], [-122.027382, 36.969493], [-122.02731, 36.969213], [-122.027276, 36.969071], [-122.027246, 36.968932], [-122.02745, 36.968913], [-122.027676, 36.968889], [-122.027918, 36.968863], [-122.028269, 36.968827], [-122.028274, 36.968826], [-122.028273, 36.968823], [-122.029339, 36.968709], [-122.030381, 36.968598], [-122.0304, 36.968648], [-122.030719, 36.969497], [-122.031275, 36.971018], [-122.031394, 36.971067], [-122.031442, 36.971199], [-122.031432, 36.971201], [-122.031462, 36.971282], [-122.031449, 36.971284], [-122.031364, 36.9713], [-122.031302, 36.971312], [-122.031282, 36.971315], [-122.031262, 36.971319], [-122.031241, 36.971323], [-122.031116, 36.971347], [-122.030966, 36.971424], [-122.030799, 36.971455], [-122.030777, 36.971393], [-122.030609, 36.971421], [-122.030618, 36.971446], [-122.030451, 36.971477], [-122.030352, 36.971495], [-122.030438, 36.971733], [-122.030648, 36.972613], [-122.028354, 36.973066], [-122.028324, 36.972984], [-122.028099, 36.972262]]]}}, {"type": "Feature", "properties": {"id": 31250}, "geometry": {"type": "Polygon", "coordinates": [[[-122.008563, 36.9753], [-122.008118, 36.974152], [-122.00802, 36.974177], [-122.007566, 36.974291], [-122.007537, 36.974327], [-122.00695, 36.974475], [-122.006855, 36.974462], [-122.00676, 36.97445], [-122.006708, 36.974463], [-122.00647, 36.974523], [-122.006402, 36.97454], [-122.006272, 36.974573], [-122.006236, 36.974481], [-122.006073, 36.974524], [-122.005909, 36.974568], [-122.00567, 36.974583], [-122.005584, 36.974589], [-122.005581, 36.974804], [-122.005655, 36.974987], [-122.005043, 36.975142], [-122.00503, 36.975073], [-122.004976, 36.974801], [-122.00496, 36.974716], [-122.004957, 36.9747], [-122.004947, 36.974651], [-122.005155, 36.974654], [-122.005157, 36.974503], [-122.005089, 36.974503], [-122.00509, 36.974393], [-122.005091, 36.974352], [-122.005093, 36.974187], [-122.005095, 36.97405], [-122.00513, 36.97405], [-122.005132, 36.973885], [-122.005134, 36.973765], [-122.005134, 36.973748], [-122.005135, 36.973681], [-122.005136, 36.973611], [-122.005103, 36.973351], [-122.005142, 36.973206], [-122.005136, 36.973067], [-122.005135, 36.973054], [-122.00513, 36.972929], [-122.005129, 36.972915], [-122.005139, 36.972914], [-122.005112, 36.972792], [-122.005109, 36.972778], [-122.005108, 36.972773], [-122.005082, 36.972657], [-122.005057, 36.972542], [-122.005041, 36.972523], [-122.005019, 36.972498], [-122.004898, 36.972356], [-122.004765, 36.972201], [-122.004669, 36.972087], [-122.004634, 36.972047], [-122.004485, 36.971872], [-122.004499, 36.971874], [-122.004455, 36.971822], [-122.004214, 36.971707], [-122.004206, 36.971699], [-122.004205, 36.971698], [-122.004204, 36.971696], [-122.004192, 36.971684], [-122.004083, 36.971569], [-122.004075, 36.971561], [-122.003981, 36.971461], [-122.003976, 36.971456], [-122.003975, 36.971451], [-122.003946, 36.971249], [-122.003936, 36.971179], [-122.00393, 36.971137], [-122.003897, 36.970906], [-122.003895, 36.970889], [-122.003959, 36.970776], [-122.003968, 36.97076], [-122.003977, 36.970744], [-122.004014, 36.970678], [-122.004029, 36.970652], [-122.004032, 36.970648], [-122.004033, 36.97063], [-122.004043, 36.970495], [-122.004052, 36.970382], [-122.004054, 36.970359], [-122.004054, 36.97035], [-122.004064, 36.970224], [-122.004073, 36.970112], [-122.004075, 36.970086], [-122.004085, 36.969951], [-122.005042, 36.970044], [-122.005215, 36.970063], [-122.005545, 36.970097], [-122.005617, 36.970105], [-122.005634, 36.970107], [-122.005738, 36.970118], [-122.005746, 36.970119], [-122.005911, 36.970136], [-122.005916, 36.970136], [-122.006084, 36.970154], [-122.006085, 36.970154], [-122.006255, 36.970172], [-122.006425, 36.97019], [-122.006429, 36.97019], [-122.006568, 36.970205], [-122.006602, 36.970208], [-122.006763, 36.970225], [-122.006848, 36.970234], [-122.006934, 36.970243], [-122.006933, 36.970315], [-122.007255, 36.970348], [-122.007254, 36.970421], [-122.007252, 36.970489], [-122.00725, 36.970571], [-122.007248, 36.970626], [-122.007245, 36.970687], [-122.007245, 36.970802], [-122.007244, 36.97083], [-122.007542, 36.97085], [-122.007541, 36.970899], [-122.007541, 36.970921], [-122.00754, 36.971017], [-122.007539, 36.971058], [-122.007537, 36.971196], [-122.007616, 36.971197], [-122.007948, 36.9712], [-122.00805, 36.971201], [-122.008044, 36.971609], [-122.010015, 36.971451], [-122.010083, 36.972058], [-122.010108, 36.972273], [-122.010115, 36.972341], [-122.010197, 36.973065], [-122.011389, 36.972963], [-122.011627, 36.975062], [-122.011056, 36.975104], [-122.008674, 36.975279], [-122.008563, 36.9753]]]}}, {"type": "Feature", "properties": {"id": 31260}, "geometry": {"type": "Polygon", "coordinates": [[[-122.011627, 36.975062], [-122.011389, 36.972963], [-122.010197, 36.973065], [-122.010115, 36.972341], [-122.010108, 36.972273], [-122.010083, 36.972058], [-122.010015, 36.971451], [-122.010013, 36.971438], [-122.01, 36.971314], [-122.01015, 36.97112], [-122.010663, 36.970741], [-122.010984, 36.970504], [-122.011052, 36.970447], [-122.011115, 36.970385], [-122.011172, 36.970321], [-122.011173, 36.970319], [-122.011319, 36.970122], [-122.011871, 36.969351], [-122.012013, 36.970034], [-122.012008, 36.970065], [-122.012028, 36.970186], [-122.01204, 36.970224], [-122.012055, 36.970262], [-122.012073, 36.970292], [-122.012096, 36.970321], [-122.012123, 36.970347], [-122.012604, 36.970722], [-122.01325, 36.970503], [-122.013567, 36.970396], [-122.013775, 36.970326], [-122.014859, 36.97242], [-122.015871, 36.974374], [-122.015869, 36.974375], [-122.015861, 36.974378], [-122.015278, 36.974529], [-122.014822, 36.974646], [-122.013923, 36.974881], [-122.013423, 36.974926], [-122.013065, 36.974956], [-122.011627, 36.975062]]]}}, {"type": "Feature", "properties": {"id": 31470}, "geometry": {"type": "Polygon", "coordinates": [[[-122.041814, 36.97469], [-122.041774, 36.974755], [-122.041719, 36.975041], [-122.04171, 36.975072], [-122.041698, 36.975117], [-122.041669, 36.975192], [-122.041632, 36.975264], [-122.041588, 36.975334], [-122.041536, 36.9754], [-122.041477, 36.975462], [-122.041411, 36.97552], [-122.04134, 36.975573], [-122.041263, 36.975621], [-122.041181, 36.975664], [-122.041095, 36.9757], [-122.041005, 36.975731], [-122.040971, 36.97574], [-122.0402, 36.975944], [-122.040183, 36.975949], [-122.040054, 36.975979], [-122.03997, 36.975999], [-122.039885, 36.976012], [-122.039799, 36.976019], [-122.039713, 36.97602], [-122.039626, 36.976015], [-122.039535, 36.976006], [-122.039456, 36.975992], [-122.039432, 36.975985], [-122.039351, 36.97596], [-122.03928, 36.975931], [-122.039023, 36.975816], [-122.038953, 36.97579], [-122.038877, 36.975766], [-122.038825, 36.975754], [-122.038765, 36.975743], [-122.038693, 36.975735], [-122.038608, 36.975728], [-122.038519, 36.975725], [-122.038439, 36.975727], [-122.038352, 36.975735], [-122.038268, 36.97575], [-122.037921, 36.975827], [-122.036051, 36.976231], [-122.035023, 36.976456], [-122.034659, 36.975363], [-122.03594, 36.975009], [-122.036032, 36.974979], [-122.03612, 36.974943], [-122.036206, 36.974903], [-122.036287, 36.974858], [-122.036364, 36.974807], [-122.036436, 36.974753], [-122.036503, 36.974694], [-122.038151, 36.973046], [-122.038153, 36.973045], [-122.041814, 36.97469]]]}}, {"type": "Feature", "properties": {"id": 31230}, "geometry": {"type": "Polygon", "coordinates": [[[-122.00567, 36.974583], [-122.005909, 36.974568], [-122.006073, 36.974524], [-122.006236, 36.974481], [-122.006272, 36.974573], [-122.006402, 36.97454], [-122.00647, 36.974523], [-122.006708, 36.974463], [-122.00676, 36.97445], [-122.006855, 36.974462], [-122.00695, 36.974475], [-122.007537, 36.974327], [-122.007566, 36.974291], [-122.00802, 36.974177], [-122.008118, 36.974152], [-122.008563, 36.9753], [-122.009043, 36.976528], [-122.008407, 36.976688], [-122.008432, 36.976753], [-122.008488, 36.976895], [-122.008489, 36.976897], [-122.008539, 36.977026], [-122.008541, 36.977032], [-122.008581, 36.977133], [-122.008595, 36.97717], [-122.00862, 36.977234], [-122.008649, 36.977307], [-122.008702, 36.977443], [-122.008756, 36.97758], [-122.008809, 36.977717], [-122.008746, 36.977877], [-122.008796, 36.978005], [-122.008846, 36.978133], [-122.008896, 36.978262], [-122.008909, 36.978296], [-122.008946, 36.97839], [-122.008993, 36.978512], [-122.008996, 36.978519], [-122.009038, 36.978627], [-122.009046, 36.978647], [-122.009093, 36.978768], [-122.009146, 36.978906], [-122.009201, 36.979043], [-122.009204, 36.97905], [-122.00928, 36.979232], [-122.009293, 36.97926], [-122.009319, 36.979323], [-122.009346, 36.979386], [-122.009372, 36.979449], [-122.009377, 36.979459], [-122.009649, 36.980105], [-122.009649, 36.980105], [-122.009687, 36.980196], [-122.009662, 36.980207], [-122.0095, 36.980281], [-122.007909, 36.981], [-122.007856, 36.981014], [-122.006991, 36.981251], [-122.006843, 36.981355], [-122.006522, 36.981389], [-122.005553, 36.981453], [-122.004838, 36.981488], [-122.00477, 36.981489], [-122.004153, 36.978964], [-122.004152, 36.978959], [-122.003597, 36.976683], [-122.00357, 36.976574], [-122.003436, 36.976028], [-122.003517, 36.976008], [-122.003792, 36.975938], [-122.003925, 36.975904], [-122.003955, 36.975897], [-122.004098, 36.975861], [-122.004118, 36.975856], [-122.004271, 36.975817], [-122.004281, 36.975814], [-122.004458, 36.97579], [-122.004494, 36.975785], [-122.00455, 36.97577], [-122.004644, 36.975747], [-122.004713, 36.975729], [-122.004719, 36.975728], [-122.004736, 36.975724], [-122.004829, 36.9757], [-122.004876, 36.975688], [-122.004882, 36.975686], [-122.005015, 36.975653], [-122.005046, 36.975645], [-122.005197, 36.975607], [-122.0052, 36.975606], [-122.005349, 36.975569], [-122.005743, 36.975431], [-122.005822, 36.975403], [-122.005655, 36.974987], [-122.005581, 36.974804], [-122.005584, 36.974589], [-122.00567, 36.974583]]]}}, {"type": "Feature", "properties": {"id": 31480}, "geometry": {"type": "Polygon", "coordinates": [[[-122.032602, 36.976203], [-122.033258, 36.975573], [-122.033934, 36.974808], [-122.034636, 36.973657], [-122.035443, 36.972412], [-122.038151, 36.973046], [-122.036503, 36.974694], [-122.036436, 36.974753], [-122.036364, 36.974807], [-122.036287, 36.974858], [-122.036206, 36.974903], [-122.03612, 36.974943], [-122.036032, 36.974979], [-122.03594, 36.975009], [-122.034659, 36.975363], [-122.035023, 36.976456], [-122.035023, 36.976456], [-122.034005, 36.976679], [-122.032977, 36.976904], [-122.032929, 36.976757], [-122.032871, 36.976553], [-122.032821, 36.976401], [-122.032803, 36.97637], [-122.032783, 36.976344], [-122.032602, 36.976203]]]}}, {"type": "Feature", "properties": {"id": 51520}, "geometry": {"type": "Polygon", "coordinates": [[[-122.04588, 36.978326], [-122.045792, 36.978235], [-122.045892, 36.978239], [-122.045991, 36.978238], [-122.046091, 36.978232], [-122.046189, 36.978222], [-122.047813, 36.977872], [-122.050729, 36.977227], [-122.050885, 36.977204], [-122.051042, 36.977186], [-122.0512, 36.977174], [-122.051914, 36.97712], [-122.052023, 36.977114], [-122.052131, 36.97711], [-122.052187, 36.977109], [-122.052222, 36.977108], [-122.052242, 36.977108], [-122.052259, 36.977108], [-122.052296, 36.977107], [-122.052478, 36.977109], [-122.05266, 36.977116], [-122.052842, 36.977129], [-122.05305, 36.977148], [-122.053393, 36.977174], [-122.053536, 36.977185], [-122.05354, 36.977346], [-122.053542, 36.977433], [-122.053648, 36.977878], [-122.053758, 36.978103], [-122.053875, 36.978326], [-122.05393, 36.978434], [-122.053977, 36.978545], [-122.054016, 36.978657], [-122.054048, 36.978771], [-122.05407, 36.978874], [-122.054085, 36.978977], [-122.054093, 36.979081], [-122.054096, 36.979189], [-122.054091, 36.979297], [-122.05408, 36.979404], [-122.054062, 36.979511], [-122.054033, 36.979631], [-122.053996, 36.979749], [-122.05395, 36.979865], [-122.053896, 36.979979], [-122.053835, 36.980088], [-122.053767, 36.980193], [-122.053691, 36.980296], [-122.053609, 36.980395], [-122.053519, 36.98049], [-122.053423, 36.98058], [-122.053321, 36.980667], [-122.053213, 36.980748], [-122.052308, 36.981305], [-122.051395, 36.981868], [-122.051115, 36.982041], [-122.050357, 36.98251], [-122.050277, 36.982492], [-122.049915, 36.982413], [-122.049858, 36.982357], [-122.049857, 36.982356], [-122.049856, 36.982355], [-122.049665, 36.982163], [-122.049541, 36.982038], [-122.049315, 36.981813], [-122.049314, 36.981812], [-122.049313, 36.98181], [-122.049172, 36.981669], [-122.04917, 36.981667], [-122.049091, 36.981588], [-122.047447, 36.979909], [-122.047366, 36.979826], [-122.047399, 36.979819], [-122.047397, 36.979817], [-122.046604, 36.979043], [-122.045911, 36.978359], [-122.04588, 36.978326]]]}}, {"type": "Feature", "properties": {"id": 51540}, "geometry": {"type": "Polygon", "coordinates": [[[-122.035353, 36.977509], [-122.035354, 36.977509], [-122.035386, 36.977503], [-122.036314, 36.977323], [-122.036397, 36.977301], [-122.036478, 36.977273], [-122.036644, 36.977205], [-122.036905, 36.977121], [-122.036999, 36.977098], [-122.037181, 36.977074], [-122.037282, 36.977064], [-122.037412, 36.977059], [-122.037588, 36.977061], [-122.038182, 36.977077], [-122.038183, 36.977077], [-122.038179, 36.977141], [-122.038157, 36.977508], [-122.038165, 36.977533], [-122.038179, 36.977574], [-122.038249, 36.977787], [-122.038254, 36.9778], [-122.038272, 36.977968], [-122.038345, 36.978167], [-122.038359, 36.978207], [-122.03826, 36.978229], [-122.038244, 36.978233], [-122.038311, 36.978417], [-122.038317, 36.978433], [-122.038378, 36.978602], [-122.038389, 36.97863], [-122.038446, 36.978786], [-122.038459, 36.978822], [-122.038461, 36.978828], [-122.038463, 36.978833], [-122.038513, 36.978971], [-122.038533, 36.979026], [-122.03858, 36.979156], [-122.038605, 36.979223], [-122.038647, 36.97934], [-122.038676, 36.979421], [-122.038736, 36.979585], [-122.038766, 36.979667], [-122.039347, 36.979662], [-122.039377, 36.979744], [-122.039469, 36.979993], [-122.039521, 36.980135], [-122.039533, 36.980168], [-122.039546, 36.980203], [-122.03958, 36.980293], [-122.039624, 36.980414], [-122.039674, 36.980549], [-122.039701, 36.980623], [-122.039747, 36.980748], [-122.039778, 36.980834], [-122.039758, 36.980888], [-122.039681, 36.981087], [-122.039673, 36.98111], [-122.039669, 36.981115], [-122.039416, 36.981432], [-122.039517, 36.981489], [-122.039532, 36.981498], [-122.039547, 36.981507], [-122.039758, 36.981627], [-122.040003, 36.981676], [-122.04033, 36.981742], [-122.040417, 36.981984], [-122.04035, 36.981981], [-122.040242, 36.982039], [-122.040241, 36.982491], [-122.040243, 36.982541], [-122.040244, 36.982584], [-122.040268, 36.9826], [-122.039928, 36.982909], [-122.039875, 36.982872], [-122.039589, 36.982677], [-122.039303, 36.982525], [-122.039054, 36.98236], [-122.038956, 36.982322], [-122.038717, 36.982245], [-122.038527, 36.982206], [-122.038154, 36.982173], [-122.038086, 36.981988], [-122.038036, 36.981856], [-122.0378, 36.981219], [-122.037706, 36.981242], [-122.037263, 36.981354], [-122.036916, 36.981441], [-122.036887, 36.981448], [-122.036702, 36.981341], [-122.036443, 36.981192], [-122.036573, 36.981098], [-122.036901, 36.980976], [-122.037026, 36.980645], [-122.037003, 36.980634], [-122.036979, 36.980623], [-122.036555, 36.980418], [-122.036532, 36.979911], [-122.036224, 36.980002], [-122.036202, 36.980008], [-122.03618, 36.980014], [-122.035492, 36.980217], [-122.035208, 36.980301], [-122.034766, 36.980195], [-122.034359, 36.980098], [-122.034239, 36.980069], [-122.034296, 36.979995], [-122.033908, 36.979909], [-122.033867, 36.979901], [-122.033476, 36.979838], [-122.033463, 36.979836], [-122.033002, 36.979762], [-122.032861, 36.979726], [-122.032781, 36.979705], [-122.032543, 36.97982], [-122.03213, 36.980021], [-122.031767, 36.978301], [-122.031775, 36.978205], [-122.03202, 36.978157], [-122.03332, 36.977902], [-122.035353, 36.977509]]]}}, {"type": "Feature", "properties": {"id": 31500}, "geometry": {"type": "Polygon", "coordinates": [[[-122.038183, 36.977077], [-122.039216, 36.977105], [-122.039378, 36.977116], [-122.039547, 36.977143], [-122.039681, 36.977177], [-122.039827, 36.977227], [-122.039952, 36.977257], [-122.040086, 36.977284], [-122.042522, 36.977702], [-122.042711, 36.977735], [-122.043278, 36.977834], [-122.043468, 36.977867], [-122.043732, 36.977912], [-122.044527, 36.978049], [-122.044792, 36.978095], [-122.045399, 36.97819], [-122.045705, 36.978238], [-122.045806, 36.97825], [-122.04588, 36.978326], [-122.045911, 36.978359], [-122.046604, 36.979043], [-122.047397, 36.979817], [-122.047399, 36.979819], [-122.047366, 36.979826], [-122.047447, 36.979909], [-122.049091, 36.981588], [-122.04917, 36.981667], [-122.049172, 36.981669], [-122.049313, 36.98181], [-122.049314, 36.981812], [-122.049315, 36.981813], [-122.049541, 36.982038], [-122.049665, 36.982163], [-122.049856, 36.982355], [-122.049857, 36.982356], [-122.049858, 36.982357], [-122.049915, 36.982413], [-122.048816, 36.982428], [-122.048899, 36.983064], [-122.048087, 36.983749], [-122.047771, 36.984016], [-122.047767, 36.984019], [-122.047547, 36.984205], [-122.047299, 36.984414], [-122.04718, 36.984513], [-122.046159, 36.985365], [-122.045854, 36.985169], [-122.045722, 36.985038], [-122.045623, 36.985018], [-122.045291, 36.984951], [-122.044959, 36.984883], [-122.044616, 36.984894], [-122.044304, 36.984904], [-122.044288, 36.984904], [-122.043929, 36.984915], [-122.043295, 36.98493], [-122.042687, 36.985114], [-122.042674, 36.985103], [-122.042282, 36.984782], [-122.042089, 36.984602], [-122.041807, 36.984363], [-122.041016, 36.983896], [-122.040703, 36.983682], [-122.040689, 36.983673], [-122.040663, 36.983654], [-122.040409, 36.983481], [-122.040116, 36.98328], [-122.039776, 36.983047], [-122.039928, 36.982909], [-122.040268, 36.9826], [-122.040244, 36.982584], [-122.040243, 36.982541], [-122.040241, 36.982491], [-122.040242, 36.982039], [-122.04035, 36.981981], [-122.040417, 36.981984], [-122.04033, 36.981742], [-122.040003, 36.981676], [-122.039758, 36.981627], [-122.039547, 36.981507], [-122.039532, 36.981498], [-122.039517, 36.981489], [-122.039416, 36.981432], [-122.039669, 36.981115], [-122.039673, 36.98111], [-122.039681, 36.981087], [-122.039758, 36.980888], [-122.039778, 36.980834], [-122.039747, 36.980748], [-122.039701, 36.980623], [-122.039674, 36.980549], [-122.039624, 36.980414], [-122.03958, 36.980293], [-122.039546, 36.980203], [-122.039533, 36.980168], [-122.039521, 36.980135], [-122.039469, 36.979993], [-122.039377, 36.979744], [-122.039347, 36.979662], [-122.038766, 36.979667], [-122.038736, 36.979585], [-122.038676, 36.979421], [-122.038647, 36.97934], [-122.038605, 36.979223], [-122.03858, 36.979156], [-122.038533, 36.979026], [-122.038513, 36.978971], [-122.038463, 36.978833], [-122.038461, 36.978828], [-122.038459, 36.978822], [-122.038446, 36.978786], [-122.038389, 36.97863], [-122.038378, 36.978602], [-122.038317, 36.978433], [-122.038311, 36.978417], [-122.038244, 36.978233], [-122.03826, 36.978229], [-122.038359, 36.978207], [-122.038345, 36.978167], [-122.038272, 36.977968], [-122.038254, 36.9778], [-122.038249, 36.977787], [-122.038179, 36.977574], [-122.038165, 36.977533], [-122.038157, 36.977508], [-122.038179, 36.977141], [-122.038183, 36.977077]]]}}, {"type": "Feature", "properties": {"id": 31340}, "geometry": {"type": "Polygon", "coordinates": [[[-122.056092, 36.973225], [-122.055683, 36.974245], [-122.055432, 36.974876], [-122.055252, 36.974962], [-122.055252, 36.974963], [-122.053717, 36.975109], [-122.053268, 36.975152], [-122.053188, 36.975163], [-122.053113, 36.975185], [-122.053045, 36.975213], [-122.052981, 36.97524], [-122.052918, 36.975271], [-122.052864, 36.975304], [-122.052793, 36.975356], [-122.052782, 36.975347], [-122.052847, 36.975289], [-122.052809, 36.975135], [-122.052643, 36.974594], [-122.05259, 36.974418], [-122.052331, 36.973577], [-122.05226, 36.973344], [-122.052126, 36.972908], [-122.052121, 36.972892], [-122.052065, 36.972708], [-122.052044, 36.972638], [-122.051951, 36.972336], [-122.05195, 36.972333], [-122.051918, 36.972229], [-122.051897, 36.972162], [-122.051794, 36.971826], [-122.051721, 36.971587], [-122.051671, 36.971424], [-122.05157, 36.971094], [-122.05156, 36.971061], [-122.051518, 36.970925], [-122.051436, 36.970658], [-122.051394, 36.970558], [-122.051109, 36.970614], [-122.050945, 36.970598], [-122.050868, 36.97049], [-122.05079, 36.970332], [-122.05042, 36.969562], [-122.049895, 36.96854], [-122.049869, 36.968524], [-122.050407, 36.967977], [-122.050506, 36.967967], [-122.050599, 36.967958], [-122.050485, 36.967589], [-122.050418, 36.967372], [-122.050405, 36.967329], [-122.050339, 36.967116], [-122.050322, 36.967062], [-122.050215, 36.966714], [-122.050132, 36.966445], [-122.050062, 36.966219], [-122.05004, 36.966146], [-122.050086, 36.966106], [-122.050102, 36.966331], [-122.05021, 36.966372], [-122.050528, 36.966491], [-122.050635, 36.966532], [-122.050743, 36.966572], [-122.051019, 36.966676], [-122.05102, 36.966677], [-122.051458, 36.966683], [-122.051865, 36.966689], [-122.05197, 36.966691], [-122.052201, 36.966574], [-122.052399, 36.966473], [-122.052597, 36.966373], [-122.052898, 36.96622], [-122.052902, 36.966218], [-122.053015, 36.966161], [-122.053328, 36.966002], [-122.053503, 36.965913], [-122.053997, 36.9659], [-122.053994, 36.965915], [-122.054051, 36.965917], [-122.054319, 36.966307], [-122.054352, 36.966355], [-122.054682, 36.966833], [-122.054957, 36.967048], [-122.055231, 36.967262], [-122.055239, 36.967268], [-122.055289, 36.967336], [-122.055446, 36.967549], [-122.055484, 36.967601], [-122.055754, 36.967967], [-122.055901, 36.968431], [-122.056066, 36.968951], [-122.056081, 36.96897], [-122.056211, 36.969145], [-122.056654, 36.969737], [-122.056699, 36.970121], [-122.056754, 36.97038], [-122.056767, 36.970499], [-122.056712, 36.970725], [-122.056684, 36.970865], [-122.056743, 36.971064], [-122.056861, 36.971462], [-122.056887, 36.971549], [-122.056894, 36.971574], [-122.056547, 36.972539], [-122.056308, 36.972779], [-122.056248, 36.972943], [-122.056247, 36.972945], [-122.056101, 36.973204], [-122.05609, 36.973224], [-122.056092, 36.973225]]]}}, {"type": "Feature", "properties": {"id": 31330}, "geometry": {"type": "Polygon", "coordinates": [[[-122.047512, 36.970678], [-122.047426, 36.970553], [-122.047332, 36.970432], [-122.047231, 36.970315], [-122.047123, 36.970201], [-122.047008, 36.970092], [-122.046887, 36.969988], [-122.046759, 36.969888], [-122.046626, 36.969793], [-122.046566, 36.969754], [-122.046318, 36.969596], [-122.04617, 36.969504], [-122.046446, 36.969168], [-122.046648, 36.968506], [-122.046724, 36.967647], [-122.046724, 36.967605], [-122.046717, 36.967562], [-122.046702, 36.967521], [-122.04668, 36.967483], [-122.046652, 36.967446], [-122.046617, 36.967414], [-122.046578, 36.967386], [-122.046267, 36.967195], [-122.046264, 36.967193], [-122.046197, 36.96715], [-122.046136, 36.967101], [-122.046081, 36.967048], [-122.046033, 36.966991], [-122.045992, 36.966931], [-122.045959, 36.966867], [-122.045934, 36.966801], [-122.045864, 36.966713], [-122.045926, 36.966646], [-122.045982, 36.966575], [-122.046031, 36.966501], [-122.046074, 36.966424], [-122.046109, 36.966345], [-122.046136, 36.966282], [-122.046167, 36.966221], [-122.046203, 36.966162], [-122.046244, 36.966104], [-122.047155, 36.965107], [-122.048099, 36.965741], [-122.048139, 36.965774], [-122.048173, 36.965811], [-122.048201, 36.965852], [-122.048221, 36.965895], [-122.048234, 36.96594], [-122.04824, 36.965986], [-122.04824, 36.966241], [-122.048612, 36.966755], [-122.04865, 36.966803], [-122.048694, 36.966849], [-122.048743, 36.966891], [-122.048984, 36.967081], [-122.050408, 36.967976], [-122.050407, 36.967977], [-122.049869, 36.968524], [-122.049895, 36.96854], [-122.05042, 36.969562], [-122.05079, 36.970332], [-122.050868, 36.97049], [-122.050945, 36.970598], [-122.051109, 36.970614], [-122.051394, 36.970558], [-122.051436, 36.970658], [-122.051518, 36.970925], [-122.05156, 36.971061], [-122.05157, 36.971094], [-122.051671, 36.971424], [-122.051721, 36.971587], [-122.051794, 36.971826], [-122.051897, 36.972162], [-122.051918, 36.972229], [-122.05195, 36.972333], [-122.051951, 36.972336], [-122.052044, 36.972638], [-122.052065, 36.972708], [-122.052121, 36.972892], [-122.052126, 36.972908], [-122.05226, 36.973344], [-122.052331, 36.973577], [-122.05259, 36.974418], [-122.052643, 36.974594], [-122.052809, 36.975135], [-122.052847, 36.975289], [-122.052713, 36.975409], [-122.052666, 36.975367], [-122.052666, 36.975367], [-122.052622, 36.97533], [-122.052494, 36.975237], [-122.052361, 36.975148], [-122.052224, 36.975063], [-122.052082, 36.974983], [-122.050201, 36.973973], [-122.050034, 36.973906], [-122.049871, 36.973833], [-122.049712, 36.973754], [-122.049557, 36.97367], [-122.049407, 36.973581], [-122.049262, 36.973486], [-122.049122, 36.973387], [-122.048988, 36.973282], [-122.04886, 36.973173], [-122.048738, 36.97306], [-122.048621, 36.972943], [-122.048512, 36.972821], [-122.048409, 36.972696], [-122.048313, 36.972568], [-122.048224, 36.972436], [-122.048142, 36.972301], [-122.048067, 36.972164], [-122.048, 36.972024], [-122.047941, 36.971882], [-122.047901, 36.971668], [-122.047879, 36.971546], [-122.047849, 36.971426], [-122.047814, 36.971306], [-122.047773, 36.971187], [-122.047725, 36.97107], [-122.047662, 36.970937], [-122.047591, 36.970806], [-122.047512, 36.970678]]]}}, {"type": "Feature", "properties": {"id": 31631}, "geometry": {"type": "Polygon", "coordinates": [[[-122.049015, 36.950337], [-122.048842, 36.949263], [-122.048985, 36.949262], [-122.04901, 36.949254], [-122.049036, 36.94925], [-122.049062, 36.949249], [-122.049088, 36.949251], [-122.049193, 36.949202], [-122.049253, 36.949142], [-122.049263, 36.949138], [-122.049333, 36.949112], [-122.04944, 36.948999], [-122.049487, 36.948973], [-122.049538, 36.948952], [-122.049593, 36.948939], [-122.049681, 36.948862], [-122.049743, 36.948834], [-122.049753, 36.948836], [-122.049761, 36.948839], [-122.049769, 36.948844], [-122.049775, 36.948849], [-122.049781, 36.948855], [-122.049785, 36.948862], [-122.049787, 36.94887], [-122.049788, 36.948878], [-122.049787, 36.948885], [-122.049784, 36.948893], [-122.04978, 36.948899], [-122.049671, 36.949077], [-122.049644, 36.949211], [-122.049642, 36.949218], [-122.049695, 36.949258], [-122.049693, 36.949267], [-122.049693, 36.949276], [-122.049695, 36.949286], [-122.049699, 36.949294], [-122.049705, 36.949303], [-122.049712, 36.94931], [-122.049721, 36.949316], [-122.049731, 36.949321], [-122.049986, 36.949419], [-122.050448, 36.949524], [-122.050505, 36.949512], [-122.05053, 36.949506], [-122.0506, 36.949462], [-122.05076, 36.949413], [-122.050783, 36.949413], [-122.050831, 36.949412], [-122.050875, 36.949412], [-122.051038, 36.949451], [-122.051076, 36.94945], [-122.051184, 36.94941], [-122.051223, 36.949406], [-122.051244, 36.949408], [-122.051264, 36.949413], [-122.051282, 36.949421], [-122.051299, 36.949431], [-122.051313, 36.949444], [-122.051316, 36.949453], [-122.05132, 36.949463], [-122.05132, 36.949464], [-122.051325, 36.949475], [-122.051345, 36.949513], [-122.051372, 36.949548], [-122.051404, 36.94958], [-122.051442, 36.949609], [-122.051559, 36.949626], [-122.051597, 36.949615], [-122.051664, 36.949595], [-122.051783, 36.949505], [-122.051925, 36.949414], [-122.051991, 36.949288], [-122.052001, 36.949279], [-122.052012, 36.949272], [-122.052025, 36.949266], [-122.052039, 36.949261], [-122.052054, 36.949259], [-122.052069, 36.949258], [-122.052084, 36.94926], [-122.052109, 36.949265], [-122.052132, 36.949273], [-122.052154, 36.949284], [-122.052173, 36.949297], [-122.052182, 36.949308], [-122.052221, 36.949359], [-122.052255, 36.949412], [-122.052284, 36.949467], [-122.052308, 36.949523], [-122.052402, 36.949613], [-122.052434, 36.949668], [-122.052468, 36.949682], [-122.052499, 36.9497], [-122.052527, 36.949722], [-122.052585, 36.94974], [-122.052745, 36.949728], [-122.052781, 36.949739], [-122.052861, 36.949764], [-122.052953, 36.949762], [-122.052976, 36.949753], [-122.053018, 36.949675], [-122.052928, 36.94963], [-122.052895, 36.949559], [-122.052929, 36.949495], [-122.052929, 36.949476], [-122.052944, 36.949472], [-122.052958, 36.949466], [-122.05297, 36.949458], [-122.052981, 36.949449], [-122.05299, 36.949438], [-122.052997, 36.949427], [-122.053001, 36.949414], [-122.053003, 36.949402], [-122.053072, 36.949364], [-122.053279, 36.949361], [-122.053367, 36.94938], [-122.053442, 36.949396], [-122.053546, 36.949394], [-122.053611, 36.949384], [-122.053614, 36.949384], [-122.053656, 36.949367], [-122.053695, 36.949345], [-122.053728, 36.949318], [-122.053784, 36.949262], [-122.053852, 36.949169], [-122.053908, 36.949131], [-122.053906, 36.949126], [-122.053904, 36.949121], [-122.053903, 36.949115], [-122.053904, 36.94911], [-122.053906, 36.949104], [-122.053909, 36.949099], [-122.053913, 36.949095], [-122.053917, 36.949091], [-122.053923, 36.949088], [-122.053929, 36.949085], [-122.054066, 36.949046], [-122.054146, 36.949036], [-122.054457, 36.949032], [-122.05449, 36.949022], [-122.054525, 36.949017], [-122.05456, 36.949017], [-122.054595, 36.949021], [-122.054618, 36.94903], [-122.054655, 36.949101], [-122.054666, 36.949121], [-122.054701, 36.949158], [-122.05481, 36.949208], [-122.054817, 36.949212], [-122.0549, 36.949294], [-122.054946, 36.949321], [-122.05497, 36.949325], [-122.054992, 36.949329], [-122.055038, 36.949329], [-122.055129, 36.949303], [-122.05517, 36.949278], [-122.055215, 36.949257], [-122.055262, 36.94924], [-122.055311, 36.949226], [-122.055564, 36.949223], [-122.055588, 36.949232], [-122.055605, 36.949255], [-122.055658, 36.949326], [-122.055729, 36.949513], [-122.055755, 36.949542], [-122.055785, 36.949568], [-122.055818, 36.949591], [-122.055856, 36.94961], [-122.05591, 36.949602], [-122.05592, 36.949592], [-122.055931, 36.949584], [-122.055944, 36.949577], [-122.055958, 36.949571], [-122.055973, 36.949568], [-122.055988, 36.949566], [-122.055998, 36.949549], [-122.056011, 36.949532], [-122.056027, 36.949518], [-122.056046, 36.949506], [-122.056024, 36.949399], [-122.056022, 36.949394], [-122.056021, 36.949389], [-122.056021, 36.949383], [-122.056022, 36.949378], [-122.056024, 36.949373], [-122.056028, 36.949368], [-122.056032, 36.949364], [-122.056037, 36.94936], [-122.056043, 36.949357], [-122.056181, 36.949306], [-122.056214, 36.949309], [-122.056248, 36.949294], [-122.056273, 36.949283], [-122.05632, 36.949262], [-122.056347, 36.949244], [-122.056371, 36.949224], [-122.056392, 36.949201], [-122.056408, 36.949175], [-122.056464, 36.949166], [-122.056518, 36.949152], [-122.05657, 36.949132], [-122.056618, 36.949108], [-122.056665, 36.949089], [-122.05671, 36.949066], [-122.056751, 36.94904], [-122.056785, 36.949012], [-122.056866, 36.948994], [-122.056868, 36.949007], [-122.056868, 36.949011], [-122.056872, 36.949009], [-122.056872, 36.949036], [-122.056853, 36.949075], [-122.056836, 36.949102], [-122.05684, 36.949124], [-122.056864, 36.949153], [-122.056901, 36.949182], [-122.056949, 36.949211], [-122.056999, 36.949244], [-122.057055, 36.949258], [-122.057129, 36.94928], [-122.057211, 36.949292], [-122.057275, 36.9493], [-122.057393, 36.949283], [-122.05743, 36.949274], [-122.057467, 36.949265], [-122.057522, 36.949237], [-122.057567, 36.949189], [-122.057606, 36.94915], [-122.05762, 36.949103], [-122.057627, 36.949065], [-122.057638, 36.949023], [-122.057665, 36.949001], [-122.0577, 36.948994], [-122.057733, 36.949], [-122.057761, 36.949016], [-122.057785, 36.949049], [-122.057813, 36.949091], [-122.057814, 36.949092], [-122.057838, 36.94913], [-122.057843, 36.949176], [-122.057827, 36.949216], [-122.057809, 36.949249], [-122.05778, 36.949272], [-122.057723, 36.94929], [-122.05769, 36.949327], [-122.05766, 36.949368], [-122.057622, 36.949393], [-122.057567, 36.949409], [-122.057533, 36.94942], [-122.057491, 36.949421], [-122.057457, 36.949438], [-122.057439, 36.949465], [-122.057451, 36.949488], [-122.05749, 36.94951], [-122.057543, 36.949527], [-122.05761, 36.949545], [-122.05766, 36.949551], [-122.057719, 36.949553], [-122.057772, 36.949557], [-122.057847, 36.949568], [-122.057943, 36.94959], [-122.058011, 36.949608], [-122.058076, 36.949615], [-122.058163, 36.949641], [-122.058244, 36.949662], [-122.058337, 36.949678], [-122.058412, 36.949685], [-122.058485, 36.949687], [-122.058574, 36.949699], [-122.058643, 36.949704], [-122.058767, 36.949716], [-122.058818, 36.949728], [-122.058891, 36.949728], [-122.058959, 36.949739], [-122.059021, 36.949743], [-122.059205, 36.94979], [-122.059319, 36.949814], [-122.059394, 36.949835], [-122.059445, 36.94985], [-122.05947, 36.949859], [-122.059514, 36.949874], [-122.059591, 36.949889], [-122.059655, 36.949885], [-122.059724, 36.949867], [-122.05974, 36.949857], [-122.059758, 36.949847], [-122.059795, 36.949814], [-122.059835, 36.9498], [-122.059914, 36.949828], [-122.05994, 36.949838], [-122.059961, 36.949847], [-122.059998, 36.949851], [-122.06001, 36.949841], [-122.060009, 36.949822], [-122.059988, 36.949803], [-122.059977, 36.949793], [-122.059953, 36.949767], [-122.059951, 36.949745], [-122.059971, 36.949719], [-122.059998, 36.949709], [-122.060037, 36.949712], [-122.060067, 36.949721], [-122.060119, 36.949809], [-122.060135, 36.949836], [-122.060165, 36.949887], [-122.060107, 36.949912], [-122.06014, 36.952224], [-122.060169, 36.954289], [-122.06017, 36.954352], [-122.06017, 36.95439], [-122.060171, 36.954468], [-122.059456, 36.954502], [-122.057775, 36.954679], [-122.057109, 36.954748], [-122.054944, 36.954975], [-122.053067, 36.955171], [-122.052102, 36.955272], [-122.04994, 36.955498], [-122.049925, 36.955402], [-122.049911, 36.955319], [-122.049888, 36.955178], [-122.049866, 36.955038], [-122.049829, 36.954809], [-122.049682, 36.954075], [-122.049354, 36.95244], [-122.049332, 36.952304], [-122.04931, 36.952168], [-122.049288, 36.952031], [-122.049266, 36.951895], [-122.04922, 36.951609], [-122.04921, 36.951538], [-122.049015, 36.950337]]]}}, {"type": "Feature", "properties": {"id": 31622}, "geometry": {"type": "Polygon", "coordinates": [[[-122.036957, 36.959978], [-122.03691, 36.959888], [-122.036872, 36.959796], [-122.036844, 36.959701], [-122.036827, 36.959605], [-122.036825, 36.959587], [-122.036821, 36.959509], [-122.036825, 36.959412], [-122.036838, 36.959325], [-122.036838, 36.959325], [-122.036838, 36.959323], [-122.036126, 36.95923], [-122.036126, 36.95923], [-122.036163, 36.959085], [-122.036179, 36.959037], [-122.036041, 36.959005], [-122.035624, 36.958911], [-122.035486, 36.95888], [-122.035347, 36.958848], [-122.035141, 36.958802], [-122.034932, 36.958755], [-122.034794, 36.958724], [-122.034736, 36.958713], [-122.034564, 36.958682], [-122.034507, 36.958672], [-122.034507, 36.95867], [-122.034504, 36.958568], [-122.034504, 36.958566], [-122.034495, 36.958257], [-122.034495, 36.958255], [-122.034493, 36.958154], [-122.034493, 36.958152], [-122.034332, 36.958142], [-122.033848, 36.958112], [-122.033688, 36.958103], [-122.033688, 36.958103], [-122.033697, 36.957996], [-122.033728, 36.957675], [-122.033739, 36.957569], [-122.033747, 36.957484], [-122.033773, 36.957232], [-122.033782, 36.957148], [-122.033782, 36.957148], [-122.033828, 36.956698], [-122.033879, 36.95619], [-122.033958, 36.95541], [-122.033722, 36.953899], [-122.033921, 36.953878], [-122.033745, 36.952868], [-122.033583, 36.951937], [-122.033591, 36.951933], [-122.033625, 36.951922], [-122.03366, 36.951914], [-122.033697, 36.951909], [-122.033709, 36.951897], [-122.033706, 36.951853], [-122.033727, 36.95175], [-122.033783, 36.951731], [-122.0338, 36.95174], [-122.033799, 36.951743], [-122.033798, 36.951747], [-122.033797, 36.951751], [-122.033798, 36.951755], [-122.033799, 36.951758], [-122.033801, 36.951762], [-122.033804, 36.951765], [-122.033807, 36.951768], [-122.033811, 36.95177], [-122.033815, 36.951772], [-122.033819, 36.951773], [-122.033935, 36.951763], [-122.033988, 36.951746], [-122.034003, 36.951679], [-122.034102, 36.951692], [-122.034154, 36.951662], [-122.034179, 36.951661], [-122.034205, 36.951688], [-122.034203, 36.951728], [-122.034209, 36.951769], [-122.034223, 36.951808], [-122.034243, 36.951845], [-122.034399, 36.951912], [-122.03445, 36.95188], [-122.034496, 36.951924], [-122.0345, 36.951927], [-122.034503, 36.95193], [-122.034508, 36.951931], [-122.034512, 36.951933], [-122.034517, 36.951933], [-122.034522, 36.951934], [-122.034526, 36.951933], [-122.034531, 36.951932], [-122.034535, 36.95193], [-122.03454, 36.951917], [-122.034547, 36.951904], [-122.034556, 36.951892], [-122.034568, 36.951882], [-122.034582, 36.951873], [-122.034597, 36.951866], [-122.034614, 36.951862], [-122.034631, 36.951859], [-122.034649, 36.951859], [-122.034669, 36.951876], [-122.034673, 36.951944], [-122.034675, 36.951964], [-122.034734, 36.952012], [-122.034833, 36.951986], [-122.034842, 36.951985], [-122.034852, 36.951986], [-122.034861, 36.951988], [-122.03487, 36.951992], [-122.034878, 36.951996], [-122.034885, 36.952002], [-122.034891, 36.952008], [-122.034895, 36.952015], [-122.034898, 36.952022], [-122.035184, 36.952037], [-122.035221, 36.952039], [-122.03538, 36.952116], [-122.035387, 36.952119], [-122.035553, 36.952198], [-122.035562, 36.952203], [-122.035777, 36.952306], [-122.035868, 36.95235], [-122.036075, 36.952449], [-122.036159, 36.95249], [-122.036299, 36.952557], [-122.036351, 36.952543], [-122.036357, 36.952553], [-122.036331, 36.952563], [-122.03634, 36.952572], [-122.036413, 36.952568], [-122.036428, 36.952587], [-122.036447, 36.952604], [-122.036469, 36.952618], [-122.036493, 36.952629], [-122.036519, 36.952637], [-122.036547, 36.952642], [-122.036575, 36.952642], [-122.036603, 36.95264], [-122.036712, 36.952637], [-122.036764, 36.952636], [-122.03682, 36.952573], [-122.036893, 36.952566], [-122.03692, 36.952587], [-122.03695, 36.952638], [-122.037051, 36.952679], [-122.037074, 36.952692], [-122.037083, 36.95275], [-122.037246, 36.953728], [-122.037372, 36.954485], [-122.037454, 36.954977], [-122.037512, 36.955324], [-122.037538, 36.955486], [-122.037652, 36.956171], [-122.037711, 36.956524], [-122.037791, 36.957018], [-122.037902, 36.957685], [-122.037934, 36.957873], [-122.038117, 36.958973], [-122.03818, 36.958968], [-122.038243, 36.958969], [-122.038317, 36.958976], [-122.038389, 36.958989], [-122.038459, 36.959009], [-122.038525, 36.959035], [-122.038588, 36.959066], [-122.038645, 36.959104], [-122.038698, 36.959146], [-122.038744, 36.959192], [-122.038783, 36.959242], [-122.038815, 36.959296], [-122.038839, 36.959352], [-122.038856, 36.95941], [-122.038864, 36.959467], [-122.038864, 36.959525], [-122.038857, 36.959583], [-122.038842, 36.959639], [-122.038819, 36.959694], [-122.038789, 36.959746], [-122.038751, 36.959796], [-122.038707, 36.959843], [-122.038656, 36.959886], [-122.0386, 36.959924], [-122.038538, 36.959957], [-122.038473, 36.959983], [-122.038404, 36.960004], [-122.038332, 36.960019], [-122.038259, 36.960027], [-122.038186, 36.960029], [-122.038112, 36.960024], [-122.03804, 36.960013], [-122.03797, 36.959995], [-122.037902, 36.959971], [-122.037839, 36.959941], [-122.037426, 36.960417], [-122.037425, 36.960416], [-122.037328, 36.960358], [-122.037238, 36.960293], [-122.037206, 36.960265], [-122.037155, 36.960222], [-122.03708, 36.960145], [-122.037014, 36.960064], [-122.036957, 36.959978]]]}}, {"type": "Feature", "properties": {"id": 31320}, "geometry": {"type": "Polygon", "coordinates": [[[-122.025234, 36.957131], [-122.025236, 36.957131], [-122.025238, 36.95713], [-122.02524, 36.95713], [-122.025243, 36.95713], [-122.025246, 36.957129], [-122.025249, 36.957128], [-122.02525, 36.957127], [-122.02525, 36.957127], [-122.025253, 36.957126], [-122.025254, 36.957125], [-122.025257, 36.957124], [-122.025257, 36.957124], [-122.025257, 36.957123], [-122.025257, 36.957123], [-122.025259, 36.957122], [-122.025259, 36.957122], [-122.02526, 36.957121], [-122.025261, 36.957121], [-122.025261, 36.957121], [-122.025264, 36.957118], [-122.025265, 36.957116], [-122.025267, 36.957114], [-122.025268, 36.957114], [-122.025268, 36.957113], [-122.02527, 36.957111], [-122.025271, 36.957108], [-122.025271, 36.957108], [-122.025272, 36.957108], [-122.025273, 36.957105], [-122.025273, 36.957104], [-122.025274, 36.957101], [-122.025275, 36.957099], [-122.025275, 36.957096], [-122.025275, 36.957096], [-122.025275, 36.957094], [-122.025275, 36.957093], [-122.025275, 36.957093], [-122.025275, 36.95709], [-122.025275, 36.95709], [-122.025274, 36.957087], [-122.025274, 36.957087], [-122.025274, 36.957084], [-122.025268, 36.957071], [-122.025259, 36.957051], [-122.025247, 36.95703], [-122.025245, 36.957027], [-122.025242, 36.957024], [-122.025242, 36.957024], [-122.025241, 36.957022], [-122.025239, 36.957021], [-122.025236, 36.95702], [-122.025234, 36.957019], [-122.025231, 36.957018], [-122.025229, 36.957018], [-122.025226, 36.957017], [-122.025223, 36.957016], [-122.025221, 36.957014], [-122.025219, 36.957013], [-122.025207, 36.957], [-122.025193, 36.956982], [-122.025184, 36.956971], [-122.025178, 36.956963], [-122.025176, 36.95696], [-122.025173, 36.956958], [-122.025173, 36.956957], [-122.025173, 36.956957], [-122.025173, 36.956957], [-122.025172, 36.956957], [-122.02517, 36.956955], [-122.02517, 36.956954], [-122.02517, 36.956954], [-122.025169, 36.956954], [-122.025166, 36.956952], [-122.025166, 36.956952], [-122.025166, 36.956952], [-122.025163, 36.95695], [-122.025161, 36.956948], [-122.025161, 36.956948], [-122.025161, 36.956947], [-122.025159, 36.956945], [-122.025158, 36.956943], [-122.025157, 36.956942], [-122.025155, 36.956937], [-122.025154, 36.956935], [-122.025154, 36.956935], [-122.025153, 36.956935], [-122.025152, 36.956932], [-122.025152, 36.956931], [-122.025152, 36.956931], [-122.025152, 36.95693], [-122.025152, 36.95693], [-122.025149, 36.956922], [-122.025149, 36.956922], [-122.025146, 36.956914], [-122.025139, 36.9569], [-122.025136, 36.956894], [-122.025132, 36.956888], [-122.025129, 36.956882], [-122.025126, 36.956875], [-122.025107, 36.956839], [-122.025106, 36.956836], [-122.0251, 36.956827], [-122.0251, 36.956827], [-122.025083, 36.956803], [-122.025083, 36.956802], [-122.025082, 36.9568], [-122.025075, 36.956787], [-122.025075, 36.956786], [-122.025075, 36.956785], [-122.025066, 36.956771], [-122.025066, 36.956771], [-122.025061, 36.956764], [-122.025061, 36.956764], [-122.025058, 36.956761], [-122.025055, 36.956758], [-122.025055, 36.956757], [-122.025049, 36.956751], [-122.025048, 36.956751], [-122.025025, 36.956732], [-122.025023, 36.95673], [-122.025021, 36.956729], [-122.024999, 36.956716], [-122.024978, 36.956704], [-122.024959, 36.956693], [-122.024946, 36.956685], [-122.024945, 36.956685], [-122.024944, 36.956684], [-122.024936, 36.95668], [-122.024936, 36.956679], [-122.024917, 36.956669], [-122.024916, 36.956669], [-122.024915, 36.956669], [-122.02491, 36.956666], [-122.02491, 36.956666], [-122.024905, 36.956664], [-122.024889, 36.956658], [-122.024887, 36.956657], [-122.02488, 36.956653], [-122.02488, 36.956653], [-122.024874, 36.956649], [-122.024873, 36.956649], [-122.024873, 36.956648], [-122.024866, 36.956643], [-122.024866, 36.956642], [-122.024859, 36.956636], [-122.024857, 36.956634], [-122.024853, 36.956628], [-122.024847, 36.956621], [-122.024847, 36.95662], [-122.024847, 36.95662], [-122.024845, 36.956617], [-122.024844, 36.956616], [-122.024844, 36.956616], [-122.024841, 36.956611], [-122.02484, 36.95661], [-122.02484, 36.95661], [-122.024835, 36.956605], [-122.024835, 36.956605], [-122.024835, 36.956604], [-122.024834, 36.956603], [-122.024833, 36.956602], [-122.024818, 36.956588], [-122.024818, 36.956588], [-122.024817, 36.956587], [-122.024808, 36.956578], [-122.024788, 36.95656], [-122.024777, 36.956551], [-122.024766, 36.956541], [-122.024766, 36.956541], [-122.024753, 36.956528], [-122.024749, 36.956525], [-122.024748, 36.956523], [-122.024746, 36.956521], [-122.024742, 36.956518], [-122.024736, 36.956513], [-122.024736, 36.956513], [-122.024733, 36.956511], [-122.024729, 36.956508], [-122.024699, 36.95649], [-122.024672, 36.956476], [-122.024657, 36.956469], [-122.024655, 36.956467], [-122.024645, 36.956461], [-122.024626, 36.956449], [-122.024616, 36.956444], [-122.024607, 36.956438], [-122.024606, 36.956437], [-122.024604, 36.956435], [-122.024603, 36.956433], [-122.024602, 36.956432], [-122.024602, 36.95643], [-122.024601, 36.956428], [-122.024601, 36.956426], [-122.024601, 36.956424], [-122.024602, 36.956418], [-122.024604, 36.956408], [-122.024604, 36.956408], [-122.024609, 36.956396], [-122.024612, 36.95639], [-122.024612, 36.95639], [-122.024616, 36.956385], [-122.024616, 36.956385], [-122.024616, 36.956385], [-122.024623, 36.956375], [-122.024627, 36.95637], [-122.024628, 36.95637], [-122.024628, 36.956369], [-122.024632, 36.956363], [-122.024638, 36.956351], [-122.024645, 36.956338], [-122.024652, 36.956329], [-122.024652, 36.956328], [-122.024657, 36.95632], [-122.024658, 36.956319], [-122.024658, 36.956318], [-122.024659, 36.956316], [-122.024661, 36.956312], [-122.024661, 36.956312], [-122.024662, 36.956308], [-122.024664, 36.956302], [-122.024664, 36.956302], [-122.024664, 36.956301], [-122.024666, 36.95629], [-122.024666, 36.956287], [-122.024667, 36.956273], [-122.024667, 36.956272], [-122.024667, 36.95627], [-122.024666, 36.95627], [-122.024666, 36.956268], [-122.024666, 36.956268], [-122.024665, 36.956264], [-122.024665, 36.956264], [-122.024661, 36.95625], [-122.024661, 36.956249], [-122.024656, 36.956236], [-122.024653, 36.956226], [-122.024651, 36.956222], [-122.024648, 36.956212], [-122.024646, 36.956207], [-122.024637, 36.956182], [-122.024632, 36.95617], [-122.024632, 36.956169], [-122.024631, 36.956166], [-122.024629, 36.956164], [-122.024629, 36.956164], [-122.024629, 36.956164], [-122.024626, 36.956159], [-122.024626, 36.956158], [-122.024608, 36.95613], [-122.024608, 36.956129], [-122.024579, 36.956078], [-122.024574, 36.956067], [-122.024566, 36.956049], [-122.024566, 36.956048], [-122.024563, 36.956042], [-122.024562, 36.956039], [-122.024562, 36.956038], [-122.024555, 36.956022], [-122.024548, 36.956007], [-122.024547, 36.956003], [-122.024546, 36.956002], [-122.024537, 36.95598], [-122.024536, 36.955979], [-122.024527, 36.955959], [-122.024526, 36.955957], [-122.024525, 36.955956], [-122.024525, 36.955955], [-122.024518, 36.95594], [-122.024517, 36.955939], [-122.024516, 36.955937], [-122.024514, 36.955933], [-122.024507, 36.955922], [-122.02448, 36.955885], [-122.02448, 36.955884], [-122.024479, 36.955883], [-122.024465, 36.955864], [-122.024464, 36.955863], [-122.024457, 36.955854], [-122.024456, 36.955853], [-122.024455, 36.955852], [-122.024447, 36.95584], [-122.02443, 36.955817], [-122.024429, 36.955815], [-122.024425, 36.955809], [-122.024425, 36.955809], [-122.024415, 36.955793], [-122.024414, 36.955792], [-122.024413, 36.95579], [-122.024411, 36.955786], [-122.024411, 36.955786], [-122.024411, 36.955786], [-122.024411, 36.955785], [-122.024409, 36.955779], [-122.024408, 36.955777], [-122.024408, 36.955777], [-122.024407, 36.955773], [-122.024407, 36.955772], [-122.024407, 36.95577], [-122.024406, 36.955766], [-122.024405, 36.955761], [-122.024404, 36.955759], [-122.024403, 36.955757], [-122.024403, 36.955757], [-122.0244, 36.955753], [-122.024396, 36.955746], [-122.024396, 36.955746], [-122.024388, 36.955736], [-122.024387, 36.955736], [-122.024386, 36.955735], [-122.024386, 36.955734], [-122.024382, 36.95573], [-122.024365, 36.955713], [-122.024348, 36.955698], [-122.024332, 36.955684], [-122.024332, 36.955684], [-122.024331, 36.955683], [-122.024331, 36.955683], [-122.024318, 36.95567], [-122.024318, 36.95567], [-122.024297, 36.955644], [-122.024296, 36.955644], [-122.02429, 36.955634], [-122.02429, 36.955634], [-122.024289, 36.955633], [-122.024284, 36.955623], [-122.024284, 36.955621], [-122.024284, 36.95562], [-122.024284, 36.955618], [-122.024284, 36.955616], [-122.024285, 36.955615], [-122.024286, 36.955613], [-122.024287, 36.955612], [-122.024289, 36.955609], [-122.024289, 36.955609], [-122.024307, 36.955595], [-122.024335, 36.955578], [-122.024335, 36.955578], [-122.024337, 36.955577], [-122.024346, 36.955571], [-122.024347, 36.955571], [-122.024347, 36.955571], [-122.024347, 36.955571], [-122.024356, 36.955565], [-122.024357, 36.955564], [-122.02436, 36.955562], [-122.024366, 36.955556], [-122.024367, 36.955555], [-122.024367, 36.955555], [-122.024374, 36.955548], [-122.024376, 36.955546], [-122.024377, 36.955544], [-122.024377, 36.955542], [-122.024378, 36.95554], [-122.024378, 36.955539], [-122.024378, 36.955533], [-122.024377, 36.955515], [-122.024377, 36.955512], [-122.024376, 36.955503], [-122.024375, 36.955488], [-122.024375, 36.955488], [-122.024375, 36.955488], [-122.024375, 36.955486], [-122.024375, 36.955483], [-122.024375, 36.955481], [-122.024375, 36.955481], [-122.02438, 36.95547], [-122.024381, 36.955468], [-122.024383, 36.955463], [-122.024391, 36.955449], [-122.024397, 36.955437], [-122.024397, 36.955436], [-122.024398, 36.955435], [-122.024398, 36.955434], [-122.024398, 36.955432], [-122.024398, 36.955429], [-122.024398, 36.955427], [-122.024397, 36.955424], [-122.024397, 36.955422], [-122.024397, 36.955422], [-122.024397, 36.955422], [-122.024396, 36.95542], [-122.024396, 36.955419], [-122.024396, 36.955419], [-122.024396, 36.955419], [-122.024396, 36.955414], [-122.024396, 36.955413], [-122.024396, 36.955413], [-122.024396, 36.955412], [-122.024396, 36.955411], [-122.024396, 36.955411], [-122.024396, 36.95541], [-122.024396, 36.955408], [-122.024397, 36.955404], [-122.024398, 36.955404], [-122.024399, 36.955399], [-122.0244, 36.955398], [-122.024402, 36.955393], [-122.024402, 36.955393], [-122.024404, 36.95539], [-122.024404, 36.95539], [-122.024404, 36.95539], [-122.024408, 36.955384], [-122.024408, 36.955384], [-122.024408, 36.955384], [-122.024413, 36.955378], [-122.024427, 36.955365], [-122.024428, 36.955364], [-122.024434, 36.95536], [-122.024435, 36.955359], [-122.024441, 36.955356], [-122.024443, 36.955355], [-122.024445, 36.955354], [-122.024448, 36.955353], [-122.024451, 36.955352], [-122.024451, 36.955352], [-122.024451, 36.955352], [-122.024452, 36.955352], [-122.024453, 36.955352], [-122.024456, 36.955351], [-122.024458, 36.955351], [-122.02446, 36.95535], [-122.024462, 36.955348], [-122.024464, 36.955347], [-122.024465, 36.955347], [-122.024466, 36.955345], [-122.024467, 36.955345], [-122.024467, 36.955344], [-122.024468, 36.955343], [-122.024468, 36.955343], [-122.02447, 36.955341], [-122.024471, 36.95534], [-122.024471, 36.95534], [-122.024471, 36.95534], [-122.024471, 36.955339], [-122.024472, 36.955337], [-122.024473, 36.955335], [-122.024473, 36.955335], [-122.024474, 36.955333], [-122.024474, 36.955333], [-122.024474, 36.955331], [-122.024474, 36.955331], [-122.024475, 36.955325], [-122.024475, 36.955323], [-122.024476, 36.955315], [-122.024478, 36.955305], [-122.024478, 36.955305], [-122.02448, 36.955298], [-122.024481, 36.955293], [-122.024481, 36.955293], [-122.024482, 36.955287], [-122.024483, 36.955285], [-122.024484, 36.955282], [-122.024484, 36.955282], [-122.024485, 36.955281], [-122.024485, 36.955281], [-122.024485, 36.955281], [-122.024486, 36.95528], [-122.024487, 36.955278], [-122.024488, 36.955278], [-122.024488, 36.955278], [-122.024492, 36.955273], [-122.024492, 36.955273], [-122.024494, 36.955271], [-122.024494, 36.955271], [-122.024496, 36.955268], [-122.024496, 36.955268], [-122.024499, 36.955263], [-122.0245, 36.95526], [-122.0245, 36.95526], [-122.024503, 36.955255], [-122.024503, 36.955255], [-122.024504, 36.955249], [-122.024505, 36.955247], [-122.024505, 36.955246], [-122.024505, 36.955246], [-122.024506, 36.955244], [-122.024506, 36.955243], [-122.024506, 36.955243], [-122.024507, 36.955242], [-122.024507, 36.955242], [-122.024507, 36.955241], [-122.024509, 36.955237], [-122.024509, 36.955237], [-122.02451, 36.955236], [-122.02451, 36.955236], [-122.024511, 36.955234], [-122.024514, 36.955231], [-122.024514, 36.95523], [-122.024516, 36.955228], [-122.024516, 36.955228], [-122.024517, 36.955228], [-122.024517, 36.955227], [-122.024517, 36.955227], [-122.024518, 36.955227], [-122.024519, 36.955226], [-122.024519, 36.955226], [-122.024519, 36.955225], [-122.024522, 36.955223], [-122.024524, 36.955222], [-122.024524, 36.955222], [-122.024528, 36.955219], [-122.024528, 36.955219], [-122.024532, 36.955215], [-122.024532, 36.955215], [-122.024534, 36.955213], [-122.024535, 36.955212], [-122.024538, 36.955208], [-122.024542, 36.955202], [-122.024555, 36.95518], [-122.024555, 36.955179], [-122.024563, 36.955164], [-122.024567, 36.955154], [-122.024571, 36.955144], [-122.024571, 36.955143], [-122.024576, 36.95513], [-122.024577, 36.955126], [-122.024579, 36.955121], [-122.024579, 36.955121], [-122.024581, 36.955115], [-122.024582, 36.955114], [-122.024582, 36.955113], [-122.024582, 36.955113], [-122.024587, 36.955106], [-122.024587, 36.955105], [-122.024593, 36.955098], [-122.024597, 36.955093], [-122.024597, 36.955093], [-122.024601, 36.955087], [-122.024602, 36.955087], [-122.024602, 36.955087], [-122.024603, 36.955085], [-122.024603, 36.955085], [-122.024608, 36.955077], [-122.024621, 36.955052], [-122.024631, 36.95503], [-122.024639, 36.955009], [-122.024647, 36.954982], [-122.024647, 36.954982], [-122.024648, 36.954978], [-122.024654, 36.954951], [-122.024654, 36.954951], [-122.024654, 36.954943], [-122.024654, 36.954942], [-122.024655, 36.954932], [-122.024654, 36.954922], [-122.02465, 36.954902], [-122.02465, 36.954901], [-122.02465, 36.954901], [-122.024649, 36.954901], [-122.024647, 36.954893], [-122.024647, 36.954892], [-122.024647, 36.954892], [-122.024646, 36.954889], [-122.024646, 36.954888], [-122.024644, 36.954885], [-122.024644, 36.954884], [-122.02464, 36.954877], [-122.024639, 36.954875], [-122.024639, 36.954874], [-122.024639, 36.954874], [-122.024639, 36.954873], [-122.024638, 36.954872], [-122.024638, 36.954871], [-122.024638, 36.95487], [-122.024638, 36.954869], [-122.024638, 36.954869], [-122.024638, 36.954869], [-122.024638, 36.954868], [-122.024638, 36.954868], [-122.024638, 36.954867], [-122.024638, 36.954866], [-122.024639, 36.954863], [-122.024639, 36.95486], [-122.024642, 36.954846], [-122.024644, 36.954838], [-122.024648, 36.954818], [-122.024649, 36.954814], [-122.02465, 36.954811], [-122.02465, 36.95481], [-122.024652, 36.954806], [-122.024652, 36.954805], [-122.024652, 36.954804], [-122.024652, 36.954804], [-122.024654, 36.954802], [-122.024655, 36.9548], [-122.024658, 36.954795], [-122.024658, 36.954795], [-122.024658, 36.954794], [-122.02466, 36.95479], [-122.024661, 36.954788], [-122.024661, 36.954788], [-122.024661, 36.954787], [-122.024661, 36.954786], [-122.024662, 36.954785], [-122.024662, 36.954785], [-122.024662, 36.954782], [-122.024662, 36.954782], [-122.024662, 36.95478], [-122.024662, 36.95478], [-122.024662, 36.954777], [-122.024662, 36.954776], [-122.024662, 36.954776], [-122.024662, 36.954773], [-122.024661, 36.95477], [-122.02466, 36.954768], [-122.02466, 36.954766], [-122.02466, 36.954766], [-122.024659, 36.954765], [-122.024657, 36.954763], [-122.024656, 36.954761], [-122.024654, 36.95476], [-122.024651, 36.954759], [-122.024649, 36.954758], [-122.024645, 36.954756], [-122.024644, 36.954756], [-122.024644, 36.954756], [-122.024638, 36.954755], [-122.024623, 36.954751], [-122.024605, 36.954745], [-122.024603, 36.954745], [-122.0246, 36.954743], [-122.024598, 36.954742], [-122.024596, 36.954741], [-122.024595, 36.954739], [-122.024593, 36.954738], [-122.024591, 36.954733], [-122.024591, 36.954733], [-122.024591, 36.954732], [-122.024591, 36.954732], [-122.02459, 36.954732], [-122.02459, 36.954731], [-122.02459, 36.954731], [-122.024589, 36.954725], [-122.024588, 36.954724], [-122.024588, 36.954723], [-122.024588, 36.954723], [-122.024587, 36.954711], [-122.024587, 36.954711], [-122.024586, 36.954695], [-122.024585, 36.954691], [-122.024585, 36.954691], [-122.024585, 36.95469], [-122.024585, 36.95469], [-122.024585, 36.95469], [-122.024582, 36.95468], [-122.024582, 36.954679], [-122.024582, 36.954679], [-122.024582, 36.954678], [-122.024582, 36.954678], [-122.024582, 36.954678], [-122.024582, 36.954676], [-122.024581, 36.954672], [-122.024581, 36.954672], [-122.024581, 36.95467], [-122.024582, 36.954668], [-122.024582, 36.954668], [-122.024582, 36.954668], [-122.024582, 36.954667], [-122.024583, 36.954666], [-122.024583, 36.954666], [-122.024583, 36.954665], [-122.024599, 36.954641], [-122.0246, 36.954641], [-122.024612, 36.95463], [-122.024612, 36.95463], [-122.024613, 36.95463], [-122.024613, 36.95463], [-122.024613, 36.95463], [-122.024613, 36.95463], [-122.024614, 36.95463], [-122.024614, 36.95463], [-122.024614, 36.95463], [-122.024615, 36.954629], [-122.024615, 36.954629], [-122.024615, 36.954629], [-122.024615, 36.954629], [-122.024615, 36.954629], [-122.024615, 36.954628], [-122.024615, 36.954628], [-122.024615, 36.954628], [-122.024615, 36.954628], [-122.024614, 36.954627], [-122.024614, 36.954627], [-122.024614, 36.954627], [-122.024614, 36.954627], [-122.024615, 36.954627], [-122.024615, 36.954627], [-122.024615, 36.954627], [-122.024616, 36.954628], [-122.024616, 36.954628], [-122.024635, 36.954634], [-122.024636, 36.954635], [-122.024636, 36.954635], [-122.024652, 36.954642], [-122.024664, 36.954647], [-122.024664, 36.954647], [-122.024666, 36.954647], [-122.024666, 36.954647], [-122.024668, 36.954648], [-122.024671, 36.954648], [-122.024673, 36.954648], [-122.024675, 36.954648], [-122.024675, 36.954648], [-122.024676, 36.954648], [-122.024676, 36.954648], [-122.024679, 36.954648], [-122.024681, 36.954648], [-122.024682, 36.954647], [-122.024685, 36.954646], [-122.024686, 36.954646], [-122.024687, 36.954645], [-122.024689, 36.954644], [-122.02469, 36.954643], [-122.024691, 36.954642], [-122.024691, 36.95464], [-122.024692, 36.954639], [-122.024692, 36.954638], [-122.024693, 36.954635], [-122.024693, 36.954635], [-122.024694, 36.954633], [-122.024694, 36.954632], [-122.024694, 36.954632], [-122.024695, 36.954631], [-122.024695, 36.954631], [-122.024695, 36.95463], [-122.024697, 36.954628], [-122.024697, 36.954628], [-122.024698, 36.954627], [-122.0247, 36.954626], [-122.0247, 36.954625], [-122.024714, 36.954615], [-122.024731, 36.954603], [-122.024732, 36.954603], [-122.024732, 36.954602], [-122.024732, 36.954602], [-122.024741, 36.954597], [-122.024742, 36.954597], [-122.024742, 36.954597], [-122.024742, 36.954596], [-122.024743, 36.954596], [-122.024752, 36.954591], [-122.024754, 36.954591], [-122.024754, 36.954591], [-122.024756, 36.954589], [-122.024757, 36.954589], [-122.024757, 36.954589], [-122.024758, 36.954589], [-122.024759, 36.954588], [-122.02476, 36.954587], [-122.024761, 36.954587], [-122.024761, 36.954586], [-122.024765, 36.954584], [-122.024765, 36.954583], [-122.024766, 36.954582], [-122.024766, 36.954582], [-122.024767, 36.954582], [-122.024768, 36.95458], [-122.024768, 36.95458], [-122.024768, 36.95458], [-122.024768, 36.95458], [-122.024769, 36.954578], [-122.024769, 36.954578], [-122.024769, 36.954578], [-122.024769, 36.954578], [-122.02477, 36.954576], [-122.02477, 36.954576], [-122.02477, 36.954574], [-122.024771, 36.954571], [-122.024771, 36.954571], [-122.024772, 36.954568], [-122.024772, 36.954568], [-122.024773, 36.954567], [-122.024773, 36.954566], [-122.024773, 36.954566], [-122.024774, 36.954565], [-122.024775, 36.954563], [-122.024777, 36.954561], [-122.024778, 36.954559], [-122.024779, 36.954559], [-122.024779, 36.954559], [-122.02478, 36.954558], [-122.02478, 36.954558], [-122.02478, 36.954557], [-122.02478, 36.954557], [-122.02478, 36.954557], [-122.024781, 36.954557], [-122.024781, 36.954557], [-122.024781, 36.954556], [-122.024781, 36.954556], [-122.024782, 36.954556], [-122.024784, 36.954554], [-122.024784, 36.954554], [-122.024785, 36.954554], [-122.024785, 36.954554], [-122.02479, 36.95455], [-122.024791, 36.95455], [-122.024791, 36.95455], [-122.024791, 36.95455], [-122.024793, 36.954549], [-122.024793, 36.954549], [-122.024796, 36.954547], [-122.024796, 36.954547], [-122.024799, 36.954545], [-122.024799, 36.954545], [-122.024799, 36.954545], [-122.024802, 36.954542], [-122.024802, 36.954542], [-122.024802, 36.954542], [-122.024803, 36.954541], [-122.024803, 36.954541], [-122.024803, 36.954541], [-122.024804, 36.95454], [-122.024804, 36.95454], [-122.024804, 36.95454], [-122.024805, 36.954539], [-122.024805, 36.954539], [-122.024805, 36.954539], [-122.024807, 36.954537], [-122.024807, 36.954537], [-122.024807, 36.954536], [-122.024807, 36.954536], [-122.024808, 36.954535], [-122.024808, 36.954534], [-122.024809, 36.954533], [-122.02481, 36.95453], [-122.02481, 36.954529], [-122.02481, 36.954529], [-122.024811, 36.954524], [-122.024811, 36.954524], [-122.024811, 36.954524], [-122.02481, 36.95452], [-122.02481, 36.95452], [-122.02481, 36.954518], [-122.02481, 36.954515], [-122.02481, 36.954515], [-122.024811, 36.954512], [-122.024811, 36.954511], [-122.024811, 36.954511], [-122.024811, 36.954511], [-122.024812, 36.95451], [-122.024813, 36.954509], [-122.024813, 36.954508], [-122.024813, 36.954508], [-122.024815, 36.954506], [-122.024816, 36.954504], [-122.024817, 36.954504], [-122.024817, 36.954503], [-122.024818, 36.954503], [-122.024818, 36.954503], [-122.024821, 36.954501], [-122.024821, 36.9545], [-122.024823, 36.954499], [-122.024824, 36.954499], [-122.024824, 36.954498], [-122.024829, 36.954496], [-122.02483, 36.954496], [-122.02483, 36.954496], [-122.024831, 36.954495], [-122.024833, 36.954494], [-122.024835, 36.954493], [-122.024835, 36.954493], [-122.024836, 36.954493], [-122.024836, 36.954492], [-122.024837, 36.954492], [-122.024837, 36.954492], [-122.024839, 36.95449], [-122.024839, 36.95449], [-122.024839, 36.95449], [-122.02484, 36.954488], [-122.024842, 36.954487], [-122.024851, 36.954475], [-122.024857, 36.954468], [-122.024865, 36.954457], [-122.024865, 36.954456], [-122.024869, 36.954451], [-122.024884, 36.954433], [-122.024914, 36.954395], [-122.024917, 36.95439], [-122.024917, 36.954389], [-122.024917, 36.954389], [-122.024917, 36.954389], [-122.024918, 36.954388], [-122.024918, 36.954386], [-122.024919, 36.954385], [-122.024919, 36.954383], [-122.024918, 36.954381], [-122.024918, 36.95438], [-122.024918, 36.95438], [-122.024915, 36.954368], [-122.024915, 36.954368], [-122.024914, 36.954356], [-122.024915, 36.954331], [-122.024915, 36.954318], [-122.024915, 36.954318], [-122.024916, 36.954317], [-122.024918, 36.954302], [-122.024919, 36.954302], [-122.024923, 36.954289], [-122.024925, 36.954284], [-122.024928, 36.954278], [-122.024929, 36.954278], [-122.024929, 36.954277], [-122.024929, 36.954277], [-122.024929, 36.954277], [-122.02493, 36.954276], [-122.02493, 36.954276], [-122.024931, 36.954275], [-122.024931, 36.954275], [-122.024931, 36.954274], [-122.024931, 36.954274], [-122.024932, 36.954274], [-122.024932, 36.954273], [-122.024932, 36.954273], [-122.024933, 36.954273], [-122.024933, 36.954272], [-122.024933, 36.954272], [-122.024934, 36.954271], [-122.024934, 36.954271], [-122.024934, 36.954271], [-122.024934, 36.95427], [-122.024935, 36.95427], [-122.024935, 36.95427], [-122.024938, 36.954267], [-122.024939, 36.954266], [-122.024939, 36.954266], [-122.024941, 36.954265], [-122.024941, 36.954265], [-122.024941, 36.954264], [-122.024942, 36.954264], [-122.024942, 36.954264], [-122.024944, 36.954262], [-122.024945, 36.954262], [-122.024945, 36.954262], [-122.024947, 36.95426], [-122.024947, 36.954259], [-122.024947, 36.954259], [-122.024948, 36.954259], [-122.024948, 36.954258], [-122.024949, 36.954257], [-122.02495, 36.954256], [-122.02495, 36.954256], [-122.02495, 36.954256], [-122.02495, 36.954256], [-122.024951, 36.954254], [-122.024952, 36.954253], [-122.024952, 36.954253], [-122.024953, 36.954251], [-122.024953, 36.95425], [-122.024953, 36.95425], [-122.024954, 36.954248], [-122.024954, 36.954248], [-122.024955, 36.954247], [-122.024963, 36.954222], [-122.024973, 36.954196], [-122.024981, 36.954174], [-122.024986, 36.954158], [-122.024989, 36.954151], [-122.024993, 36.954141], [-122.025007, 36.954105], [-122.025019, 36.954073], [-122.025021, 36.954069], [-122.025022, 36.954065], [-122.025022, 36.954064], [-122.025022, 36.954064], [-122.025022, 36.954064], [-122.025024, 36.954054], [-122.025024, 36.954054], [-122.025026, 36.954045], [-122.025026, 36.954045], [-122.025026, 36.954044], [-122.025029, 36.954035], [-122.025029, 36.954034], [-122.025029, 36.954034], [-122.02503, 36.954034], [-122.025036, 36.954018], [-122.025046, 36.953997], [-122.025061, 36.953967], [-122.025061, 36.953967], [-122.025072, 36.953945], [-122.025081, 36.953926], [-122.025081, 36.953924], [-122.025092, 36.953899], [-122.025093, 36.953897], [-122.025106, 36.953864], [-122.025106, 36.953862], [-122.025106, 36.953862], [-122.025111, 36.953848], [-122.025111, 36.953848], [-122.025115, 36.953832], [-122.025116, 36.953832], [-122.025126, 36.95379], [-122.025127, 36.953788], [-122.025135, 36.953761], [-122.025143, 36.953733], [-122.025143, 36.953731], [-122.025144, 36.953728], [-122.025144, 36.953728], [-122.025144, 36.953727], [-122.025145, 36.953721], [-122.025145, 36.95372], [-122.025146, 36.953718], [-122.025146, 36.953717], [-122.025146, 36.953708], [-122.025146, 36.953703], [-122.025145, 36.953693], [-122.025145, 36.953693], [-122.025144, 36.953691], [-122.025144, 36.953691], [-122.025144, 36.95369], [-122.025142, 36.953679], [-122.025142, 36.953678], [-122.025139, 36.953671], [-122.025139, 36.953671], [-122.025139, 36.95367], [-122.025139, 36.95367], [-122.025135, 36.95366], [-122.025134, 36.953659], [-122.025134, 36.953659], [-122.025133, 36.953657], [-122.025133, 36.953657], [-122.025133, 36.953657], [-122.025132, 36.953657], [-122.025132, 36.953656], [-122.025131, 36.953655], [-122.025131, 36.953654], [-122.025131, 36.953654], [-122.02513, 36.953654], [-122.02513, 36.953654], [-122.025129, 36.953652], [-122.025128, 36.953652], [-122.025128, 36.953651], [-122.025123, 36.953647], [-122.025123, 36.953646], [-122.025123, 36.953646], [-122.025114, 36.953639], [-122.02511, 36.953635], [-122.025098, 36.953625], [-122.025098, 36.953624], [-122.025087, 36.953613], [-122.025078, 36.953604], [-122.025078, 36.953604], [-122.025077, 36.953603], [-122.025071, 36.953595], [-122.025071, 36.953595], [-122.02507, 36.953595], [-122.02507, 36.953594], [-122.025065, 36.953586], [-122.025065, 36.953586], [-122.025054, 36.953563], [-122.025052, 36.953559], [-122.025047, 36.953541], [-122.025047, 36.95354], [-122.025046, 36.953536], [-122.025046, 36.953534], [-122.025046, 36.953533], [-122.025045, 36.953522], [-122.025045, 36.953522], [-122.025044, 36.953504], [-122.025044, 36.953475], [-122.025044, 36.953474], [-122.025044, 36.95345], [-122.025044, 36.95345], [-122.025045, 36.953438], [-122.025045, 36.953438], [-122.025045, 36.953438], [-122.025046, 36.953432], [-122.025046, 36.953432], [-122.025047, 36.953432], [-122.025047, 36.953431], [-122.025049, 36.953425], [-122.025056, 36.953415], [-122.025057, 36.953414], [-122.025057, 36.953413], [-122.025058, 36.953413], [-122.025064, 36.953406], [-122.025074, 36.953395], [-122.025084, 36.953385], [-122.025109, 36.953356], [-122.02511, 36.953356], [-122.025113, 36.953351], [-122.025114, 36.95335], [-122.025114, 36.95335], [-122.025114, 36.95335], [-122.025118, 36.953343], [-122.025118, 36.953342], [-122.025119, 36.953342], [-122.025122, 36.953335], [-122.025126, 36.953325], [-122.025132, 36.953315], [-122.025133, 36.953314], [-122.025133, 36.953314], [-122.025134, 36.953311], [-122.025138, 36.953305], [-122.025139, 36.953304], [-122.025141, 36.953299], [-122.025141, 36.953299], [-122.025142, 36.953295], [-122.025143, 36.953295], [-122.025143, 36.953295], [-122.025143, 36.953292], [-122.025143, 36.953292], [-122.025145, 36.953286], [-122.025145, 36.953285], [-122.025146, 36.953273], [-122.025146, 36.953272], [-122.025146, 36.953272], [-122.025146, 36.953259], [-122.025145, 36.953238], [-122.025144, 36.953223], [-122.025143, 36.953198], [-122.025143, 36.953179], [-122.025142, 36.953133], [-122.025141, 36.9531], [-122.025142, 36.953086], [-122.025142, 36.953086], [-122.025144, 36.953072], [-122.025144, 36.953072], [-122.025145, 36.95307], [-122.025146, 36.953067], [-122.025147, 36.953064], [-122.025147, 36.953064], [-122.025148, 36.953064], [-122.025149, 36.953062], [-122.025149, 36.953062], [-122.025149, 36.953061], [-122.025149, 36.953061], [-122.025149, 36.953061], [-122.025151, 36.953059], [-122.025157, 36.953052], [-122.025158, 36.953052], [-122.02517, 36.953042], [-122.025183, 36.953032], [-122.025183, 36.953032], [-122.025192, 36.953025], [-122.025193, 36.953024], [-122.025194, 36.953024], [-122.025194, 36.953023], [-122.025196, 36.953021], [-122.025199, 36.953017], [-122.025201, 36.953016], [-122.025201, 36.953016], [-122.025203, 36.953014], [-122.025203, 36.953014], [-122.025204, 36.953014], [-122.025206, 36.953014], [-122.025206, 36.953013], [-122.025208, 36.953013], [-122.02521, 36.953013], [-122.025211, 36.953013], [-122.025212, 36.953013], [-122.025214, 36.953013], [-122.025218, 36.953013], [-122.025218, 36.953013], [-122.025218, 36.953013], [-122.025219, 36.953013], [-122.02522, 36.953013], [-122.025222, 36.953013], [-122.025223, 36.953014], [-122.025226, 36.953014], [-122.025229, 36.953015], [-122.02523, 36.953015], [-122.025231, 36.953016], [-122.025232, 36.953016], [-122.025233, 36.953017], [-122.025233, 36.953017], [-122.025234, 36.953017], [-122.025234, 36.953017], [-122.02524, 36.95302], [-122.02524, 36.95302], [-122.025241, 36.95302], [-122.025241, 36.953021], [-122.025241, 36.953021], [-122.025247, 36.953024], [-122.025247, 36.953024], [-122.025249, 36.953025], [-122.025253, 36.953028], [-122.025257, 36.953032], [-122.025257, 36.953032], [-122.025262, 36.953037], [-122.025262, 36.953037], [-122.025268, 36.953044], [-122.025268, 36.953045], [-122.025268, 36.953045], [-122.025272, 36.95305], [-122.025272, 36.95305], [-122.025274, 36.953055], [-122.025275, 36.953056], [-122.025275, 36.953058], [-122.025276, 36.953058], [-122.025276, 36.953061], [-122.025276, 36.953061], [-122.025276, 36.953061], [-122.025276, 36.953061], [-122.025276, 36.953062], [-122.025276, 36.953062], [-122.025276, 36.953062], [-122.025276, 36.953063], [-122.025276, 36.953063], [-122.025276, 36.953063], [-122.025276, 36.953064], [-122.025275, 36.953064], [-122.025275, 36.953065], [-122.025275, 36.953066], [-122.025275, 36.953066], [-122.025275, 36.953067], [-122.025275, 36.953067], [-122.025275, 36.953068], [-122.025275, 36.953068], [-122.025275, 36.953068], [-122.025275, 36.953069], [-122.025275, 36.953069], [-122.025276, 36.95307], [-122.025276, 36.95307], [-122.025277, 36.953071], [-122.025277, 36.953071], [-122.025278, 36.953071], [-122.025283, 36.953074], [-122.025314, 36.953089], [-122.025316, 36.953089], [-122.025325, 36.953094], [-122.025334, 36.953098], [-122.025339, 36.9531], [-122.025348, 36.953104], [-122.02535, 36.953105], [-122.025352, 36.953107], [-122.025353, 36.953107], [-122.025353, 36.953107], [-122.025353, 36.953107], [-122.025356, 36.953109], [-122.025357, 36.953109], [-122.025357, 36.953109], [-122.025357, 36.95311], [-122.02536, 36.953112], [-122.025361, 36.953113], [-122.025363, 36.953114], [-122.025364, 36.953115], [-122.025366, 36.953115], [-122.025368, 36.953116], [-122.025368, 36.953116], [-122.025369, 36.953116], [-122.025369, 36.953116], [-122.02537, 36.953116], [-122.02537, 36.953116], [-122.025371, 36.953116], [-122.025371, 36.953116], [-122.025372, 36.953115], [-122.025372, 36.953115], [-122.025372, 36.953115], [-122.025374, 36.953112], [-122.025374, 36.953111], [-122.025375, 36.953108], [-122.025375, 36.953108], [-122.025375, 36.953108], [-122.025376, 36.953107], [-122.025377, 36.953103], [-122.025377, 36.953103], [-122.025377, 36.953103], [-122.025378, 36.953099], [-122.025378, 36.953098], [-122.025378, 36.953096], [-122.025378, 36.953095], [-122.025378, 36.953095], [-122.025378, 36.953095], [-122.025378, 36.953094], [-122.025378, 36.953094], [-122.025378, 36.953093], [-122.025378, 36.953093], [-122.025378, 36.953093], [-122.025378, 36.953093], [-122.025378, 36.953092], [-122.025378, 36.95309], [-122.025378, 36.95309], [-122.025377, 36.953087], [-122.025377, 36.953087], [-122.025377, 36.953087], [-122.025377, 36.953086], [-122.025377, 36.953086], [-122.025377, 36.953084], [-122.025377, 36.953084], [-122.025377, 36.953083], [-122.025377, 36.953082], [-122.025377, 36.953082], [-122.025377, 36.953082], [-122.025377, 36.953081], [-122.025377, 36.95308], [-122.025378, 36.95308], [-122.025379, 36.953076], [-122.025383, 36.95307], [-122.025394, 36.953054], [-122.025409, 36.953036], [-122.02541, 36.953036], [-122.025421, 36.953021], [-122.02544, 36.952994], [-122.025443, 36.95299], [-122.025445, 36.952987], [-122.025448, 36.95298], [-122.025449, 36.952978], [-122.025452, 36.952971], [-122.025453, 36.952969], [-122.025453, 36.952969], [-122.025467, 36.952937], [-122.025477, 36.952911], [-122.025485, 36.95289], [-122.025485, 36.95289], [-122.025485, 36.952889], [-122.025487, 36.952883], [-122.025487, 36.952883], [-122.025487, 36.952883], [-122.025488, 36.952879], [-122.025488, 36.952878], [-122.025488, 36.952877], [-122.025488, 36.952877], [-122.025488, 36.952876], [-122.025489, 36.952866], [-122.025489, 36.952865], [-122.025488, 36.952861], [-122.025488, 36.952859], [-122.025488, 36.952858], [-122.025488, 36.952853], [-122.025488, 36.952853], [-122.025487, 36.952851], [-122.025486, 36.952849], [-122.025485, 36.952844], [-122.025483, 36.95284], [-122.025482, 36.952839], [-122.025481, 36.952837], [-122.02548, 36.952836], [-122.02548, 36.952836], [-122.025479, 36.952834], [-122.025479, 36.952834], [-122.025478, 36.952833], [-122.025475, 36.952829], [-122.02547, 36.952823], [-122.02547, 36.952823], [-122.025465, 36.952818], [-122.02546, 36.952814], [-122.025447, 36.952805], [-122.025444, 36.952804], [-122.025442, 36.952802], [-122.025441, 36.952802], [-122.025441, 36.952802], [-122.02544, 36.952802], [-122.025439, 36.952801], [-122.025438, 36.952801], [-122.025435, 36.9528], [-122.025434, 36.952799], [-122.02543, 36.952798], [-122.025426, 36.952796], [-122.025421, 36.952794], [-122.025421, 36.952794], [-122.025419, 36.952792], [-122.025416, 36.95279], [-122.025416, 36.95279], [-122.025415, 36.952789], [-122.025413, 36.952788], [-122.02541, 36.952785], [-122.02541, 36.952785], [-122.025409, 36.952784], [-122.025408, 36.952782], [-122.025408, 36.952782], [-122.025406, 36.952779], [-122.025405, 36.952778], [-122.025404, 36.952776], [-122.025404, 36.952776], [-122.025403, 36.952773], [-122.025403, 36.952773], [-122.025403, 36.952771], [-122.025403, 36.952771], [-122.025402, 36.952769], [-122.025401, 36.952766], [-122.025401, 36.952765], [-122.025401, 36.952764], [-122.025402, 36.952763], [-122.025402, 36.952761], [-122.025403, 36.95276], [-122.025404, 36.952758], [-122.025406, 36.952756], [-122.025408, 36.952755], [-122.02541, 36.952754], [-122.025412, 36.952753], [-122.025416, 36.952752], [-122.025423, 36.952753], [-122.025425, 36.952753], [-122.025425, 36.952753], [-122.025425, 36.952753], [-122.02543, 36.952753], [-122.025431, 36.952753], [-122.025434, 36.952754], [-122.025439, 36.952754], [-122.025444, 36.952754], [-122.025444, 36.952754], [-122.025457, 36.952753], [-122.025464, 36.952752], [-122.025465, 36.952752], [-122.025469, 36.952751], [-122.025472, 36.95275], [-122.025473, 36.95275], [-122.025476, 36.952749], [-122.025476, 36.952749], [-122.02548, 36.952747], [-122.025481, 36.952747], [-122.025484, 36.952745], [-122.025484, 36.952745], [-122.025486, 36.952743], [-122.025486, 36.952743], [-122.025488, 36.952742], [-122.025488, 36.952741], [-122.02549, 36.95274], [-122.025491, 36.952739], [-122.025491, 36.952739], [-122.025494, 36.952735], [-122.025496, 36.952732], [-122.025496, 36.952732], [-122.025498, 36.952729], [-122.025503, 36.952719], [-122.025504, 36.952715], [-122.025507, 36.952707], [-122.025509, 36.952701], [-122.025511, 36.952694], [-122.025512, 36.952691], [-122.025513, 36.952688], [-122.025513, 36.952684], [-122.025513, 36.952683], [-122.025512, 36.952673], [-122.02551, 36.952659], [-122.02551, 36.952659], [-122.02551, 36.95264], [-122.025509, 36.952623], [-122.025509, 36.95262], [-122.025508, 36.952616], [-122.025508, 36.952615], [-122.025508, 36.952613], [-122.025507, 36.952611], [-122.025507, 36.952611], [-122.025505, 36.952606], [-122.025501, 36.952597], [-122.025501, 36.952595], [-122.025498, 36.952584], [-122.025498, 36.952584], [-122.025497, 36.952575], [-122.025497, 36.952571], [-122.025497, 36.952571], [-122.025497, 36.95257], [-122.025498, 36.952566], [-122.025499, 36.952554], [-122.0255, 36.952553], [-122.025501, 36.952548], [-122.025501, 36.952548], [-122.025501, 36.952546], [-122.025505, 36.95254], [-122.025509, 36.952533], [-122.025511, 36.952532], [-122.025512, 36.952532], [-122.025514, 36.952533], [-122.025517, 36.952535], [-122.02552, 36.952537], [-122.02552, 36.952537], [-122.025521, 36.952538], [-122.025522, 36.952539], [-122.025523, 36.95254], [-122.025525, 36.952543], [-122.02553, 36.952548], [-122.02553, 36.952548], [-122.025536, 36.952553], [-122.025552, 36.952565], [-122.025566, 36.952576], [-122.025587, 36.952591], [-122.025612, 36.952607], [-122.025615, 36.952608], [-122.025619, 36.95261], [-122.025619, 36.95261], [-122.025619, 36.95261], [-122.02562, 36.952611], [-122.025625, 36.952612], [-122.025627, 36.952613], [-122.025629, 36.952614], [-122.02563, 36.952614], [-122.025635, 36.952615], [-122.025635, 36.952615], [-122.02564, 36.952616], [-122.025642, 36.952616], [-122.025643, 36.952616], [-122.025645, 36.952616], [-122.025646, 36.952616], [-122.025648, 36.952616], [-122.025649, 36.952616], [-122.025652, 36.952615], [-122.025654, 36.952615], [-122.025655, 36.952614], [-122.025661, 36.952612], [-122.025661, 36.952612], [-122.025662, 36.952612], [-122.025668, 36.95261], [-122.025668, 36.952609], [-122.025674, 36.952607], [-122.025674, 36.952607], [-122.025682, 36.952602], [-122.025687, 36.952599], [-122.025692, 36.952595], [-122.025703, 36.952587], [-122.025703, 36.952587], [-122.025716, 36.952578], [-122.025722, 36.952574], [-122.025735, 36.952567], [-122.025736, 36.952567], [-122.02575, 36.95256], [-122.02575, 36.95256], [-122.02575, 36.95256], [-122.025756, 36.952557], [-122.025759, 36.952555], [-122.025763, 36.952554], [-122.025763, 36.952554], [-122.025768, 36.95255], [-122.02578, 36.95254], [-122.025802, 36.952522], [-122.025827, 36.952499], [-122.025829, 36.952497], [-122.025831, 36.952494], [-122.025831, 36.952494], [-122.025833, 36.952492], [-122.025842, 36.952479], [-122.02586, 36.952451], [-122.02586, 36.952451], [-122.025862, 36.952449], [-122.025876, 36.952428], [-122.025878, 36.952426], [-122.025887, 36.952413], [-122.025887, 36.952413], [-122.025892, 36.952405], [-122.025894, 36.952402], [-122.025909, 36.952378], [-122.02591, 36.952377], [-122.025916, 36.952365], [-122.025927, 36.952346], [-122.025927, 36.952345], [-122.025933, 36.952336], [-122.025933, 36.952335], [-122.025934, 36.952334], [-122.025934, 36.952334], [-122.025944, 36.952324], [-122.025944, 36.952324], [-122.025945, 36.952324], [-122.025947, 36.952322], [-122.025947, 36.952322], [-122.025949, 36.952321], [-122.025952, 36.952319], [-122.025952, 36.952319], [-122.025954, 36.952318], [-122.025955, 36.952318], [-122.025957, 36.952317], [-122.02596, 36.952316], [-122.025961, 36.952316], [-122.025962, 36.952316], [-122.025963, 36.952316], [-122.025964, 36.952316], [-122.025964, 36.952316], [-122.025965, 36.952316], [-122.025966, 36.952317], [-122.025967, 36.952317], [-122.025968, 36.952317], [-122.025968, 36.952318], [-122.025969, 36.952319], [-122.02597, 36.952319], [-122.02597, 36.95232], [-122.02597, 36.952321], [-122.02597, 36.952322], [-122.02597, 36.952322], [-122.02597, 36.952323], [-122.02597, 36.952324], [-122.02597, 36.952325], [-122.02597, 36.952325], [-122.025969, 36.952326], [-122.025969, 36.952327], [-122.025968, 36.952328], [-122.025968, 36.952328], [-122.025968, 36.952329], [-122.025968, 36.95233], [-122.025968, 36.952331], [-122.025969, 36.952332], [-122.025969, 36.952333], [-122.02597, 36.952334], [-122.025971, 36.952334], [-122.025971, 36.952335], [-122.025972, 36.952335], [-122.025973, 36.952336], [-122.025975, 36.952336], [-122.025976, 36.952336], [-122.025977, 36.952336], [-122.025978, 36.952336], [-122.025981, 36.952336], [-122.025984, 36.952335], [-122.025986, 36.952335], [-122.025988, 36.952334], [-122.025989, 36.952333], [-122.02599, 36.952332], [-122.025991, 36.952332], [-122.025992, 36.952331], [-122.025992, 36.95233], [-122.025992, 36.952329], [-122.025993, 36.952329], [-122.025993, 36.952328], [-122.025994, 36.952326], [-122.025994, 36.952324], [-122.025995, 36.95232], [-122.025994, 36.952319], [-122.025994, 36.952319], [-122.025994, 36.95231], [-122.025994, 36.952309], [-122.025994, 36.952309], [-122.025992, 36.9523], [-122.025991, 36.952296], [-122.025987, 36.952286], [-122.025985, 36.952282], [-122.025984, 36.952279], [-122.025982, 36.952275], [-122.025982, 36.952275], [-122.025976, 36.952265], [-122.025976, 36.952265], [-122.025972, 36.952258], [-122.025972, 36.952257], [-122.025971, 36.952257], [-122.025969, 36.952249], [-122.025968, 36.952248], [-122.025967, 36.952241], [-122.025966, 36.952223], [-122.025964, 36.952205], [-122.025963, 36.952185], [-122.025961, 36.952172], [-122.025961, 36.952171], [-122.025961, 36.952167], [-122.02596, 36.952164], [-122.025959, 36.952164], [-122.025958, 36.952161], [-122.025957, 36.952159], [-122.025953, 36.952152], [-122.025953, 36.952152], [-122.025948, 36.952145], [-122.025948, 36.952144], [-122.025945, 36.952142], [-122.025945, 36.952142], [-122.025943, 36.95214], [-122.025943, 36.952139], [-122.025942, 36.952139], [-122.025939, 36.952137], [-122.025936, 36.952135], [-122.025936, 36.952135], [-122.025925, 36.952128], [-122.025924, 36.952127], [-122.025924, 36.952127], [-122.025913, 36.952118], [-122.025887, 36.952089], [-122.025881, 36.952083], [-122.025871, 36.952067], [-122.025871, 36.952067], [-122.025863, 36.95205], [-122.025863, 36.952049], [-122.025862, 36.952049], [-122.025861, 36.952042], [-122.02586, 36.952042], [-122.025859, 36.952034], [-122.025859, 36.952034], [-122.025859, 36.952034], [-122.02586, 36.952026], [-122.025861, 36.952018], [-122.025861, 36.952018], [-122.025862, 36.952017], [-122.025862, 36.952017], [-122.025863, 36.952012], [-122.025863, 36.952009], [-122.025863, 36.952007], [-122.025863, 36.952003], [-122.025863, 36.952002], [-122.025862, 36.951997], [-122.025862, 36.951997], [-122.025862, 36.951996], [-122.025862, 36.951995], [-122.025862, 36.951994], [-122.025861, 36.951992], [-122.025859, 36.951987], [-122.025859, 36.951987], [-122.025859, 36.951985], [-122.025856, 36.95198], [-122.025856, 36.95198], [-122.025855, 36.951978], [-122.025855, 36.951978], [-122.025854, 36.951977], [-122.025854, 36.951976], [-122.025853, 36.951975], [-122.025853, 36.951975], [-122.025849, 36.95197], [-122.025848, 36.951969], [-122.025846, 36.951967], [-122.025846, 36.951967], [-122.025846, 36.951966], [-122.025845, 36.951964], [-122.025845, 36.951963], [-122.025845, 36.951963], [-122.025844, 36.951962], [-122.025844, 36.95196], [-122.025843, 36.951948], [-122.025843, 36.95191], [-122.025843, 36.95191], [-122.025843, 36.95191], [-122.025844, 36.951879], [-122.025846, 36.951866], [-122.025848, 36.951852], [-122.025848, 36.951852], [-122.025849, 36.951849], [-122.025849, 36.951849], [-122.025851, 36.951846], [-122.025852, 36.951844], [-122.025854, 36.951842], [-122.025884, 36.95181], [-122.025894, 36.951801], [-122.025905, 36.951792], [-122.025909, 36.951789], [-122.025932, 36.951774], [-122.025941, 36.951769], [-122.025953, 36.951764], [-122.025965, 36.95176], [-122.025966, 36.951759], [-122.025979, 36.951757], [-122.02598, 36.951757], [-122.025982, 36.951756], [-122.025985, 36.951756], [-122.025986, 36.951756], [-122.025987, 36.951756], [-122.025988, 36.951756], [-122.025991, 36.951757], [-122.025993, 36.951757], [-122.025994, 36.951757], [-122.025996, 36.951758], [-122.025997, 36.951758], [-122.025999, 36.951759], [-122.026002, 36.95176], [-122.026002, 36.95176], [-122.026004, 36.951761], [-122.026004, 36.951761], [-122.026007, 36.951762], [-122.02601, 36.951765], [-122.026021, 36.951773], [-122.026024, 36.951776], [-122.026033, 36.951784], [-122.026035, 36.951787], [-122.026041, 36.951795], [-122.026042, 36.951796], [-122.026044, 36.951798], [-122.026044, 36.951798], [-122.026046, 36.9518], [-122.026046, 36.9518], [-122.026046, 36.9518], [-122.026047, 36.9518], [-122.026047, 36.951801], [-122.026048, 36.951801], [-122.026048, 36.951801], [-122.026049, 36.951801], [-122.026049, 36.951801], [-122.02605, 36.951801], [-122.02605, 36.9518], [-122.02605, 36.9518], [-122.026051, 36.9518], [-122.026051, 36.9518], [-122.026051, 36.951799], [-122.026051, 36.951799], [-122.026052, 36.951799], [-122.026052, 36.951798], [-122.026052, 36.951798], [-122.026048, 36.951777], [-122.026046, 36.951772], [-122.026043, 36.951759], [-122.026043, 36.951758], [-122.026036, 36.951737], [-122.026033, 36.951729], [-122.026032, 36.951726], [-122.026027, 36.951716], [-122.026027, 36.951716], [-122.026027, 36.951715], [-122.026025, 36.951712], [-122.026025, 36.951712], [-122.026024, 36.951708], [-122.026024, 36.951708], [-122.026023, 36.951705], [-122.026023, 36.951704], [-122.026022, 36.951703], [-122.026021, 36.951689], [-122.02602, 36.951657], [-122.02602, 36.951639], [-122.026021, 36.951617], [-122.026022, 36.95161], [-122.026022, 36.951609], [-122.026022, 36.951609], [-122.026024, 36.951602], [-122.026024, 36.951602], [-122.026028, 36.951595], [-122.026029, 36.951593], [-122.026031, 36.951588], [-122.026031, 36.951588], [-122.026031, 36.951588], [-122.026032, 36.951587], [-122.026033, 36.951583], [-122.026033, 36.951583], [-122.026034, 36.95158], [-122.026034, 36.95158], [-122.026034, 36.951578], [-122.026034, 36.951578], [-122.026035, 36.951573], [-122.026035, 36.951572], [-122.026035, 36.951569], [-122.026035, 36.951565], [-122.026035, 36.951564], [-122.026035, 36.951564], [-122.026035, 36.951564], [-122.026034, 36.95156], [-122.026033, 36.951556], [-122.026033, 36.951555], [-122.026032, 36.951553], [-122.026031, 36.951551], [-122.026031, 36.951551], [-122.026028, 36.951548], [-122.026028, 36.951547], [-122.026028, 36.951547], [-122.026026, 36.951545], [-122.026026, 36.951545], [-122.026019, 36.95154], [-122.026019, 36.95154], [-122.026012, 36.951535], [-122.026012, 36.951534], [-122.02601, 36.951533], [-122.025985, 36.951518], [-122.025984, 36.951518], [-122.025954, 36.951504], [-122.025952, 36.951503], [-122.025947, 36.9515], [-122.025942, 36.951497], [-122.025932, 36.951489], [-122.025912, 36.951475], [-122.025911, 36.951475], [-122.025895, 36.951464], [-122.025879, 36.951453], [-122.025875, 36.95145], [-122.025875, 36.951449], [-122.025874, 36.951449], [-122.025873, 36.951448], [-122.025873, 36.951447], [-122.025871, 36.951446], [-122.025871, 36.951445], [-122.02587, 36.951443], [-122.025869, 36.951441], [-122.025867, 36.951438], [-122.025864, 36.951421], [-122.025863, 36.951403], [-122.025868, 36.951368], [-122.025872, 36.951356], [-122.025873, 36.951355], [-122.025873, 36.951354], [-122.025879, 36.951342], [-122.02589, 36.951324], [-122.025892, 36.951322], [-122.025895, 36.951317], [-122.025897, 36.951312], [-122.025897, 36.951312], [-122.0259, 36.951305], [-122.025902, 36.951298], [-122.025904, 36.95129], [-122.025907, 36.95128], [-122.025911, 36.951271], [-122.025912, 36.95127], [-122.025918, 36.951261], [-122.02592, 36.951258], [-122.025925, 36.95125], [-122.025925, 36.951249], [-122.025926, 36.951249], [-122.02593, 36.95124], [-122.025931, 36.951238], [-122.025932, 36.951234], [-122.025932, 36.951233], [-122.025933, 36.951232], [-122.025933, 36.95123], [-122.025933, 36.951229], [-122.025933, 36.951226], [-122.025933, 36.951225], [-122.025933, 36.951225], [-122.025933, 36.951225], [-122.025933, 36.951221], [-122.025933, 36.951221], [-122.025933, 36.951218], [-122.025933, 36.951217], [-122.025932, 36.951211], [-122.025932, 36.95121], [-122.025932, 36.95121], [-122.025933, 36.951203], [-122.025933, 36.951203], [-122.025933, 36.951202], [-122.025935, 36.951195], [-122.025941, 36.951186], [-122.025941, 36.951184], [-122.025947, 36.951177], [-122.025954, 36.951169], [-122.025955, 36.951167], [-122.025963, 36.951161], [-122.025963, 36.95116], [-122.025982, 36.951146], [-122.026, 36.951135], [-122.026002, 36.951134], [-122.026009, 36.95113], [-122.02601, 36.95113], [-122.026018, 36.951127], [-122.026019, 36.951127], [-122.02602, 36.951127], [-122.026021, 36.951126], [-122.026023, 36.951125], [-122.026025, 36.951124], [-122.026026, 36.951123], [-122.026028, 36.951122], [-122.026029, 36.951121], [-122.026031, 36.951119], [-122.026031, 36.951119], [-122.026033, 36.951115], [-122.026036, 36.951112], [-122.026043, 36.951105], [-122.026043, 36.951105], [-122.026051, 36.951098], [-122.026058, 36.951093], [-122.026059, 36.951093], [-122.02606, 36.951092], [-122.02607, 36.951086], [-122.026072, 36.951085], [-122.026075, 36.951083], [-122.026078, 36.951082], [-122.026079, 36.951082], [-122.026082, 36.951081], [-122.026082, 36.951081], [-122.026085, 36.95108], [-122.026087, 36.95108], [-122.026091, 36.95108], [-122.026091, 36.95108], [-122.026093, 36.951081], [-122.026095, 36.951081], [-122.026097, 36.951082], [-122.026097, 36.951082], [-122.026099, 36.951083], [-122.0261, 36.951083], [-122.026102, 36.951085], [-122.026102, 36.951085], [-122.026104, 36.951087], [-122.026105, 36.951089], [-122.026105, 36.951089], [-122.026105, 36.95109], [-122.026106, 36.951092], [-122.026106, 36.951092], [-122.026107, 36.951096], [-122.026107, 36.951096], [-122.026108, 36.951099], [-122.026108, 36.951099], [-122.026109, 36.951101], [-122.026111, 36.951105], [-122.026111, 36.951105], [-122.026112, 36.951106], [-122.026112, 36.951106], [-122.026112, 36.951107], [-122.026114, 36.951109], [-122.026117, 36.951112], [-122.026117, 36.951113], [-122.02612, 36.951116], [-122.026124, 36.951119], [-122.026126, 36.951121], [-122.02613, 36.951123], [-122.02613, 36.951124], [-122.026131, 36.951124], [-122.026135, 36.951126], [-122.026137, 36.951127], [-122.02614, 36.951128], [-122.026144, 36.95113], [-122.026145, 36.95113], [-122.026146, 36.951131], [-122.026147, 36.951131], [-122.026147, 36.951131], [-122.026147, 36.951132], [-122.026148, 36.951132], [-122.026149, 36.951133], [-122.026149, 36.951133], [-122.026149, 36.951134], [-122.02615, 36.951135], [-122.02615, 36.951135], [-122.02615, 36.951136], [-122.02615, 36.951141], [-122.02615, 36.951144], [-122.026149, 36.951161], [-122.026148, 36.951163], [-122.026148, 36.951164], [-122.026146, 36.951186], [-122.026146, 36.951187], [-122.026145, 36.951199], [-122.026145, 36.9512], [-122.026145, 36.951202], [-122.026145, 36.951203], [-122.026145, 36.951205], [-122.026146, 36.951206], [-122.026146, 36.951206], [-122.026147, 36.951209], [-122.026148, 36.951209], [-122.026148, 36.95121], [-122.026152, 36.951215], [-122.026154, 36.951217], [-122.026154, 36.951217], [-122.026155, 36.951218], [-122.026157, 36.95122], [-122.026162, 36.951225], [-122.026162, 36.951225], [-122.026165, 36.951227], [-122.026173, 36.951232], [-122.026175, 36.951233], [-122.026175, 36.951234], [-122.026181, 36.951237], [-122.026189, 36.951241], [-122.026204, 36.951249], [-122.026205, 36.951249], [-122.026205, 36.951249], [-122.026219, 36.951258], [-122.026219, 36.951259], [-122.026237, 36.951274], [-122.026251, 36.951285], [-122.026266, 36.951295], [-122.026288, 36.951309], [-122.026292, 36.951311], [-122.026297, 36.951313], [-122.026299, 36.951314], [-122.026299, 36.951315], [-122.026308, 36.951318], [-122.026319, 36.951321], [-122.02632, 36.951322], [-122.026324, 36.951323], [-122.026327, 36.951324], [-122.026342, 36.951327], [-122.026343, 36.951327], [-122.026351, 36.951329], [-122.026355, 36.951329], [-122.026355, 36.951329], [-122.026356, 36.951329], [-122.02636, 36.951329], [-122.026368, 36.95133], [-122.026374, 36.951329], [-122.026384, 36.951329], [-122.026386, 36.951329], [-122.026386, 36.951329], [-122.026389, 36.951328], [-122.026404, 36.951326], [-122.02641, 36.951325], [-122.02641, 36.951325], [-122.026419, 36.951322], [-122.026419, 36.951322], [-122.02642, 36.951322], [-122.02642, 36.951322], [-122.026427, 36.951319], [-122.026428, 36.951319], [-122.026435, 36.951316], [-122.026441, 36.951313], [-122.026442, 36.951312], [-122.026448, 36.951308], [-122.026449, 36.951308], [-122.026449, 36.951308], [-122.026449, 36.951308], [-122.026455, 36.951303], [-122.026455, 36.951303], [-122.02646, 36.951298], [-122.026461, 36.951298], [-122.026462, 36.951297], [-122.026468, 36.95129], [-122.026471, 36.951286], [-122.026471, 36.951286], [-122.026474, 36.951282], [-122.026474, 36.951282], [-122.026479, 36.951274], [-122.026479, 36.951274], [-122.026479, 36.951274], [-122.026479, 36.951273], [-122.02648, 36.951271], [-122.026481, 36.951269], [-122.026481, 36.951269], [-122.026481, 36.951267], [-122.026481, 36.951265], [-122.026481, 36.95126], [-122.026478, 36.951247], [-122.026475, 36.95123], [-122.026468, 36.95119], [-122.026468, 36.95119], [-122.026468, 36.951184], [-122.026468, 36.951184], [-122.026468, 36.951182], [-122.026468, 36.95118], [-122.026469, 36.951178], [-122.026469, 36.951177], [-122.026469, 36.951176], [-122.026484, 36.951151], [-122.026501, 36.951127], [-122.026503, 36.951124], [-122.026507, 36.951119], [-122.026513, 36.95111], [-122.026513, 36.951109], [-122.026521, 36.951096], [-122.026521, 36.951095], [-122.026531, 36.951073], [-122.026534, 36.951067], [-122.026536, 36.951062], [-122.02654, 36.95105], [-122.02654, 36.95105], [-122.026541, 36.951048], [-122.026547, 36.951018], [-122.026549, 36.951005], [-122.026549, 36.951003], [-122.02655, 36.950988], [-122.02655, 36.950985], [-122.026549, 36.950981], [-122.026549, 36.950981], [-122.026549, 36.950979], [-122.026548, 36.950977], [-122.026546, 36.950972], [-122.026537, 36.950952], [-122.026526, 36.950928], [-122.026519, 36.95091], [-122.026513, 36.950896], [-122.026512, 36.950893], [-122.026504, 36.950878], [-122.026495, 36.95086], [-122.026494, 36.950858], [-122.026492, 36.95085], [-122.026491, 36.950849], [-122.026491, 36.950849], [-122.026489, 36.95084], [-122.026489, 36.950839], [-122.026485, 36.950807], [-122.026485, 36.950807], [-122.026486, 36.950784], [-122.026487, 36.950777], [-122.026487, 36.950775], [-122.026487, 36.950766], [-122.026487, 36.950766], [-122.026485, 36.950748], [-122.026485, 36.950747], [-122.026479, 36.950716], [-122.026476, 36.950699], [-122.026475, 36.950696], [-122.02647, 36.950682], [-122.026465, 36.950658], [-122.026465, 36.95065], [-122.026464, 36.950604], [-122.026465, 36.950566], [-122.026467, 36.95055], [-122.026468, 36.950549], [-122.026469, 36.950546], [-122.026469, 36.950546], [-122.026471, 36.950543], [-122.026472, 36.950542], [-122.026474, 36.95054], [-122.026474, 36.95054], [-122.026477, 36.950538], [-122.026477, 36.950538], [-122.02648, 36.950537], [-122.026482, 36.950536], [-122.026485, 36.950535], [-122.026485, 36.950534], [-122.026487, 36.950533], [-122.026488, 36.950533], [-122.02649, 36.950532], [-122.02649, 36.950531], [-122.026492, 36.95053], [-122.026494, 36.950528], [-122.026494, 36.950527], [-122.026496, 36.950526], [-122.026496, 36.950525], [-122.026496, 36.950525], [-122.026497, 36.950525], [-122.026498, 36.950523], [-122.026498, 36.950523], [-122.026499, 36.950521], [-122.026507, 36.950503], [-122.026507, 36.950503], [-122.026511, 36.950492], [-122.026511, 36.950491], [-122.026516, 36.950473], [-122.026523, 36.950442], [-122.026523, 36.950438], [-122.026524, 36.950431], [-122.026524, 36.95043], [-122.026525, 36.950429], [-122.026525, 36.95042], [-122.026525, 36.950419], [-122.026525, 36.950408], [-122.026525, 36.950407], [-122.026525, 36.950406], [-122.026526, 36.950397], [-122.026526, 36.950397], [-122.026526, 36.950396], [-122.026527, 36.950394], [-122.026527, 36.950394], [-122.026528, 36.950392], [-122.026528, 36.950391], [-122.026529, 36.95039], [-122.02653, 36.950389], [-122.026531, 36.950387], [-122.026531, 36.950387], [-122.026533, 36.950385], [-122.026533, 36.950385], [-122.026535, 36.950383], [-122.026535, 36.950383], [-122.026537, 36.950381], [-122.026537, 36.950381], [-122.026539, 36.95038], [-122.02654, 36.950379], [-122.026542, 36.950378], [-122.026542, 36.950378], [-122.026544, 36.950377], [-122.026545, 36.950376], [-122.026546, 36.950376], [-122.026546, 36.950376], [-122.026549, 36.950375], [-122.02655, 36.950375], [-122.026553, 36.950375], [-122.026553, 36.950375], [-122.026556, 36.950374], [-122.026557, 36.950375], [-122.02656, 36.950375], [-122.026562, 36.950375], [-122.026564, 36.950376], [-122.026565, 36.950376], [-122.026567, 36.950377], [-122.026567, 36.950377], [-122.02657, 36.950378], [-122.02657, 36.950378], [-122.026572, 36.950379], [-122.026573, 36.95038], [-122.026575, 36.950381], [-122.026575, 36.950381], [-122.026577, 36.950383], [-122.026578, 36.950383], [-122.02658, 36.950385], [-122.02658, 36.950386], [-122.026582, 36.950388], [-122.026582, 36.950388], [-122.026584, 36.95039], [-122.026584, 36.950391], [-122.026586, 36.950393], [-122.026586, 36.950394], [-122.026587, 36.950396], [-122.026587, 36.950396], [-122.026588, 36.950399], [-122.026589, 36.950402], [-122.026589, 36.950402], [-122.026589, 36.950405], [-122.026589, 36.950406], [-122.02659, 36.950409], [-122.02659, 36.950411], [-122.026591, 36.950413], [-122.026591, 36.950413], [-122.026592, 36.950417], [-122.026593, 36.950418], [-122.026594, 36.95042], [-122.026594, 36.950421], [-122.026596, 36.950424], [-122.026596, 36.950424], [-122.026597, 36.950426], [-122.026599, 36.950427], [-122.026602, 36.95043], [-122.026611, 36.950439], [-122.026611, 36.95044], [-122.026619, 36.950446], [-122.02663, 36.950455], [-122.026639, 36.950462], [-122.02664, 36.950464], [-122.026641, 36.950464], [-122.026647, 36.950471], [-122.026664, 36.950492], [-122.026665, 36.950492], [-122.026676, 36.950505], [-122.026683, 36.950513], [-122.026687, 36.950517], [-122.026689, 36.95052], [-122.026715, 36.950557], [-122.02673, 36.95058], [-122.026735, 36.950588], [-122.026736, 36.95059], [-122.026736, 36.950591], [-122.026737, 36.950593], [-122.026737, 36.950595], [-122.026737, 36.950595], [-122.026737, 36.950597], [-122.026737, 36.950598], [-122.026732, 36.950627], [-122.026724, 36.950651], [-122.026723, 36.950654], [-122.02672, 36.950665], [-122.026715, 36.950687], [-122.026712, 36.950705], [-122.026709, 36.950716], [-122.026706, 36.950727], [-122.026706, 36.950728], [-122.026703, 36.95074], [-122.0267, 36.950773], [-122.0267, 36.950773], [-122.0267, 36.95079], [-122.026701, 36.950818], [-122.026701, 36.95082], [-122.026703, 36.950833], [-122.026703, 36.950833], [-122.026704, 36.950834], [-122.026706, 36.950846], [-122.026707, 36.950847], [-122.026707, 36.950848], [-122.026709, 36.950855], [-122.026711, 36.950858], [-122.026711, 36.950859], [-122.026713, 36.950862], [-122.026713, 36.950862], [-122.026717, 36.950869], [-122.02672, 36.950872], [-122.026723, 36.950876], [-122.026723, 36.950876], [-122.026727, 36.950879], [-122.02673, 36.950883], [-122.026731, 36.950883], [-122.026739, 36.95089], [-122.026739, 36.95089], [-122.026745, 36.950897], [-122.026746, 36.950898], [-122.026751, 36.950906], [-122.026752, 36.950907], [-122.026768, 36.950935], [-122.026768, 36.950935], [-122.026768, 36.950936], [-122.026772, 36.950946], [-122.026772, 36.950946], [-122.026773, 36.950947], [-122.026773, 36.950947], [-122.026773, 36.950948], [-122.026775, 36.950957], [-122.026775, 36.950957], [-122.026775, 36.950968], [-122.026775, 36.950969], [-122.026773, 36.950979], [-122.026773, 36.950981], [-122.026773, 36.950982], [-122.026773, 36.950982], [-122.026773, 36.950984], [-122.026773, 36.950985], [-122.026774, 36.950986], [-122.026774, 36.950988], [-122.026775, 36.950989], [-122.026776, 36.95099], [-122.026776, 36.95099], [-122.026778, 36.950992], [-122.026779, 36.950993], [-122.02678, 36.950994], [-122.026782, 36.950995], [-122.026783, 36.950995], [-122.026784, 36.950996], [-122.026786, 36.950996], [-122.026788, 36.950997], [-122.026789, 36.950997], [-122.02679, 36.950997], [-122.026791, 36.950997], [-122.026795, 36.950996], [-122.026797, 36.950995], [-122.026799, 36.950995], [-122.0268, 36.950994], [-122.026802, 36.950993], [-122.026803, 36.950992], [-122.026806, 36.950991], [-122.026808, 36.950989], [-122.026809, 36.950988], [-122.026811, 36.950987], [-122.026811, 36.950986], [-122.026813, 36.950984], [-122.026814, 36.950982], [-122.026819, 36.950976], [-122.026819, 36.950976], [-122.02682, 36.950973], [-122.026821, 36.950972], [-122.026823, 36.950969], [-122.026826, 36.950962], [-122.026826, 36.950962], [-122.02683, 36.95095], [-122.026835, 36.950932], [-122.026836, 36.950932], [-122.026837, 36.950927], [-122.026837, 36.950925], [-122.026838, 36.950917], [-122.026838, 36.950917], [-122.026839, 36.950888], [-122.026839, 36.950871], [-122.026839, 36.950859], [-122.026838, 36.950837], [-122.026838, 36.950832], [-122.026837, 36.950823], [-122.026836, 36.950815], [-122.026836, 36.950815], [-122.026836, 36.950815], [-122.026834, 36.950795], [-122.026833, 36.950787], [-122.026833, 36.950785], [-122.026833, 36.950779], [-122.026833, 36.950779], [-122.026833, 36.950778], [-122.026833, 36.950778], [-122.026835, 36.95077], [-122.026835, 36.95077], [-122.026837, 36.950762], [-122.026846, 36.950745], [-122.026846, 36.950744], [-122.026857, 36.950728], [-122.026866, 36.95072], [-122.026867, 36.950719], [-122.026877, 36.950712], [-122.026877, 36.950711], [-122.026879, 36.95071], [-122.026884, 36.950708], [-122.026884, 36.950708], [-122.026884, 36.950708], [-122.026884, 36.950707], [-122.026891, 36.950705], [-122.026892, 36.950704], [-122.0269, 36.950702], [-122.026909, 36.950701], [-122.026909, 36.950701], [-122.02691, 36.950701], [-122.026919, 36.9507], [-122.026921, 36.9507], [-122.026929, 36.950701], [-122.026929, 36.950701], [-122.026937, 36.950702], [-122.026937, 36.950702], [-122.026944, 36.950705], [-122.026951, 36.950708], [-122.026975, 36.950727], [-122.026994, 36.950747], [-122.027011, 36.950769], [-122.027025, 36.950788], [-122.027025, 36.950788], [-122.027027, 36.95079], [-122.027043, 36.950808], [-122.027046, 36.950811], [-122.027048, 36.950813], [-122.027058, 36.950825], [-122.027063, 36.950833], [-122.027064, 36.950834], [-122.027064, 36.950835], [-122.027068, 36.950844], [-122.027068, 36.950845], [-122.027081, 36.950904], [-122.027083, 36.950933], [-122.027083, 36.950934], [-122.027083, 36.950941], [-122.027083, 36.950941], [-122.027082, 36.950947], [-122.027082, 36.950948], [-122.027082, 36.950949], [-122.02708, 36.950953], [-122.02708, 36.950953], [-122.027079, 36.950956], [-122.027079, 36.950957], [-122.027079, 36.950957], [-122.027077, 36.95096], [-122.027076, 36.950961], [-122.027072, 36.950967], [-122.02707, 36.950969], [-122.027066, 36.950973], [-122.027062, 36.950976], [-122.02706, 36.950977], [-122.027057, 36.95098], [-122.027048, 36.950985], [-122.027033, 36.950991], [-122.027032, 36.950991], [-122.027029, 36.950992], [-122.027026, 36.950993], [-122.027026, 36.950993], [-122.027016, 36.950996], [-122.027016, 36.950996], [-122.027015, 36.950996], [-122.027012, 36.950997], [-122.027002, 36.951], [-122.027002, 36.951], [-122.026999, 36.951001], [-122.026998, 36.951001], [-122.026995, 36.951002], [-122.026992, 36.951003], [-122.026983, 36.951008], [-122.026958, 36.951021], [-122.026958, 36.951021], [-122.026945, 36.951029], [-122.026937, 36.951034], [-122.026934, 36.951036], [-122.026934, 36.951036], [-122.026923, 36.951046], [-122.026916, 36.951053], [-122.026914, 36.951054], [-122.026914, 36.951054], [-122.026905, 36.951065], [-122.026903, 36.951068], [-122.026898, 36.951075], [-122.026884, 36.951101], [-122.026884, 36.951102], [-122.026881, 36.951109], [-122.026881, 36.951109], [-122.026879, 36.951115], [-122.026879, 36.951116], [-122.026879, 36.951116], [-122.026878, 36.951122], [-122.026877, 36.951128], [-122.026876, 36.951128], [-122.026875, 36.95114], [-122.026877, 36.951138], [-122.026881, 36.951134], [-122.026885, 36.951132], [-122.026885, 36.951132], [-122.026887, 36.951131], [-122.026888, 36.95113], [-122.026889, 36.95113], [-122.02689, 36.95113], [-122.026892, 36.95113], [-122.026901, 36.951128], [-122.026915, 36.951127], [-122.026946, 36.951123], [-122.026948, 36.951123], [-122.026963, 36.951121], [-122.026964, 36.951121], [-122.026967, 36.95112], [-122.026967, 36.95112], [-122.026968, 36.95112], [-122.02697, 36.951119], [-122.026971, 36.951118], [-122.026972, 36.951117], [-122.02698, 36.951111], [-122.026981, 36.951111], [-122.026989, 36.951107], [-122.02699, 36.951107], [-122.027003, 36.951102], [-122.027009, 36.951099], [-122.027013, 36.951098], [-122.027018, 36.951097], [-122.027019, 36.951097], [-122.027024, 36.951096], [-122.027025, 36.951096], [-122.027028, 36.951096], [-122.027029, 36.951096], [-122.027029, 36.951096], [-122.027031, 36.951097], [-122.027035, 36.951097], [-122.027035, 36.951098], [-122.027037, 36.951098], [-122.027039, 36.951099], [-122.02704, 36.9511], [-122.027041, 36.9511], [-122.027043, 36.951101], [-122.027044, 36.951102], [-122.027044, 36.951103], [-122.027046, 36.951105], [-122.027047, 36.951106], [-122.027048, 36.951107], [-122.027049, 36.951108], [-122.027049, 36.951109], [-122.02705, 36.951111], [-122.02705, 36.951113], [-122.027051, 36.951114], [-122.027051, 36.951117], [-122.027052, 36.95112], [-122.027052, 36.95112], [-122.027052, 36.951124], [-122.027051, 36.951127], [-122.027051, 36.951127], [-122.027051, 36.951127], [-122.027051, 36.951128], [-122.027048, 36.951142], [-122.027048, 36.951143], [-122.027046, 36.951151], [-122.027042, 36.951163], [-122.027039, 36.951172], [-122.027039, 36.951172], [-122.027036, 36.951182], [-122.027036, 36.951182], [-122.027033, 36.951202], [-122.027032, 36.951208], [-122.027031, 36.951219], [-122.027032, 36.951225], [-122.027032, 36.951229], [-122.027032, 36.95123], [-122.027033, 36.951234], [-122.027034, 36.951237], [-122.027035, 36.951242], [-122.027036, 36.951244], [-122.027037, 36.951246], [-122.027041, 36.951253], [-122.027041, 36.951253], [-122.027046, 36.95126], [-122.027046, 36.95126], [-122.027048, 36.951262], [-122.02705, 36.951265], [-122.027052, 36.951266], [-122.027054, 36.951267], [-122.027055, 36.951268], [-122.027056, 36.951268], [-122.027056, 36.951269], [-122.027057, 36.951269], [-122.027058, 36.95127], [-122.027058, 36.951271], [-122.027058, 36.951272], [-122.027059, 36.951272], [-122.027062, 36.951287], [-122.027062, 36.951288], [-122.02707, 36.95132], [-122.027075, 36.951342], [-122.02708, 36.95136], [-122.027084, 36.951391], [-122.027084, 36.951392], [-122.027084, 36.951394], [-122.027084, 36.951394], [-122.027084, 36.951394], [-122.027084, 36.951395], [-122.027085, 36.951398], [-122.027086, 36.951398], [-122.027086, 36.951399], [-122.027087, 36.951401], [-122.027087, 36.951401], [-122.027088, 36.951403], [-122.027092, 36.951407], [-122.027108, 36.951425], [-122.027127, 36.951448], [-122.027131, 36.951452], [-122.027131, 36.951453], [-122.027134, 36.951457], [-122.027134, 36.951457], [-122.027137, 36.951462], [-122.027137, 36.951462], [-122.027139, 36.951466], [-122.027139, 36.951467], [-122.027144, 36.951474], [-122.027153, 36.951485], [-122.027164, 36.951499], [-122.02717, 36.951507], [-122.027177, 36.951519], [-122.027178, 36.95152], [-122.027178, 36.95152], [-122.027179, 36.951522], [-122.02718, 36.951524], [-122.02718, 36.951524], [-122.02718, 36.951525], [-122.027181, 36.951527], [-122.027181, 36.951528], [-122.027181, 36.951532], [-122.027182, 36.951535], [-122.027182, 36.951537], [-122.027182, 36.951537], [-122.027183, 36.951539], [-122.027183, 36.95154], [-122.027184, 36.951542], [-122.027184, 36.951542], [-122.027185, 36.951545], [-122.027185, 36.951545], [-122.027186, 36.951546], [-122.027188, 36.951548], [-122.02719, 36.951551], [-122.027192, 36.951553], [-122.027192, 36.951553], [-122.027197, 36.951556], [-122.027199, 36.951558], [-122.0272, 36.951558], [-122.027203, 36.95156], [-122.027203, 36.951561], [-122.027206, 36.951563], [-122.027206, 36.951564], [-122.027207, 36.951564], [-122.027208, 36.951565], [-122.027212, 36.95157], [-122.027213, 36.951571], [-122.027215, 36.951574], [-122.027216, 36.951576], [-122.027216, 36.951577], [-122.027217, 36.951579], [-122.027219, 36.951581], [-122.027219, 36.951582], [-122.027221, 36.951583], [-122.027222, 36.951584], [-122.027223, 36.951585], [-122.027226, 36.951586], [-122.027228, 36.951586], [-122.027229, 36.951586], [-122.027231, 36.951586], [-122.027233, 36.951587], [-122.027234, 36.951587], [-122.027237, 36.951587], [-122.027238, 36.951588], [-122.02724, 36.951588], [-122.027242, 36.95159], [-122.027242, 36.95159], [-122.027245, 36.951592], [-122.027256, 36.951603], [-122.027267, 36.951614], [-122.027277, 36.951623], [-122.027291, 36.951636], [-122.027293, 36.951637], [-122.027299, 36.951644], [-122.027299, 36.951644], [-122.0273, 36.951645], [-122.0273, 36.951645], [-122.027307, 36.951653], [-122.027307, 36.951653], [-122.02731, 36.951657], [-122.02731, 36.951658], [-122.027312, 36.95166], [-122.027312, 36.95166], [-122.027314, 36.951662], [-122.027314, 36.951662], [-122.027319, 36.951666], [-122.02732, 36.951667], [-122.027322, 36.951668], [-122.027324, 36.951669], [-122.027326, 36.951669], [-122.027328, 36.951669], [-122.027329, 36.951669], [-122.027333, 36.951669], [-122.027333, 36.951669], [-122.027337, 36.951669], [-122.027341, 36.951668], [-122.027341, 36.951668], [-122.027345, 36.951668], [-122.027345, 36.951667], [-122.027349, 36.951666], [-122.027352, 36.951665], [-122.027356, 36.951663], [-122.02736, 36.951661], [-122.02736, 36.951661], [-122.027362, 36.95166], [-122.027363, 36.951659], [-122.027364, 36.951658], [-122.027364, 36.951657], [-122.027365, 36.951656], [-122.027366, 36.951654], [-122.027366, 36.951654], [-122.027366, 36.951652], [-122.027366, 36.951651], [-122.027366, 36.951649], [-122.027366, 36.951649], [-122.027367, 36.951646], [-122.027367, 36.951643], [-122.027367, 36.951643], [-122.027373, 36.951631], [-122.027373, 36.95163], [-122.02738, 36.95162], [-122.02738, 36.95162], [-122.027381, 36.951619], [-122.027381, 36.951618], [-122.027382, 36.951617], [-122.027383, 36.951617], [-122.027384, 36.951616], [-122.027385, 36.951616], [-122.027386, 36.951616], [-122.027387, 36.951616], [-122.027388, 36.951616], [-122.027392, 36.951616], [-122.027394, 36.951616], [-122.027396, 36.951617], [-122.027398, 36.951617], [-122.0274, 36.951618], [-122.027401, 36.951618], [-122.027404, 36.951619], [-122.027408, 36.95162], [-122.027408, 36.95162], [-122.027412, 36.951621], [-122.027416, 36.951622], [-122.027429, 36.951622], [-122.027438, 36.951623], [-122.027459, 36.951626], [-122.027459, 36.951626], [-122.027461, 36.951627], [-122.027462, 36.951628], [-122.027463, 36.951628], [-122.027464, 36.951629], [-122.02747, 36.951634], [-122.027496, 36.951657], [-122.027531, 36.951689], [-122.027539, 36.951697], [-122.027546, 36.951704], [-122.02756, 36.951717], [-122.027569, 36.951726], [-122.02757, 36.951726], [-122.02758, 36.951734], [-122.027591, 36.951741], [-122.027591, 36.951741], [-122.027604, 36.951748], [-122.027607, 36.951749], [-122.027611, 36.951751], [-122.027611, 36.951751], [-122.027614, 36.951752], [-122.027615, 36.951752], [-122.027618, 36.951753], [-122.027619, 36.951753], [-122.027625, 36.951754], [-122.027625, 36.951754], [-122.027628, 36.951754], [-122.027631, 36.951754], [-122.027631, 36.951754], [-122.027637, 36.951754], [-122.027638, 36.951754], [-122.027638, 36.951754], [-122.027642, 36.951754], [-122.027643, 36.951754], [-122.027646, 36.951753], [-122.027649, 36.951752], [-122.02765, 36.951752], [-122.027654, 36.951751], [-122.027655, 36.95175], [-122.027656, 36.95175], [-122.027656, 36.951749], [-122.027657, 36.951749], [-122.027658, 36.951748], [-122.027658, 36.951748], [-122.027658, 36.951747], [-122.027659, 36.951747], [-122.027659, 36.951746], [-122.027659, 36.951745], [-122.027659, 36.951745], [-122.027659, 36.951744], [-122.027659, 36.951743], [-122.027658, 36.951743], [-122.027658, 36.951742], [-122.027658, 36.951742], [-122.027657, 36.951741], [-122.027657, 36.951741], [-122.027657, 36.95174], [-122.027657, 36.95174], [-122.027658, 36.951738], [-122.027659, 36.951737], [-122.02766, 36.951736], [-122.027661, 36.951735], [-122.027662, 36.951734], [-122.027663, 36.951734], [-122.027664, 36.951733], [-122.027665, 36.951733], [-122.027667, 36.951732], [-122.027669, 36.951732], [-122.027671, 36.951732], [-122.027674, 36.951732], [-122.027677, 36.951732], [-122.027677, 36.951733], [-122.02768, 36.951733], [-122.027702, 36.951739], [-122.027703, 36.951739], [-122.027707, 36.951741], [-122.027709, 36.951742], [-122.027711, 36.951742], [-122.027712, 36.951743], [-122.027715, 36.951745], [-122.027717, 36.951746], [-122.027719, 36.951746], [-122.027721, 36.951747], [-122.027724, 36.951747], [-122.027725, 36.951748], [-122.027726, 36.951748], [-122.027727, 36.951747], [-122.027728, 36.951747], [-122.027729, 36.951747], [-122.02773, 36.951746], [-122.027731, 36.951746], [-122.027732, 36.951745], [-122.027733, 36.951744], [-122.027733, 36.951744], [-122.027734, 36.951742], [-122.027735, 36.95174], [-122.027736, 36.951738], [-122.027736, 36.951738], [-122.027736, 36.951736], [-122.027737, 36.951734], [-122.027737, 36.951734], [-122.027737, 36.95173], [-122.027736, 36.951722], [-122.027734, 36.951708], [-122.027729, 36.951663], [-122.027729, 36.951662], [-122.027728, 36.951651], [-122.027728, 36.951651], [-122.027728, 36.95165], [-122.027729, 36.951649], [-122.027729, 36.951648], [-122.027729, 36.951647], [-122.02773, 36.951646], [-122.027731, 36.951644], [-122.027732, 36.951644], [-122.027733, 36.951643], [-122.027734, 36.951643], [-122.027743, 36.95164], [-122.027743, 36.95164], [-122.027751, 36.951638], [-122.027752, 36.951638], [-122.027762, 36.951638], [-122.027771, 36.951638], [-122.027779, 36.951639], [-122.027779, 36.951639], [-122.02778, 36.951639], [-122.027781, 36.951639], [-122.027783, 36.95164], [-122.027784, 36.95164], [-122.027786, 36.951641], [-122.027787, 36.951641], [-122.02779, 36.951642], [-122.027798, 36.951646], [-122.0278, 36.951647], [-122.027808, 36.951651], [-122.027809, 36.951652], [-122.027816, 36.951657], [-122.027817, 36.951658], [-122.027817, 36.951658], [-122.027825, 36.951665], [-122.027825, 36.951665], [-122.027831, 36.951671], [-122.027837, 36.951678], [-122.027843, 36.951685], [-122.027845, 36.951688], [-122.027849, 36.951693], [-122.027851, 36.951695], [-122.027851, 36.951695], [-122.027858, 36.951702], [-122.027861, 36.951705], [-122.027866, 36.951709], [-122.027876, 36.951716], [-122.027881, 36.95172], [-122.027882, 36.95172], [-122.027892, 36.951729], [-122.027892, 36.951729], [-122.027905, 36.951743], [-122.027907, 36.951745], [-122.027912, 36.951751], [-122.027923, 36.951762], [-122.027923, 36.951762], [-122.027928, 36.951766], [-122.027929, 36.951768], [-122.02793, 36.951768], [-122.027932, 36.951769], [-122.027933, 36.95177], [-122.027937, 36.951773], [-122.027939, 36.951774], [-122.027943, 36.951776], [-122.027944, 36.951777], [-122.027945, 36.951777], [-122.027945, 36.951778], [-122.027947, 36.95178], [-122.027951, 36.951783], [-122.027952, 36.951784], [-122.027953, 36.951785], [-122.027953, 36.951786], [-122.027953, 36.951786], [-122.027953, 36.951786], [-122.027954, 36.951787], [-122.027955, 36.951788], [-122.027955, 36.951789], [-122.027956, 36.951791], [-122.027956, 36.951793], [-122.027957, 36.951796], [-122.027957, 36.951796], [-122.027956, 36.951799], [-122.027956, 36.9518], [-122.027956, 36.9518], [-122.027955, 36.951804], [-122.027955, 36.951805], [-122.027955, 36.951805], [-122.027955, 36.951809], [-122.027955, 36.951809], [-122.027955, 36.95181], [-122.027955, 36.951812], [-122.027956, 36.951814], [-122.027956, 36.951814], [-122.027956, 36.951814], [-122.027957, 36.951817], [-122.027958, 36.951818], [-122.027958, 36.951819], [-122.027959, 36.95182], [-122.02796, 36.951821], [-122.027962, 36.951823], [-122.027973, 36.951836], [-122.027976, 36.951839], [-122.027988, 36.951849], [-122.027991, 36.951852], [-122.027991, 36.951852], [-122.027997, 36.951856], [-122.027998, 36.951856], [-122.028001, 36.951858], [-122.028001, 36.951859], [-122.028003, 36.951861], [-122.028004, 36.951861], [-122.028005, 36.951862], [-122.028005, 36.951863], [-122.028006, 36.951865], [-122.028006, 36.951866], [-122.028006, 36.951867], [-122.028006, 36.951868], [-122.028006, 36.951869], [-122.028005, 36.95187], [-122.028005, 36.95187], [-122.028005, 36.951871], [-122.028004, 36.951873], [-122.028004, 36.951873], [-122.028004, 36.951874], [-122.028005, 36.951875], [-122.028005, 36.951876], [-122.028005, 36.951877], [-122.028006, 36.951877], [-122.028007, 36.951878], [-122.028007, 36.951879], [-122.02801, 36.95188], [-122.02801, 36.95188], [-122.028011, 36.951881], [-122.028013, 36.951882], [-122.028013, 36.951882], [-122.028016, 36.951884], [-122.028019, 36.951885], [-122.028019, 36.951885], [-122.028022, 36.951886], [-122.028023, 36.951886], [-122.028037, 36.951891], [-122.028039, 36.951891], [-122.028055, 36.951898], [-122.028066, 36.951904], [-122.028068, 36.951905], [-122.028081, 36.951913], [-122.028083, 36.951915], [-122.028084, 36.951916], [-122.028086, 36.951916], [-122.028088, 36.951917], [-122.02809, 36.951918], [-122.028092, 36.951918], [-122.028094, 36.951918], [-122.028096, 36.951918], [-122.028097, 36.951918], [-122.028099, 36.951918], [-122.0281, 36.951917], [-122.028106, 36.951916], [-122.028107, 36.951916], [-122.028107, 36.951916], [-122.028122, 36.951911], [-122.02814, 36.951904], [-122.02814, 36.951904], [-122.028144, 36.951903], [-122.028144, 36.951902], [-122.028148, 36.9519], [-122.02815, 36.951899], [-122.028152, 36.951897], [-122.028153, 36.951896], [-122.028154, 36.951895], [-122.028154, 36.951893], [-122.028155, 36.951892], [-122.028156, 36.95189], [-122.028157, 36.951889], [-122.028158, 36.951887], [-122.02816, 36.951885], [-122.02816, 36.951885], [-122.028162, 36.951883], [-122.028166, 36.951881], [-122.028169, 36.951879], [-122.028172, 36.951878], [-122.028176, 36.951877], [-122.028176, 36.951877], [-122.028177, 36.951876], [-122.02818, 36.951876], [-122.028182, 36.951876], [-122.028184, 36.951876], [-122.028186, 36.951876], [-122.028188, 36.951876], [-122.028189, 36.951877], [-122.028197, 36.95188], [-122.028201, 36.951881], [-122.02821, 36.951884], [-122.02821, 36.951884], [-122.028213, 36.951885], [-122.028245, 36.951893], [-122.028266, 36.951899], [-122.028277, 36.951903], [-122.028298, 36.951913], [-122.028314, 36.95192], [-122.028314, 36.95192], [-122.028321, 36.951925], [-122.028323, 36.951926], [-122.028324, 36.951927], [-122.028324, 36.951928], [-122.028327, 36.951931], [-122.028328, 36.951932], [-122.028329, 36.951934], [-122.028329, 36.951934], [-122.028329, 36.951934], [-122.02833, 36.951938], [-122.028333, 36.951942], [-122.028333, 36.951942], [-122.028335, 36.951945], [-122.028338, 36.951949], [-122.028359, 36.951969], [-122.028362, 36.951971], [-122.028369, 36.951977], [-122.028377, 36.951983], [-122.028402, 36.952001], [-122.028431, 36.952022], [-122.028432, 36.952023], [-122.028433, 36.952023], [-122.028434, 36.952024], [-122.028434, 36.952024], [-122.028435, 36.952025], [-122.028436, 36.952025], [-122.028437, 36.952025], [-122.028438, 36.952025], [-122.028464, 36.952029], [-122.028481, 36.952032], [-122.028482, 36.952032], [-122.02849, 36.952034], [-122.028491, 36.952034], [-122.028493, 36.952035], [-122.028494, 36.952035], [-122.028496, 36.952036], [-122.028497, 36.952037], [-122.028499, 36.952039], [-122.0285, 36.952041], [-122.0285, 36.952042], [-122.028501, 36.952043], [-122.028503, 36.952045], [-122.028503, 36.952045], [-122.028504, 36.952046], [-122.028505, 36.952046], [-122.028505, 36.952047], [-122.028507, 36.952048], [-122.02851, 36.952049], [-122.02851, 36.952049], [-122.028518, 36.95205], [-122.028518, 36.95205], [-122.028521, 36.952051], [-122.028529, 36.952052], [-122.028533, 36.952053], [-122.028556, 36.952057], [-122.028558, 36.952057], [-122.028576, 36.952061], [-122.028577, 36.952062], [-122.028585, 36.952064], [-122.028586, 36.952064], [-122.028588, 36.952065], [-122.028588, 36.952065], [-122.02859, 36.952066], [-122.028592, 36.952067], [-122.028596, 36.952069], [-122.028596, 36.952069], [-122.028597, 36.95207], [-122.0286, 36.952072], [-122.0286, 36.952072], [-122.028603, 36.952074], [-122.028603, 36.952074], [-122.028606, 36.952075], [-122.028606, 36.952075], [-122.02861, 36.952077], [-122.028611, 36.952077], [-122.028619, 36.95208], [-122.028619, 36.95208], [-122.028627, 36.952082], [-122.028628, 36.952082], [-122.028636, 36.952083], [-122.028642, 36.952084], [-122.028653, 36.952085], [-122.028657, 36.952085], [-122.028665, 36.952086], [-122.028665, 36.952086], [-122.028674, 36.952085], [-122.028675, 36.952085], [-122.028679, 36.952085], [-122.02868, 36.952085], [-122.028684, 36.952085], [-122.028685, 36.952085], [-122.028689, 36.952086], [-122.028689, 36.952086], [-122.028691, 36.952086], [-122.028696, 36.952087], [-122.028696, 36.952087], [-122.028701, 36.952088], [-122.028701, 36.952088], [-122.028705, 36.95209], [-122.028725, 36.952095], [-122.028726, 36.952095], [-122.02874, 36.952098], [-122.028741, 36.952098], [-122.028768, 36.952102], [-122.028772, 36.952103], [-122.028777, 36.952103], [-122.028779, 36.952103], [-122.028782, 36.952103], [-122.028783, 36.952103], [-122.028788, 36.952102], [-122.028791, 36.952102], [-122.028795, 36.952101], [-122.028795, 36.952101], [-122.028798, 36.9521], [-122.028798, 36.9521], [-122.0288, 36.952099], [-122.028801, 36.952098], [-122.028804, 36.952097], [-122.028806, 36.952096], [-122.028813, 36.952092], [-122.028813, 36.952091], [-122.028816, 36.95209], [-122.028816, 36.952089], [-122.028819, 36.952087], [-122.028819, 36.952086], [-122.028825, 36.952081], [-122.028826, 36.952081], [-122.028839, 36.952066], [-122.028855, 36.952049], [-122.028868, 36.95203], [-122.028869, 36.95203], [-122.028883, 36.952007], [-122.028884, 36.952005], [-122.028885, 36.952003], [-122.028885, 36.952002], [-122.028885, 36.952], [-122.028885, 36.951998], [-122.028885, 36.951998], [-122.028885, 36.951996], [-122.028885, 36.951994], [-122.028884, 36.951993], [-122.028884, 36.951991], [-122.028884, 36.951991], [-122.028883, 36.951989], [-122.028882, 36.951988], [-122.028882, 36.951988], [-122.02888, 36.951986], [-122.028879, 36.951985], [-122.028878, 36.951984], [-122.028877, 36.951982], [-122.028877, 36.951981], [-122.028876, 36.95198], [-122.028876, 36.951979], [-122.028876, 36.951977], [-122.028877, 36.951976], [-122.028877, 36.951975], [-122.028878, 36.951974], [-122.028879, 36.951973], [-122.02888, 36.951972], [-122.028881, 36.951972], [-122.028882, 36.951971], [-122.028882, 36.951971], [-122.028883, 36.95197], [-122.028887, 36.951969], [-122.028892, 36.951968], [-122.028892, 36.951968], [-122.028897, 36.951967], [-122.028919, 36.951965], [-122.028919, 36.951965], [-122.028919, 36.951965], [-122.02894, 36.951963], [-122.028971, 36.951962], [-122.028971, 36.951962], [-122.028992, 36.951961], [-122.028994, 36.951961], [-122.028999, 36.95196], [-122.029001, 36.951959], [-122.029001, 36.951959], [-122.029004, 36.951959], [-122.029004, 36.951959], [-122.029009, 36.951957], [-122.029009, 36.951957], [-122.02901, 36.951957], [-122.029014, 36.951955], [-122.029018, 36.951953], [-122.029019, 36.951953], [-122.029019, 36.951953], [-122.02902, 36.951953], [-122.029023, 36.951951], [-122.029023, 36.951951], [-122.029026, 36.95195], [-122.029029, 36.951949], [-122.02903, 36.951949], [-122.029034, 36.951948], [-122.029034, 36.951948], [-122.029038, 36.951948], [-122.029038, 36.951948], [-122.029041, 36.951948], [-122.029052, 36.951948], [-122.029053, 36.951948], [-122.029064, 36.951949], [-122.029065, 36.951949], [-122.029077, 36.951952], [-122.029079, 36.951953], [-122.02909, 36.951956], [-122.029116, 36.951966], [-122.029127, 36.95197], [-122.029144, 36.951977], [-122.029163, 36.951984], [-122.029189, 36.951996], [-122.029209, 36.952005], [-122.029209, 36.952005], [-122.029215, 36.952009], [-122.029218, 36.952011], [-122.029223, 36.952014], [-122.029231, 36.95202], [-122.029244, 36.952029], [-122.029245, 36.95203], [-122.029252, 36.952034], [-122.029252, 36.952034], [-122.029257, 36.952037], [-122.029259, 36.952037], [-122.029266, 36.952041], [-122.029268, 36.952042], [-122.029288, 36.952051], [-122.029289, 36.952051], [-122.029297, 36.952054], [-122.029305, 36.952056], [-122.029312, 36.952058], [-122.029333, 36.952061], [-122.029333, 36.952061], [-122.029336, 36.952061], [-122.029345, 36.952062], [-122.029348, 36.952062], [-122.029348, 36.952062], [-122.029359, 36.952062], [-122.029364, 36.952062], [-122.029371, 36.952061], [-122.029374, 36.952061], [-122.029383, 36.95206], [-122.02939, 36.952058], [-122.02939, 36.952058], [-122.029391, 36.952058], [-122.029394, 36.952057], [-122.029395, 36.952056], [-122.029395, 36.952056], [-122.029398, 36.952056], [-122.029399, 36.952055], [-122.029407, 36.952052], [-122.029408, 36.952051], [-122.029409, 36.952051], [-122.029411, 36.95205], [-122.029413, 36.952048], [-122.029416, 36.952047], [-122.029418, 36.952045], [-122.02942, 36.952043], [-122.029423, 36.952039], [-122.029423, 36.952038], [-122.029423, 36.952038], [-122.029424, 36.952037], [-122.029426, 36.952035], [-122.029426, 36.952035], [-122.029435, 36.952028], [-122.029444, 36.952021], [-122.029451, 36.952014], [-122.029452, 36.952013], [-122.029463, 36.952003], [-122.02947, 36.951997], [-122.029473, 36.951995], [-122.029473, 36.951995], [-122.029478, 36.951992], [-122.029479, 36.951992], [-122.029482, 36.95199], [-122.029489, 36.951986], [-122.02949, 36.951985], [-122.02949, 36.951985], [-122.029499, 36.951979], [-122.029499, 36.951978], [-122.029499, 36.951978], [-122.029501, 36.951977], [-122.029501, 36.951976], [-122.029503, 36.951975], [-122.029503, 36.951974], [-122.029505, 36.951972], [-122.029505, 36.951972], [-122.029506, 36.95197], [-122.029506, 36.95197], [-122.029506, 36.95197], [-122.029507, 36.951968], [-122.029508, 36.951967], [-122.029508, 36.951965], [-122.029509, 36.951965], [-122.029509, 36.951963], [-122.029509, 36.951963], [-122.02951, 36.951961], [-122.02951, 36.951961], [-122.029511, 36.951959], [-122.029511, 36.951959], [-122.029513, 36.951957], [-122.029513, 36.951957], [-122.029514, 36.951955], [-122.029516, 36.951953], [-122.029518, 36.951952], [-122.029518, 36.951951], [-122.029525, 36.951947], [-122.029526, 36.951947], [-122.029533, 36.951943], [-122.029533, 36.951943], [-122.029542, 36.95194], [-122.029542, 36.95194], [-122.029551, 36.951938], [-122.029579, 36.951933], [-122.029613, 36.95193], [-122.02962, 36.951929], [-122.02963, 36.951929], [-122.029652, 36.951928], [-122.029652, 36.951928], [-122.029653, 36.951928], [-122.029658, 36.951928], [-122.029658, 36.951928], [-122.029661, 36.951928], [-122.029663, 36.951927], [-122.029668, 36.951926], [-122.029682, 36.951923], [-122.029706, 36.951918], [-122.029745, 36.951909], [-122.029751, 36.951907], [-122.029755, 36.951906], [-122.029796, 36.951895], [-122.029817, 36.951889], [-122.029838, 36.951883], [-122.029838, 36.951883], [-122.029842, 36.951882], [-122.029847, 36.95188], [-122.029848, 36.951879], [-122.029852, 36.951877], [-122.029861, 36.951872], [-122.029871, 36.951865], [-122.029872, 36.951865], [-122.029879, 36.951858], [-122.029886, 36.951851], [-122.029889, 36.951848], [-122.029889, 36.951848], [-122.02989, 36.951847], [-122.029891, 36.951845], [-122.029891, 36.951845], [-122.029893, 36.951841], [-122.029895, 36.951837], [-122.029898, 36.95183], [-122.029902, 36.95182], [-122.029907, 36.951811], [-122.029907, 36.95181], [-122.029915, 36.951798], [-122.029916, 36.951796], [-122.02992, 36.951791], [-122.029925, 36.951785], [-122.029925, 36.951785], [-122.029926, 36.951784], [-122.029928, 36.951783], [-122.029929, 36.951782], [-122.029931, 36.951781], [-122.029932, 36.951781], [-122.029934, 36.95178], [-122.029949, 36.951778], [-122.029951, 36.951778], [-122.029951, 36.951778], [-122.029964, 36.951776], [-122.029976, 36.951776], [-122.029977, 36.951776], [-122.029989, 36.951778], [-122.029992, 36.951779], [-122.029995, 36.951779], [-122.029998, 36.951778], [-122.029998, 36.951778], [-122.03, 36.951778], [-122.030002, 36.951778], [-122.030003, 36.951777], [-122.030014, 36.951774], [-122.030018, 36.951773], [-122.03004, 36.951765], [-122.030042, 36.951764], [-122.030043, 36.951764], [-122.030071, 36.951754], [-122.030088, 36.951749], [-122.030089, 36.951748], [-122.03009, 36.951748], [-122.030096, 36.951746], [-122.030097, 36.951746], [-122.030097, 36.951746], [-122.030102, 36.951745], [-122.030106, 36.951745], [-122.030106, 36.951745], [-122.030106, 36.951745], [-122.030109, 36.951745], [-122.030109, 36.951744], [-122.030116, 36.951744], [-122.030119, 36.951744], [-122.03013, 36.951743], [-122.030134, 36.951743], [-122.030134, 36.951743], [-122.030141, 36.951742], [-122.030152, 36.95174], [-122.030153, 36.95174], [-122.030173, 36.951735], [-122.030206, 36.951727], [-122.030228, 36.951721], [-122.030238, 36.951719], [-122.030238, 36.951719], [-122.030238, 36.951719], [-122.030239, 36.951719], [-122.030239, 36.951718], [-122.03024, 36.951718], [-122.03024, 36.951717], [-122.03024, 36.951717], [-122.03024, 36.951716], [-122.03024, 36.951716], [-122.03024, 36.951713], [-122.030239, 36.951703], [-122.030239, 36.951703], [-122.030237, 36.951694], [-122.030237, 36.951694], [-122.030237, 36.951692], [-122.030233, 36.951683], [-122.030231, 36.951677], [-122.03023, 36.951676], [-122.030229, 36.951674], [-122.030227, 36.951668], [-122.030227, 36.951668], [-122.030226, 36.951662], [-122.030225, 36.951662], [-122.030225, 36.951659], [-122.030225, 36.951655], [-122.030225, 36.951655], [-122.030226, 36.951653], [-122.030226, 36.951651], [-122.030227, 36.951649], [-122.030227, 36.951647], [-122.030229, 36.951645], [-122.030229, 36.951644], [-122.03023, 36.951643], [-122.030232, 36.951642], [-122.030233, 36.951641], [-122.030235, 36.95164], [-122.030237, 36.95164], [-122.030238, 36.951639], [-122.03024, 36.951639], [-122.030242, 36.951639], [-122.030243, 36.951639], [-122.030244, 36.951639], [-122.030252, 36.951642], [-122.030253, 36.951642], [-122.030253, 36.951642], [-122.030262, 36.951646], [-122.030264, 36.951647], [-122.030274, 36.951653], [-122.030274, 36.951653], [-122.030276, 36.951655], [-122.030279, 36.951658], [-122.03028, 36.951659], [-122.030282, 36.951661], [-122.030282, 36.951661], [-122.030284, 36.951663], [-122.030284, 36.951663], [-122.030285, 36.951666], [-122.030285, 36.951666], [-122.030286, 36.951669], [-122.030287, 36.95167], [-122.030288, 36.951672], [-122.030288, 36.951673], [-122.03029, 36.951675], [-122.030292, 36.951678], [-122.030292, 36.951678], [-122.030294, 36.951681], [-122.030298, 36.951685], [-122.03031, 36.951695], [-122.030312, 36.951696], [-122.030316, 36.951699], [-122.030316, 36.9517], [-122.030321, 36.951702], [-122.030321, 36.951703], [-122.030331, 36.951708], [-122.030346, 36.951716], [-122.030368, 36.951727], [-122.030383, 36.951736], [-122.030385, 36.951736], [-122.030387, 36.951737], [-122.030389, 36.951738], [-122.03039, 36.951738], [-122.030392, 36.951739], [-122.030396, 36.951739], [-122.030397, 36.951739], [-122.030402, 36.95174], [-122.030403, 36.95174], [-122.030412, 36.95174], [-122.030412, 36.95174], [-122.030413, 36.95174], [-122.030416, 36.95174], [-122.030428, 36.951739], [-122.030433, 36.951738], [-122.030441, 36.951737], [-122.030443, 36.951736], [-122.030454, 36.951734], [-122.030461, 36.951732], [-122.030464, 36.951731], [-122.030468, 36.951731], [-122.030475, 36.95173], [-122.030503, 36.951729], [-122.030503, 36.951729], [-122.030528, 36.951729], [-122.030528, 36.951729], [-122.030548, 36.951729], [-122.030565, 36.95173], [-122.030566, 36.95173], [-122.03057, 36.95173], [-122.030571, 36.95173], [-122.030578, 36.951729], [-122.030582, 36.951728], [-122.030583, 36.951728], [-122.03059, 36.951727], [-122.030591, 36.951726], [-122.030594, 36.951726], [-122.030594, 36.951725], [-122.030597, 36.951725], [-122.030597, 36.951724], [-122.030599, 36.951723], [-122.030602, 36.951722], [-122.030605, 36.95172], [-122.030605, 36.95172], [-122.030609, 36.951717], [-122.030609, 36.951717], [-122.030613, 36.951714], [-122.030618, 36.951712], [-122.030623, 36.95171], [-122.030634, 36.951707], [-122.030653, 36.951702], [-122.030657, 36.951701], [-122.030657, 36.951701], [-122.030663, 36.9517], [-122.030663, 36.9517], [-122.030667, 36.9517], [-122.030668, 36.9517], [-122.030673, 36.9517], [-122.030674, 36.9517], [-122.030677, 36.9517], [-122.030678, 36.9517], [-122.030683, 36.951699], [-122.030684, 36.951699], [-122.030688, 36.951699], [-122.030693, 36.951698], [-122.030694, 36.951697], [-122.030694, 36.951697], [-122.030695, 36.951697], [-122.030697, 36.951696], [-122.030698, 36.951695], [-122.030699, 36.951694], [-122.0307, 36.951693], [-122.030701, 36.951692], [-122.030701, 36.951691], [-122.030702, 36.95169], [-122.030702, 36.951688], [-122.030702, 36.951687], [-122.030702, 36.951686], [-122.030702, 36.951686], [-122.030702, 36.951685], [-122.030702, 36.951685], [-122.030702, 36.951683], [-122.030703, 36.951682], [-122.030703, 36.951681], [-122.030704, 36.95168], [-122.030705, 36.951679], [-122.030706, 36.951678], [-122.030706, 36.951678], [-122.030707, 36.951677], [-122.030709, 36.951676], [-122.03071, 36.951676], [-122.030711, 36.951676], [-122.030715, 36.951675], [-122.030715, 36.951675], [-122.03072, 36.951675], [-122.030723, 36.951675], [-122.030725, 36.951676], [-122.030726, 36.951676], [-122.030736, 36.951678], [-122.030736, 36.951678], [-122.030737, 36.951678], [-122.030746, 36.951682], [-122.030747, 36.951682], [-122.030751, 36.951684], [-122.030751, 36.951684], [-122.030751, 36.951684], [-122.030752, 36.951685], [-122.030758, 36.951689], [-122.03076, 36.951691], [-122.030761, 36.951692], [-122.030763, 36.951694], [-122.030763, 36.951694], [-122.030764, 36.951696], [-122.030766, 36.951697], [-122.030766, 36.951697], [-122.030769, 36.951699], [-122.030769, 36.951699], [-122.030772, 36.9517], [-122.030772, 36.9517], [-122.030775, 36.951701], [-122.030779, 36.951702], [-122.030793, 36.951704], [-122.030797, 36.951704], [-122.030798, 36.951704], [-122.030806, 36.951704], [-122.030853, 36.951704], [-122.030902, 36.951703], [-122.03094, 36.951702], [-122.030956, 36.951702], [-122.030957, 36.951702], [-122.030981, 36.951701], [-122.030983, 36.951701], [-122.030983, 36.951701], [-122.030991, 36.9517], [-122.030992, 36.9517], [-122.030999, 36.951699], [-122.031002, 36.951698], [-122.031009, 36.951696], [-122.03101, 36.951696], [-122.031017, 36.951693], [-122.031021, 36.951692], [-122.031021, 36.951691], [-122.031023, 36.95169], [-122.031025, 36.951689], [-122.031028, 36.951687], [-122.031029, 36.951686], [-122.03103, 36.951686], [-122.031037, 36.951682], [-122.031037, 36.951682], [-122.031044, 36.951678], [-122.031044, 36.951678], [-122.031046, 36.951677], [-122.031057, 36.951673], [-122.03107, 36.951668], [-122.03107, 36.951668], [-122.031074, 36.951667], [-122.031074, 36.951667], [-122.031079, 36.951666], [-122.03108, 36.951665], [-122.031084, 36.951664], [-122.031084, 36.951663], [-122.031088, 36.951661], [-122.031093, 36.951659], [-122.031093, 36.951658], [-122.0311, 36.951654], [-122.031118, 36.95164], [-122.031148, 36.951622], [-122.031148, 36.951622], [-122.031148, 36.951622], [-122.031152, 36.95162], [-122.031154, 36.951619], [-122.031154, 36.951619], [-122.031157, 36.951618], [-122.031158, 36.951618], [-122.03116, 36.951617], [-122.031162, 36.951617], [-122.031162, 36.951617], [-122.031166, 36.951617], [-122.031167, 36.951617], [-122.031169, 36.951617], [-122.031171, 36.951617], [-122.031174, 36.951618], [-122.031177, 36.951618], [-122.031178, 36.951618], [-122.031182, 36.951618], [-122.031186, 36.951618], [-122.03119, 36.951618], [-122.03119, 36.951618], [-122.031204, 36.951616], [-122.031234, 36.951611], [-122.031246, 36.951609], [-122.031267, 36.951605], [-122.0313, 36.9516], [-122.0313, 36.9516], [-122.031303, 36.951599], [-122.031306, 36.951598], [-122.031308, 36.951597], [-122.031309, 36.951597], [-122.03131, 36.951596], [-122.031311, 36.951596], [-122.031341, 36.951574], [-122.031359, 36.951562], [-122.03136, 36.951561], [-122.031367, 36.951555], [-122.031368, 36.951554], [-122.031368, 36.951554], [-122.03137, 36.951552], [-122.031374, 36.951549], [-122.031374, 36.951549], [-122.031374, 36.951548], [-122.031374, 36.951548], [-122.031377, 36.951545], [-122.03138, 36.951541], [-122.031383, 36.951535], [-122.031383, 36.951535], [-122.031384, 36.951532], [-122.031385, 36.951528], [-122.031386, 36.951528], [-122.031387, 36.951522], [-122.03139, 36.951506], [-122.031391, 36.951506], [-122.031391, 36.951505], [-122.031393, 36.951487], [-122.031395, 36.951464], [-122.031398, 36.951433], [-122.031401, 36.951416], [-122.031405, 36.951403], [-122.031406, 36.951401], [-122.031406, 36.9514], [-122.031407, 36.951399], [-122.031409, 36.951398], [-122.03141, 36.951397], [-122.031411, 36.951396], [-122.031413, 36.951396], [-122.031414, 36.951395], [-122.031415, 36.951395], [-122.031424, 36.951394], [-122.031425, 36.951393], [-122.031426, 36.951393], [-122.031436, 36.951393], [-122.031437, 36.951393], [-122.031446, 36.951394], [-122.031454, 36.951395], [-122.031454, 36.951395], [-122.031461, 36.951398], [-122.031464, 36.951399], [-122.031468, 36.951401], [-122.031469, 36.951401], [-122.031472, 36.951403], [-122.031472, 36.951403], [-122.031473, 36.951404], [-122.031473, 36.951404], [-122.031474, 36.951404], [-122.031478, 36.951407], [-122.031478, 36.951408], [-122.031481, 36.95141], [-122.031483, 36.951413], [-122.031487, 36.951419], [-122.031487, 36.951419], [-122.031488, 36.951421], [-122.03149, 36.951427], [-122.03149, 36.951427], [-122.031491, 36.951427], [-122.031492, 36.951435], [-122.031492, 36.951436], [-122.031492, 36.951438], [-122.031492, 36.95144], [-122.031492, 36.951441], [-122.031491, 36.951443], [-122.031491, 36.951445], [-122.03149, 36.951446], [-122.031489, 36.951448], [-122.031488, 36.95145], [-122.031488, 36.95145], [-122.031488, 36.95145], [-122.031486, 36.951453], [-122.031485, 36.951455], [-122.031482, 36.951457], [-122.031481, 36.951458], [-122.031479, 36.95146], [-122.031479, 36.95146], [-122.031476, 36.951462], [-122.031475, 36.951462], [-122.031472, 36.951464], [-122.03147, 36.951465], [-122.03147, 36.951465], [-122.031469, 36.951466], [-122.031468, 36.951467], [-122.031467, 36.951468], [-122.031466, 36.951468], [-122.031465, 36.95147], [-122.031462, 36.951473], [-122.031462, 36.951473], [-122.031452, 36.951491], [-122.031451, 36.951494], [-122.031448, 36.951501], [-122.031448, 36.951502], [-122.031445, 36.951509], [-122.03144, 36.951527], [-122.031434, 36.951549], [-122.031434, 36.951549], [-122.031434, 36.951551], [-122.031434, 36.951552], [-122.031434, 36.951554], [-122.031434, 36.951555], [-122.031434, 36.951555], [-122.031435, 36.951557], [-122.031435, 36.951558], [-122.031436, 36.951559], [-122.031436, 36.951559], [-122.031438, 36.95156], [-122.031438, 36.951561], [-122.031439, 36.951562], [-122.031446, 36.951568], [-122.031446, 36.951568], [-122.031453, 36.951576], [-122.031462, 36.951587], [-122.031469, 36.951599], [-122.031469, 36.9516], [-122.031469, 36.9516], [-122.031471, 36.951603], [-122.031471, 36.951603], [-122.031471, 36.951604], [-122.031472, 36.951606], [-122.031472, 36.951608], [-122.031472, 36.951609], [-122.031471, 36.951611], [-122.031471, 36.951613], [-122.031471, 36.951613], [-122.03147, 36.951616], [-122.03147, 36.951616], [-122.031468, 36.951619], [-122.031468, 36.951619], [-122.031467, 36.95162], [-122.031466, 36.95162], [-122.031466, 36.951621], [-122.031465, 36.951622], [-122.031465, 36.951623], [-122.031465, 36.951624], [-122.031465, 36.951625], [-122.031465, 36.951626], [-122.031465, 36.951627], [-122.031466, 36.951628], [-122.031467, 36.951629], [-122.031468, 36.95163], [-122.031469, 36.951631], [-122.03147, 36.951632], [-122.031471, 36.951632], [-122.031473, 36.951633], [-122.031474, 36.951633], [-122.031475, 36.951633], [-122.031477, 36.951633], [-122.031479, 36.951632], [-122.03148, 36.951632], [-122.031481, 36.951632], [-122.031482, 36.951631], [-122.031483, 36.95163], [-122.031484, 36.95163], [-122.031484, 36.951629], [-122.031484, 36.951629], [-122.031488, 36.951625], [-122.031488, 36.951625], [-122.03149, 36.951623], [-122.031493, 36.951621], [-122.031495, 36.951619], [-122.031495, 36.951619], [-122.031498, 36.951617], [-122.031499, 36.951617], [-122.031505, 36.951615], [-122.031524, 36.95161], [-122.031524, 36.95161], [-122.031543, 36.951606], [-122.031546, 36.951606], [-122.031546, 36.951606], [-122.03155, 36.951606], [-122.031551, 36.951606], [-122.031555, 36.951606], [-122.031559, 36.951606], [-122.031564, 36.951607], [-122.031565, 36.951607], [-122.031573, 36.951609], [-122.031581, 36.951612], [-122.031583, 36.951612], [-122.031589, 36.951615], [-122.031595, 36.951618], [-122.031596, 36.951618], [-122.031603, 36.951624], [-122.031604, 36.951624], [-122.031613, 36.951631], [-122.031615, 36.951633], [-122.031622, 36.951639], [-122.031624, 36.95164], [-122.031624, 36.951641], [-122.031633, 36.951647], [-122.031634, 36.951647], [-122.031639, 36.95165], [-122.031642, 36.951652], [-122.031642, 36.951652], [-122.031645, 36.951653], [-122.031652, 36.951656], [-122.031656, 36.951657], [-122.031665, 36.951661], [-122.031665, 36.951661], [-122.031673, 36.951665], [-122.031675, 36.951666], [-122.031676, 36.951668], [-122.031677, 36.951668], [-122.031679, 36.95167], [-122.031679, 36.951671], [-122.031681, 36.951672], [-122.031682, 36.951674], [-122.031682, 36.951675], [-122.031683, 36.951675], [-122.031683, 36.951677], [-122.031684, 36.951679], [-122.031684, 36.951681], [-122.031684, 36.951683], [-122.031684, 36.951685], [-122.031683, 36.951688], [-122.031683, 36.95169], [-122.031683, 36.951692], [-122.031683, 36.951692], [-122.031683, 36.951695], [-122.031683, 36.951696], [-122.031684, 36.951697], [-122.031684, 36.951697], [-122.031685, 36.951699], [-122.031685, 36.9517], [-122.031686, 36.951701], [-122.031687, 36.951702], [-122.031688, 36.951703], [-122.03169, 36.951704], [-122.031692, 36.951705], [-122.031694, 36.951706], [-122.031695, 36.951706], [-122.031698, 36.951707], [-122.031698, 36.951707], [-122.0317, 36.951708], [-122.031701, 36.951708], [-122.031701, 36.951708], [-122.031701, 36.951708], [-122.031705, 36.951708], [-122.031706, 36.951708], [-122.031708, 36.951708], [-122.031711, 36.951708], [-122.031714, 36.951708], [-122.031717, 36.951707], [-122.03172, 36.951706], [-122.031723, 36.951705], [-122.031732, 36.951703], [-122.031732, 36.951703], [-122.031741, 36.951701], [-122.031741, 36.951701], [-122.031741, 36.951701], [-122.031751, 36.9517], [-122.031751, 36.9517], [-122.03176, 36.951701], [-122.031775, 36.951703], [-122.031785, 36.951705], [-122.031785, 36.951705], [-122.031786, 36.951705], [-122.031791, 36.951707], [-122.031791, 36.951707], [-122.031795, 36.951709], [-122.031795, 36.951709], [-122.031796, 36.951709], [-122.031796, 36.95171], [-122.031798, 36.951711], [-122.031798, 36.951711], [-122.031802, 36.951714], [-122.031804, 36.951716], [-122.031805, 36.951718], [-122.031806, 36.95172], [-122.031807, 36.951722], [-122.031808, 36.951722], [-122.031808, 36.951724], [-122.031808, 36.951724], [-122.031809, 36.951725], [-122.03181, 36.951727], [-122.031812, 36.951728], [-122.031813, 36.95173], [-122.031815, 36.951731], [-122.031816, 36.951732], [-122.031818, 36.951733], [-122.03182, 36.951734], [-122.031822, 36.951735], [-122.031822, 36.951735], [-122.031824, 36.951735], [-122.031826, 36.951736], [-122.031828, 36.951736], [-122.03183, 36.951736], [-122.03183, 36.951736], [-122.031833, 36.951736], [-122.03184, 36.951737], [-122.031842, 36.951737], [-122.031842, 36.951737], [-122.03185, 36.951736], [-122.031851, 36.951736], [-122.031852, 36.951736], [-122.031857, 36.951735], [-122.031858, 36.951735], [-122.03186, 36.951735], [-122.03186, 36.951735], [-122.031863, 36.951734], [-122.031863, 36.951734], [-122.031868, 36.951733], [-122.031877, 36.95173], [-122.031882, 36.951729], [-122.031886, 36.951727], [-122.031916, 36.951718], [-122.031946, 36.951708], [-122.031948, 36.951708], [-122.031949, 36.951708], [-122.031998, 36.951711], [-122.032041, 36.951714], [-122.032054, 36.951715], [-122.032055, 36.951715], [-122.032059, 36.951716], [-122.032061, 36.951717], [-122.032062, 36.951717], [-122.032064, 36.951718], [-122.032066, 36.951719], [-122.032081, 36.951727], [-122.032082, 36.951728], [-122.032084, 36.951729], [-122.032096, 36.951737], [-122.032107, 36.951746], [-122.032108, 36.951746], [-122.032117, 36.951756], [-122.032117, 36.951756], [-122.032118, 36.951758], [-122.032121, 36.951761], [-122.032122, 36.951762], [-122.032125, 36.951765], [-122.032125, 36.951765], [-122.032127, 36.951767], [-122.032127, 36.951767], [-122.032129, 36.951768], [-122.032134, 36.951771], [-122.032139, 36.951775], [-122.03214, 36.951775], [-122.032148, 36.951779], [-122.032148, 36.951779], [-122.032151, 36.95178], [-122.032163, 36.951785], [-122.032168, 36.951787], [-122.032181, 36.951791], [-122.032183, 36.951791], [-122.032199, 36.951795], [-122.032212, 36.951797], [-122.032217, 36.951798], [-122.032226, 36.951799], [-122.032234, 36.951801], [-122.032252, 36.951803], [-122.032277, 36.951807], [-122.032285, 36.95186], [-122.032874, 36.951904], [-122.033516, 36.951953], [-122.033517, 36.951955], [-122.033557, 36.951949], [-122.033567, 36.951944], [-122.033583, 36.951937], [-122.033745, 36.952868], [-122.033921, 36.953878], [-122.033722, 36.953899], [-122.033958, 36.95541], [-122.033879, 36.95619], [-122.03299, 36.956134], [-122.029497, 36.955914], [-122.029407, 36.956846], [-122.029404, 36.956878], [-122.028412, 36.956816], [-122.027774, 36.956776], [-122.027757, 36.956951], [-122.026429, 36.956869], [-122.02629, 36.957049], [-122.025841, 36.957632], [-122.025841, 36.957632], [-122.025863, 36.957661], [-122.025864, 36.957662], [-122.025884, 36.957691], [-122.025824, 36.95777], [-122.025767, 36.957845], [-122.025713, 36.957753], [-122.025623, 36.957639], [-122.025612, 36.957615], [-122.025585, 36.957556], [-122.025549, 36.957534], [-122.025548, 36.957534], [-122.025547, 36.957534], [-122.025541, 36.957531], [-122.02554, 36.957531], [-122.025522, 36.957526], [-122.025522, 36.957526], [-122.025511, 36.957523], [-122.02551, 36.957522], [-122.02551, 36.957522], [-122.025503, 36.957521], [-122.025495, 36.957519], [-122.025473, 36.957514], [-122.025453, 36.957508], [-122.025451, 36.957508], [-122.025449, 36.957506], [-122.025445, 36.957505], [-122.025442, 36.957503], [-122.02544, 36.957501], [-122.02544, 36.957501], [-122.025426, 36.957489], [-122.025412, 36.957475], [-122.025411, 36.957474], [-122.025405, 36.957467], [-122.025404, 36.957466], [-122.025395, 36.957454], [-122.025384, 36.957437], [-122.025384, 36.957436], [-122.025377, 36.957425], [-122.025377, 36.957424], [-122.025377, 36.957424], [-122.02537, 36.957412], [-122.025369, 36.95741], [-122.025365, 36.957403], [-122.025365, 36.957403], [-122.025364, 36.957403], [-122.02536, 36.957398], [-122.025359, 36.957397], [-122.025357, 36.957394], [-122.025356, 36.957394], [-122.025354, 36.957391], [-122.02535, 36.957385], [-122.025349, 36.957383], [-122.025344, 36.957372], [-122.025335, 36.957353], [-122.025328, 36.95734], [-122.025322, 36.957329], [-122.02532, 36.957326], [-122.025317, 36.957324], [-122.025315, 36.957322], [-122.025312, 36.95732], [-122.025308, 36.957319], [-122.025305, 36.957317], [-122.025303, 36.957315], [-122.025301, 36.957312], [-122.025299, 36.957309], [-122.025299, 36.957307], [-122.025299, 36.957307], [-122.025298, 36.957305], [-122.025298, 36.957303], [-122.025298, 36.957301], [-122.025298, 36.957299], [-122.025298, 36.957296], [-122.025298, 36.957294], [-122.025297, 36.957292], [-122.025296, 36.957289], [-122.025295, 36.957287], [-122.025288, 36.957276], [-122.025287, 36.957275], [-122.025285, 36.957273], [-122.025283, 36.95727], [-122.02527, 36.957251], [-122.025264, 36.957244], [-122.025264, 36.957243], [-122.02526, 36.957239], [-122.025259, 36.957238], [-122.025259, 36.957238], [-122.025257, 36.957235], [-122.025254, 36.957232], [-122.025253, 36.957231], [-122.025246, 36.957225], [-122.025242, 36.95722], [-122.025237, 36.957214], [-122.025226, 36.957198], [-122.025224, 36.957196], [-122.025217, 36.957186], [-122.025217, 36.957185], [-122.025216, 36.957185], [-122.025208, 36.957171], [-122.025208, 36.957171], [-122.025208, 36.95717], [-122.025207, 36.957168], [-122.025206, 36.957166], [-122.025205, 36.957164], [-122.025205, 36.957163], [-122.025205, 36.957161], [-122.025205, 36.957157], [-122.025205, 36.957156], [-122.025205, 36.957156], [-122.025205, 36.957155], [-122.025206, 36.957149], [-122.025207, 36.957146], [-122.025209, 36.957143], [-122.02521, 36.957142], [-122.025212, 36.95714], [-122.025213, 36.957139], [-122.025215, 36.957137], [-122.025215, 36.957137], [-122.025218, 36.957136], [-122.025218, 36.957136], [-122.02522, 36.957134], [-122.025221, 36.957134], [-122.025223, 36.957133], [-122.025223, 36.957133], [-122.025226, 36.957132], [-122.02523, 36.957131], [-122.025234, 36.957131]]]}}, {"type": "Feature", "properties": {"id": 31490}, "geometry": {"type": "Polygon", "coordinates": [[[-122.046759, 36.969888], [-122.046887, 36.969988], [-122.047008, 36.970092], [-122.047123, 36.970201], [-122.047231, 36.970315], [-122.047332, 36.970432], [-122.047426, 36.970553], [-122.047512, 36.970678], [-122.047591, 36.970806], [-122.047662, 36.970937], [-122.047725, 36.97107], [-122.047773, 36.971187], [-122.047814, 36.971306], [-122.047849, 36.971426], [-122.047879, 36.971546], [-122.047901, 36.971668], [-122.047941, 36.971882], [-122.048, 36.972024], [-122.048067, 36.972164], [-122.048142, 36.972301], [-122.048224, 36.972436], [-122.048313, 36.972568], [-122.048409, 36.972696], [-122.048512, 36.972821], [-122.048621, 36.972943], [-122.048738, 36.97306], [-122.04886, 36.973173], [-122.048988, 36.973282], [-122.049122, 36.973387], [-122.049262, 36.973486], [-122.049407, 36.973581], [-122.049557, 36.97367], [-122.049712, 36.973754], [-122.049871, 36.973833], [-122.050034, 36.973906], [-122.050201, 36.973973], [-122.052082, 36.974983], [-122.052224, 36.975063], [-122.052361, 36.975148], [-122.052494, 36.975237], [-122.052622, 36.97533], [-122.052666, 36.975367], [-122.052666, 36.975367], [-122.052713, 36.975409], [-122.052826, 36.975512], [-122.052932, 36.97562], [-122.053031, 36.975732], [-122.053124, 36.975847], [-122.053211, 36.975966], [-122.05329, 36.976087], [-122.053363, 36.976212], [-122.053428, 36.976339], [-122.053485, 36.976468], [-122.053536, 36.976599], [-122.053578, 36.976732], [-122.053613, 36.976867], [-122.053634, 36.977167], [-122.053636, 36.977192], [-122.053536, 36.977185], [-122.053393, 36.977174], [-122.05305, 36.977148], [-122.052842, 36.977129], [-122.05266, 36.977116], [-122.052478, 36.977109], [-122.052296, 36.977107], [-122.052259, 36.977108], [-122.052242, 36.977108], [-122.052222, 36.977108], [-122.052187, 36.977109], [-122.052131, 36.97711], [-122.052023, 36.977114], [-122.051914, 36.97712], [-122.0512, 36.977174], [-122.051042, 36.977186], [-122.050885, 36.977204], [-122.050729, 36.977227], [-122.047813, 36.977872], [-122.046189, 36.978222], [-122.046091, 36.978232], [-122.045991, 36.978238], [-122.045892, 36.978239], [-122.045792, 36.978235], [-122.04571, 36.978228], [-122.045654, 36.978135], [-122.045542, 36.977943], [-122.045435, 36.977762], [-122.045395, 36.97776], [-122.045354, 36.977757], [-122.045119, 36.977519], [-122.044939, 36.977336], [-122.044928, 36.977325], [-122.044753, 36.977148], [-122.044579, 36.976971], [-122.044411, 36.976801], [-122.044405, 36.976795], [-122.044234, 36.976621], [-122.044231, 36.976618], [-122.044057, 36.976441], [-122.04405, 36.976434], [-122.043943, 36.976323], [-122.043807, 36.976182], [-122.043569, 36.975938], [-122.043607, 36.975844], [-122.043308, 36.975671], [-122.043307, 36.975671], [-122.043202, 36.97561], [-122.043212, 36.975573], [-122.043198, 36.975559], [-122.043089, 36.975447], [-122.043076, 36.975433], [-122.042822, 36.975174], [-122.04234, 36.974953], [-122.042362, 36.974922], [-122.0419, 36.974704], [-122.041886, 36.974727], [-122.041814, 36.97469], [-122.041814, 36.97469], [-122.041814, 36.97469], [-122.042228, 36.974018], [-122.042617, 36.973399], [-122.043183, 36.972782], [-122.043227, 36.972727], [-122.043635, 36.972157], [-122.043684, 36.972089], [-122.043762, 36.97198], [-122.044176, 36.971417], [-122.044251, 36.971314], [-122.044309, 36.971245], [-122.044337, 36.971219], [-122.044635, 36.970938], [-122.044708, 36.970868], [-122.046011, 36.96964], [-122.046104, 36.969558], [-122.046165, 36.969505], [-122.046165, 36.969505], [-122.046167, 36.969505], [-122.046177, 36.969507], [-122.046318, 36.969596], [-122.046566, 36.969754], [-122.046626, 36.969793], [-122.046759, 36.969888]]]}}, {"type": "Feature", "properties": {"id": 31463}, "geometry": {"type": "Polygon", "coordinates": [[[-122.014055, 36.967576], [-122.013535, 36.967029], [-122.013382, 36.967069], [-122.013321, 36.967084], [-122.01324, 36.96698], [-122.01302, 36.966695], [-122.012966, 36.966549], [-122.01295, 36.966506], [-122.012711, 36.966089], [-122.012696, 36.966073], [-122.012629, 36.966005], [-122.012519, 36.965893], [-122.012518, 36.965892], [-122.012518, 36.965892], [-122.012506, 36.965863], [-122.012498, 36.965829], [-122.012494, 36.965815], [-122.012473, 36.965756], [-122.012468, 36.965738], [-122.01244, 36.96564], [-122.012428, 36.965604], [-122.012385, 36.965476], [-122.012365, 36.965405], [-122.012353, 36.965322], [-122.012348, 36.96519], [-122.012352, 36.965169], [-122.01234, 36.965009], [-122.012334, 36.964916], [-122.012321, 36.964721], [-122.012315, 36.964688], [-122.012306, 36.964657], [-122.012302, 36.964612], [-122.012294, 36.96459], [-122.012294, 36.964565], [-122.012283, 36.96451], [-122.012263, 36.964325], [-122.012256, 36.964256], [-122.012258, 36.964207], [-122.012256, 36.964181], [-122.012531, 36.964233], [-122.012693, 36.963935], [-122.012847, 36.963768], [-122.013095, 36.963705], [-122.013531, 36.963594], [-122.014909, 36.963361], [-122.016123, 36.963306], [-122.017151, 36.963224], [-122.017279, 36.963203], [-122.017903, 36.963102], [-122.020367, 36.962749], [-122.020706, 36.962701], [-122.021424, 36.962585], [-122.021743, 36.962464], [-122.021996, 36.962323], [-122.022362, 36.962309], [-122.022496, 36.962258], [-122.022632, 36.962213], [-122.022772, 36.962173], [-122.022946, 36.962293], [-122.022926, 36.962309], [-122.023003, 36.962362], [-122.022964, 36.962399], [-122.023048, 36.962453], [-122.023096, 36.962405], [-122.023162, 36.962451], [-122.023287, 36.962538], [-122.023323, 36.962504], [-122.024251, 36.963223], [-122.024355, 36.963304], [-122.024425, 36.963504], [-122.025272, 36.965187], [-122.025025, 36.965547], [-122.02462, 36.96625], [-122.024381, 36.966665], [-122.023901, 36.966947], [-122.023675, 36.967173], [-122.023536, 36.967433], [-122.023467, 36.967729], [-122.023773, 36.969302], [-122.023625, 36.96934], [-122.023547, 36.969355], [-122.023547, 36.969355], [-122.02353, 36.969358], [-122.023488, 36.969369], [-122.023487, 36.969369], [-122.023487, 36.969369], [-122.023436, 36.969382], [-122.023346, 36.969411], [-122.023258, 36.969446], [-122.023183, 36.96948], [-122.023112, 36.969518], [-122.023112, 36.969519], [-122.023111, 36.969519], [-122.023043, 36.969561], [-122.022826, 36.969725], [-122.022826, 36.969725], [-122.022782, 36.969758], [-122.022782, 36.969758], [-122.022717, 36.969576], [-122.02201, 36.968696], [-122.021787, 36.968601], [-122.021066, 36.968293], [-122.019012, 36.968208], [-122.016505, 36.96806], [-122.01447, 36.967882], [-122.014209, 36.967716], [-122.014156, 36.967682], [-122.014055, 36.967576]]]}}, {"type": "Feature", "properties": {"id": 31430}, "geometry": {"type": "Polygon", "coordinates": [[[-122.027102, 36.973144], [-122.027057, 36.972853], [-122.027044, 36.972643], [-122.027034, 36.972475], [-122.027657, 36.972351], [-122.028076, 36.972267], [-122.028088, 36.972264], [-122.028099, 36.972262], [-122.028324, 36.972984], [-122.028354, 36.973066], [-122.030648, 36.972613], [-122.031886, 36.972371], [-122.032135, 36.972322], [-122.032674, 36.971773], [-122.03273, 36.971794], [-122.034073, 36.972089], [-122.035443, 36.972412], [-122.034636, 36.973657], [-122.033934, 36.974808], [-122.033258, 36.975573], [-122.032512, 36.97629], [-122.032235, 36.976537], [-122.032154, 36.976605], [-122.032069, 36.97667], [-122.031981, 36.976732], [-122.031889, 36.97679], [-122.031774, 36.976857], [-122.031655, 36.976919], [-122.031532, 36.976976], [-122.031405, 36.977027], [-122.031275, 36.977073], [-122.031143, 36.977114], [-122.030172, 36.97737], [-122.030098, 36.977386], [-122.030022, 36.977398], [-122.029946, 36.977406], [-122.029869, 36.97741], [-122.029777, 36.977409], [-122.029685, 36.977402], [-122.029594, 36.977389], [-122.029506, 36.97737], [-122.029416, 36.977352], [-122.029415, 36.977352], [-122.029326, 36.977332], [-122.029239, 36.977306], [-122.029154, 36.977276], [-122.029085, 36.977248], [-122.029018, 36.977215], [-122.028956, 36.977178], [-122.028352, 36.97696], [-122.027815, 36.97695], [-122.027813, 36.976885], [-122.027934, 36.976703], [-122.028073, 36.976525], [-122.028216, 36.976367], [-122.02817, 36.976336], [-122.028142, 36.976298], [-122.028074, 36.976086], [-122.028028, 36.97594], [-122.027982, 36.975793], [-122.027972, 36.975764], [-122.027754, 36.97507], [-122.027537, 36.974386], [-122.027459, 36.974171], [-122.027225, 36.973526], [-122.027147, 36.973311], [-122.027102, 36.973144]]]}}, {"type": "Feature", "properties": {"id": 31440}, "geometry": {"type": "Polygon", "coordinates": [[[-122.027034, 36.972475], [-122.027044, 36.972643], [-122.027057, 36.972853], [-122.027102, 36.973144], [-122.027147, 36.973311], [-122.027225, 36.973526], [-122.027459, 36.974171], [-122.027537, 36.974386], [-122.027754, 36.97507], [-122.027972, 36.975764], [-122.027982, 36.975793], [-122.028028, 36.97594], [-122.028074, 36.976086], [-122.028142, 36.976298], [-122.02817, 36.976336], [-122.028216, 36.976367], [-122.028073, 36.976525], [-122.027934, 36.976703], [-122.027813, 36.976885], [-122.027815, 36.97695], [-122.027186, 36.976937], [-122.026923, 36.976822], [-122.025264, 36.977854], [-122.025258, 36.977857], [-122.025257, 36.977857], [-122.024915, 36.978052], [-122.024324, 36.978433], [-122.024323, 36.978432], [-122.024004, 36.977882], [-122.023888, 36.97761], [-122.023313, 36.976236], [-122.023218, 36.975955], [-122.02308, 36.975629], [-122.022904, 36.975272], [-122.022773, 36.974937], [-122.022777, 36.97454], [-122.02281, 36.97421], [-122.022825, 36.974048], [-122.02284, 36.973835], [-122.022841, 36.973732], [-122.022834, 36.973602], [-122.022834, 36.973602], [-122.023596, 36.97345], [-122.024352, 36.9733], [-122.02454, 36.973257], [-122.024706, 36.973216], [-122.025182, 36.973122], [-122.025453, 36.973069], [-122.025821, 36.972996], [-122.025801, 36.972863], [-122.025775, 36.972723], [-122.026169, 36.972646], [-122.027034, 36.972475]]]}}, {"type": "Feature", "properties": {"id": 31270}, "geometry": {"type": "Polygon", "coordinates": [[[-122.002494, 36.968135], [-122.002502, 36.968128], [-122.002086, 36.968119], [-122.002054, 36.96811], [-122.00191, 36.968073], [-122.001897, 36.96807], [-122.001773, 36.96808], [-122.00175, 36.967929], [-122.001884, 36.9679], [-122.001954, 36.967885], [-122.002017, 36.967872], [-122.002085, 36.967858], [-122.002189, 36.967835], [-122.002201, 36.967833], [-122.002191, 36.967823], [-122.002188, 36.967823], [-122.002084, 36.967827], [-122.001932, 36.967833], [-122.001718, 36.967745], [-122.001371, 36.967299], [-122.001079, 36.966944], [-122.001038, 36.966893], [-122.001038, 36.966893], [-122.001005, 36.966839], [-122.001004, 36.966839], [-122.001004, 36.966838], [-122.000979, 36.966783], [-122.000978, 36.966782], [-122.000978, 36.966782], [-122.00096, 36.966723], [-122.00096, 36.966723], [-122.00095, 36.966663], [-122.00095, 36.966662], [-122.000948, 36.966602], [-122.000953, 36.966229], [-122.000957, 36.965945], [-122.000958, 36.965936], [-122.000957, 36.96591], [-122.000957, 36.965896], [-122.000956, 36.965882], [-122.000956, 36.965882], [-122.000955, 36.965876], [-122.000954, 36.965869], [-122.000951, 36.96585], [-122.000948, 36.965829], [-122.000948, 36.965829], [-122.000941, 36.965802], [-122.000934, 36.965777], [-122.000934, 36.965776], [-122.000933, 36.965773], [-122.000933, 36.965773], [-122.000925, 36.965751], [-122.000915, 36.965726], [-122.000915, 36.965725], [-122.000903, 36.965703], [-122.000897, 36.965689], [-122.000889, 36.965676], [-122.000872, 36.965634], [-122.000855, 36.965592], [-122.000855, 36.965591], [-122.000834, 36.965548], [-122.000816, 36.965509], [-122.000815, 36.965508], [-122.000792, 36.965467], [-122.00077, 36.965428], [-122.000769, 36.965427], [-122.000744, 36.965388], [-122.00072, 36.96535], [-122.000719, 36.965349], [-122.000691, 36.965311], [-122.000664, 36.965273], [-122.000638, 36.965236], [-122.000638, 36.965236], [-122.000618, 36.965197], [-122.000618, 36.965197], [-122.000603, 36.965157], [-122.000597, 36.965133], [-122.000596, 36.965126], [-122.000591, 36.965112], [-122.00059, 36.965108], [-122.000588, 36.965104], [-122.000587, 36.965101], [-122.000586, 36.965096], [-122.000582, 36.965083], [-122.000574, 36.965068], [-122.000573, 36.965066], [-122.000571, 36.965062], [-122.000569, 36.965058], [-122.000567, 36.965053], [-122.000562, 36.965042], [-122.000547, 36.965013], [-122.000535, 36.964991], [-122.000532, 36.964984], [-122.000528, 36.964978], [-122.000511, 36.964945], [-122.00051, 36.964944], [-122.000494, 36.964918], [-122.000488, 36.964908], [-122.000488, 36.964907], [-122.000481, 36.964897], [-122.000475, 36.964886], [-122.000474, 36.964885], [-122.000466, 36.964874], [-122.000452, 36.96485], [-122.000451, 36.964849], [-122.000442, 36.964836], [-122.000433, 36.964824], [-122.000427, 36.964816], [-122.000411, 36.964794], [-122.000409, 36.964792], [-122.000407, 36.964788], [-122.000387, 36.964761], [-122.000385, 36.964759], [-122.000385, 36.964758], [-122.000377, 36.964749], [-122.000369, 36.964739], [-122.00036, 36.964729], [-122.00035, 36.964717], [-122.000341, 36.964706], [-122.000332, 36.964695], [-122.000322, 36.964684], [-122.000311, 36.964671], [-122.000294, 36.964648], [-122.000293, 36.964647], [-122.00028, 36.964626], [-122.000279, 36.964625], [-122.000254, 36.964578], [-122.000253, 36.964577], [-122.000233, 36.964529], [-122.000233, 36.964528], [-122.000219, 36.964478], [-122.000207, 36.964418], [-122.000207, 36.964417], [-122.000201, 36.964357], [-122.000201, 36.964357], [-122.000203, 36.964296], [-122.000288, 36.963738], [-122.00038, 36.963138], [-122.000376, 36.963088], [-122.000372, 36.963042], [-122.000352, 36.962772], [-122.00036, 36.962719], [-122.00036, 36.962718], [-122.00036, 36.962717], [-122.000658, 36.962223], [-122.000546, 36.962182], [-122.000528, 36.962174], [-122.000487, 36.96216], [-122.000446, 36.962144], [-122.000416, 36.962136], [-122.000391, 36.962132], [-122.000405, 36.961865], [-122.000481, 36.961861], [-122.000595, 36.961916], [-122.000703, 36.961909], [-122.000932, 36.961838], [-122.00098, 36.961838], [-122.001028, 36.961833], [-122.001076, 36.961824], [-122.001079, 36.961824], [-122.00108, 36.961823], [-122.001114, 36.961814], [-122.001147, 36.961802], [-122.001177, 36.961769], [-122.001204, 36.961739], [-122.001161, 36.961497], [-122.001157, 36.961462], [-122.00116, 36.961426], [-122.001169, 36.961391], [-122.001172, 36.961383], [-122.001176, 36.961375], [-122.001182, 36.961368], [-122.001189, 36.961362], [-122.001197, 36.961356], [-122.001207, 36.961352], [-122.001217, 36.961349], [-122.001228, 36.961348], [-122.001238, 36.961348], [-122.001249, 36.96135], [-122.001259, 36.961353], [-122.001268, 36.961357], [-122.001282, 36.961364], [-122.001294, 36.961373], [-122.001298, 36.961377], [-122.001309, 36.961389], [-122.001318, 36.961402], [-122.001324, 36.961416], [-122.001327, 36.96143], [-122.00138, 36.961659], [-122.001403, 36.961798], [-122.001421, 36.961937], [-122.001434, 36.962077], [-122.00144, 36.962217], [-122.001466, 36.962382], [-122.001478, 36.962465], [-122.001495, 36.962524], [-122.001539, 36.962683], [-122.001549, 36.96272], [-122.001843, 36.962721], [-122.002729, 36.962775], [-122.002725, 36.962762], [-122.002777, 36.962796], [-122.002814, 36.962823], [-122.00289, 36.96285], [-122.002969, 36.962871], [-122.003018, 36.962887], [-122.003123, 36.962899], [-122.003172, 36.962904], [-122.003188, 36.962904], [-122.003305, 36.962916], [-122.003389, 36.962937], [-122.00347, 36.962946], [-122.003482, 36.962948], [-122.003519, 36.962952], [-122.003536, 36.962954], [-122.003582, 36.962968], [-122.003614, 36.962974], [-122.003658, 36.962982], [-122.003726, 36.963005], [-122.003828, 36.963026], [-122.00391, 36.963046], [-122.003966, 36.963057], [-122.004023, 36.96306], [-122.004102, 36.963071], [-122.004154, 36.963075], [-122.004198, 36.963073], [-122.004218, 36.963074], [-122.00424, 36.963082], [-122.004267, 36.963089], [-122.004323, 36.963094], [-122.004364, 36.963097], [-122.004387, 36.963098], [-122.004408, 36.963101], [-122.004414, 36.963099], [-122.004415, 36.963098], [-122.004417, 36.963099], [-122.004418, 36.9631], [-122.004435, 36.963104], [-122.004481, 36.963111], [-122.004505, 36.963111], [-122.004588, 36.963125], [-122.004616, 36.96313], [-122.004638, 36.963145], [-122.004667, 36.963161], [-122.004691, 36.963172], [-122.004704, 36.963175], [-122.004717, 36.963187], [-122.004729, 36.963197], [-122.004752, 36.963211], [-122.00482, 36.963243], [-122.00486, 36.963252], [-122.004874, 36.963255], [-122.004963, 36.963276], [-122.005055, 36.963295], [-122.005116, 36.963301], [-122.005178, 36.963319], [-122.005215, 36.963331], [-122.005257, 36.96334], [-122.005308, 36.963345], [-122.005348, 36.963347], [-122.005399, 36.963339], [-122.005438, 36.963333], [-122.005469, 36.963333], [-122.005502, 36.963337], [-122.005555, 36.96335], [-122.005627, 36.96337], [-122.005648, 36.963377], [-122.0057, 36.963394], [-122.00577, 36.96341], [-122.005787, 36.963424], [-122.005826, 36.963431], [-122.005868, 36.963434], [-122.005912, 36.963431], [-122.005944, 36.963429], [-122.005989, 36.96341], [-122.006035, 36.963392], [-122.00606, 36.963373], [-122.006092, 36.963361], [-122.006129, 36.963355], [-122.006134, 36.963354], [-122.006182, 36.963353], [-122.006255, 36.96336], [-122.006443, 36.963414], [-122.006509, 36.963431], [-122.006595, 36.963445], [-122.006744, 36.963463], [-122.006822, 36.963473], [-122.006902, 36.963487], [-122.006961, 36.963493], [-122.007035, 36.963508], [-122.00709, 36.963519], [-122.007163, 36.963527], [-122.007253, 36.96353], [-122.007379, 36.963531], [-122.007418, 36.963532], [-122.00745, 36.963541], [-122.007485, 36.963561], [-122.007535, 36.963591], [-122.007602, 36.963619], [-122.007631, 36.96363], [-122.00767, 36.963635], [-122.007713, 36.963634], [-122.00773, 36.963635], [-122.007742, 36.963635], [-122.007753, 36.963636], [-122.007814, 36.963645], [-122.007932, 36.963672], [-122.008002, 36.963681], [-122.008062, 36.963694], [-122.008101, 36.963707], [-122.00815, 36.963706], [-122.008178, 36.96371], [-122.008181, 36.963662], [-122.008188, 36.963582], [-122.008245, 36.963573], [-122.008266, 36.963673], [-122.008272, 36.963701], [-122.008529, 36.963752], [-122.008548, 36.963778], [-122.008653, 36.963811], [-122.00871, 36.963816], [-122.00876, 36.963819], [-122.008794, 36.963812], [-122.008808, 36.963809], [-122.008833, 36.963803], [-122.008854, 36.963802], [-122.008904, 36.96381], [-122.008914, 36.963812], [-122.008955, 36.963812], [-122.009001, 36.963807], [-122.009027, 36.963808], [-122.009086, 36.963822], [-122.009163, 36.963834], [-122.009207, 36.963834], [-122.0093, 36.963818], [-122.009351, 36.963812], [-122.009381, 36.96381], [-122.009427, 36.963818], [-122.009476, 36.963839], [-122.009509, 36.963851], [-122.009533, 36.963855], [-122.009534, 36.963855], [-122.009539, 36.963855], [-122.00954, 36.963855], [-122.009548, 36.963856], [-122.009548, 36.963856], [-122.009549, 36.963856], [-122.00955, 36.963856], [-122.009557, 36.963856], [-122.009566, 36.963855], [-122.009582, 36.963853], [-122.009625, 36.963845], [-122.009669, 36.963836], [-122.009725, 36.963831], [-122.009797, 36.963828], [-122.009847, 36.963825], [-122.009945, 36.963804], [-122.010045, 36.96379], [-122.010129, 36.963781], [-122.010244, 36.963777], [-122.010343, 36.96377], [-122.01041, 36.963777], [-122.010503, 36.963779], [-122.010596, 36.963771], [-122.010627, 36.963771], [-122.010659, 36.963773], [-122.010716, 36.963772], [-122.010755, 36.96377], [-122.010829, 36.963782], [-122.010909, 36.963804], [-122.010973, 36.963824], [-122.011036, 36.963837], [-122.011135, 36.963851], [-122.011198, 36.963867], [-122.011258, 36.96389], [-122.011345, 36.963917], [-122.011398, 36.963936], [-122.011438, 36.963946], [-122.011448, 36.963948], [-122.011466, 36.963955], [-122.01147, 36.963956], [-122.011473, 36.963957], [-122.011481, 36.963957], [-122.011481, 36.963957], [-122.011495, 36.963957], [-122.011503, 36.963958], [-122.011507, 36.963959], [-122.011509, 36.963962], [-122.011513, 36.963962], [-122.011513, 36.963962], [-122.01152, 36.963964], [-122.011528, 36.963964], [-122.011536, 36.963965], [-122.011543, 36.963966], [-122.011549, 36.963967], [-122.011555, 36.963968], [-122.011561, 36.96397], [-122.011566, 36.963972], [-122.011572, 36.963974], [-122.011574, 36.963977], [-122.011577, 36.963979], [-122.01158, 36.96398], [-122.011583, 36.963982], [-122.011587, 36.963982], [-122.011591, 36.963984], [-122.011594, 36.963988], [-122.011595, 36.963988], [-122.011596, 36.963989], [-122.011598, 36.96399], [-122.0116, 36.963992], [-122.011601, 36.963992], [-122.011602, 36.963993], [-122.011606, 36.963997], [-122.011607, 36.963997], [-122.011612, 36.964002], [-122.011616, 36.964004], [-122.011621, 36.964005], [-122.011626, 36.964007], [-122.011632, 36.964007], [-122.011638, 36.964008], [-122.011644, 36.964007], [-122.011651, 36.964007], [-122.011659, 36.964006], [-122.011667, 36.964004], [-122.011676, 36.964001], [-122.011677, 36.964001], [-122.011681, 36.963999], [-122.011685, 36.963998], [-122.011694, 36.963995], [-122.011702, 36.963993], [-122.011708, 36.963993], [-122.011709, 36.963993], [-122.011714, 36.963992], [-122.011719, 36.963991], [-122.011724, 36.963988], [-122.011726, 36.963985], [-122.01173, 36.963984], [-122.011736, 36.963983], [-122.011749, 36.963982], [-122.011766, 36.963981], [-122.011784, 36.963979], [-122.011799, 36.963978], [-122.01181, 36.963977], [-122.01182, 36.963975], [-122.011825, 36.963974], [-122.011829, 36.963974], [-122.011831, 36.963973], [-122.011836, 36.963972], [-122.01184, 36.963971], [-122.011841, 36.963971], [-122.011845, 36.963969], [-122.011848, 36.963966], [-122.011851, 36.963963], [-122.011856, 36.963959], [-122.011857, 36.963957], [-122.011859, 36.963955], [-122.011864, 36.963948], [-122.011868, 36.963942], [-122.011868, 36.963941], [-122.011871, 36.963933], [-122.011873, 36.963924], [-122.011874, 36.963921], [-122.011875, 36.963915], [-122.011877, 36.963904], [-122.011878, 36.963893], [-122.011879, 36.963892], [-122.01188, 36.963883], [-122.011881, 36.963872], [-122.011886, 36.96384], [-122.011888, 36.963819], [-122.01189, 36.963808], [-122.011892, 36.963796], [-122.011893, 36.96378], [-122.011894, 36.96377], [-122.011894, 36.96376], [-122.011894, 36.963751], [-122.011894, 36.96375], [-122.011894, 36.963742], [-122.011895, 36.963735], [-122.011895, 36.963729], [-122.011896, 36.963725], [-122.011897, 36.963723], [-122.0119, 36.963715], [-122.0119, 36.963714], [-122.011905, 36.963701], [-122.011912, 36.963686], [-122.011912, 36.963685], [-122.011921, 36.963666], [-122.011927, 36.963654], [-122.011927, 36.963653], [-122.011932, 36.963639], [-122.011936, 36.963627], [-122.01194, 36.963615], [-122.011942, 36.963604], [-122.011943, 36.963595], [-122.011941, 36.963586], [-122.01194, 36.963579], [-122.01194, 36.963569], [-122.011942, 36.963559], [-122.011946, 36.963542], [-122.011946, 36.963541], [-122.011949, 36.963526], [-122.011951, 36.963513], [-122.011951, 36.963502], [-122.011947, 36.963473], [-122.011949, 36.963464], [-122.011952, 36.963455], [-122.011955, 36.963446], [-122.011958, 36.963438], [-122.011962, 36.963432], [-122.011962, 36.963432], [-122.011966, 36.963427], [-122.011968, 36.963424], [-122.011974, 36.963418], [-122.011976, 36.963413], [-122.011976, 36.963411], [-122.011979, 36.963407], [-122.011981, 36.963403], [-122.011982, 36.963398], [-122.01198, 36.963387], [-122.011979, 36.963387], [-122.011962, 36.96334], [-122.011948, 36.963304], [-122.011947, 36.9633], [-122.011944, 36.963293], [-122.011942, 36.963286], [-122.01194, 36.96328], [-122.01194, 36.963274], [-122.01194, 36.963267], [-122.011941, 36.963259], [-122.011942, 36.963251], [-122.011945, 36.963242], [-122.011948, 36.963233], [-122.01195, 36.963224], [-122.011955, 36.963215], [-122.01196, 36.963207], [-122.011966, 36.9632], [-122.011971, 36.963193], [-122.011978, 36.963187], [-122.011989, 36.963178], [-122.012016, 36.963155], [-122.01202, 36.963151], [-122.012029, 36.963143], [-122.012035, 36.963136], [-122.012038, 36.963131], [-122.012038, 36.963131], [-122.01204, 36.963126], [-122.012041, 36.963121], [-122.012042, 36.963115], [-122.012042, 36.963114], [-122.01204, 36.963109], [-122.01204, 36.963103], [-122.01204, 36.963098], [-122.012043, 36.963093], [-122.012055, 36.963088], [-122.012066, 36.963081], [-122.012075, 36.963074], [-122.012082, 36.963066], [-122.012088, 36.963058], [-122.012093, 36.963049], [-122.012113, 36.963042], [-122.012133, 36.963056], [-122.01215, 36.963073], [-122.012162, 36.963089], [-122.012171, 36.963106], [-122.012177, 36.963125], [-122.012196, 36.963287], [-122.012206, 36.96364], [-122.012192, 36.963903], [-122.012142, 36.964159], [-122.012217, 36.964173], [-122.012256, 36.964181], [-122.012258, 36.964207], [-122.012256, 36.964256], [-122.012263, 36.964325], [-122.012283, 36.96451], [-122.012294, 36.964565], [-122.012294, 36.96459], [-122.012302, 36.964612], [-122.012306, 36.964657], [-122.012315, 36.964688], [-122.012321, 36.964721], [-122.012334, 36.964916], [-122.01234, 36.965009], [-122.012352, 36.965169], [-122.012348, 36.96519], [-122.012353, 36.965322], [-122.012365, 36.965405], [-122.012385, 36.965476], [-122.012428, 36.965604], [-122.01244, 36.96564], [-122.012468, 36.965738], [-122.012473, 36.965756], [-122.012494, 36.965815], [-122.012498, 36.965829], [-122.012506, 36.965863], [-122.012518, 36.965892], [-122.012518, 36.965892], [-122.012519, 36.965893], [-122.012629, 36.966005], [-122.012569, 36.966051], [-122.012566, 36.966054], [-122.012454, 36.966133], [-122.012338, 36.966209], [-122.012218, 36.96628], [-122.012172, 36.966306], [-122.012163, 36.96631], [-122.012084, 36.966352], [-122.012003, 36.966391], [-122.011917, 36.966431], [-122.01183, 36.966469], [-122.011733, 36.966511], [-122.011731, 36.966512], [-122.011631, 36.966554], [-122.011628, 36.966556], [-122.011626, 36.966556], [-122.01162, 36.966559], [-122.011469, 36.966617], [-122.011468, 36.966618], [-122.011314, 36.966672], [-122.011313, 36.966672], [-122.011156, 36.966722], [-122.010977, 36.966773], [-122.010976, 36.966774], [-122.010794, 36.96682], [-122.010495, 36.96689], [-122.010083, 36.966984], [-122.009984, 36.967007], [-122.009719, 36.967061], [-122.009358, 36.967135], [-122.00907, 36.967193], [-122.008935, 36.967221], [-122.008539, 36.967302], [-122.008066, 36.967399], [-122.007973, 36.967418], [-122.00789, 36.967434], [-122.007872, 36.967439], [-122.007771, 36.967462], [-122.007385, 36.967561], [-122.00625, 36.96779], [-122.004905, 36.968081], [-122.004532, 36.968136], [-122.004387, 36.96816], [-122.00364, 36.968274], [-122.003364, 36.968278], [-122.002494, 36.968135]]]}}, {"type": "Feature", "properties": {"id": 31450}, "geometry": {"type": "Polygon", "coordinates": [[[-122.027481, 36.969873], [-122.027281, 36.9699], [-122.026685, 36.969981], [-122.026486, 36.970008], [-122.026524, 36.970161], [-122.02664, 36.970621], [-122.026679, 36.970775], [-122.026711, 36.970903], [-122.026808, 36.97129], [-122.026841, 36.971419], [-122.026893, 36.971627], [-122.026992, 36.972018], [-122.027016, 36.97226], [-122.027028, 36.972373], [-122.027034, 36.972475], [-122.027034, 36.972475], [-122.026169, 36.972646], [-122.025775, 36.972723], [-122.025801, 36.972863], [-122.025821, 36.972996], [-122.025453, 36.973069], [-122.025182, 36.973122], [-122.024706, 36.973216], [-122.02454, 36.973257], [-122.024352, 36.9733], [-122.023596, 36.97345], [-122.022834, 36.973602], [-122.022831, 36.97356], [-122.022822, 36.973401], [-122.022996, 36.97315], [-122.02302, 36.971348], [-122.02302, 36.971315], [-122.023022, 36.97112], [-122.023023, 36.971081], [-122.023031, 36.970461], [-122.022783, 36.96976], [-122.022782, 36.969758], [-122.022826, 36.969725], [-122.022826, 36.969725], [-122.023043, 36.969561], [-122.023111, 36.969519], [-122.023112, 36.969519], [-122.023112, 36.969518], [-122.023183, 36.96948], [-122.023258, 36.969446], [-122.023346, 36.969411], [-122.023436, 36.969382], [-122.023487, 36.969369], [-122.023487, 36.969369], [-122.023488, 36.969369], [-122.02353, 36.969358], [-122.023547, 36.969355], [-122.023547, 36.969355], [-122.023625, 36.96934], [-122.023773, 36.969302], [-122.023467, 36.967729], [-122.023536, 36.967433], [-122.023675, 36.967173], [-122.023901, 36.966947], [-122.024381, 36.966665], [-122.02462, 36.96625], [-122.025025, 36.965547], [-122.025272, 36.965187], [-122.024425, 36.963504], [-122.024355, 36.963304], [-122.024251, 36.963223], [-122.023323, 36.962504], [-122.023287, 36.962538], [-122.023162, 36.962451], [-122.023096, 36.962405], [-122.023048, 36.962453], [-122.022964, 36.962399], [-122.023003, 36.962362], [-122.022926, 36.962309], [-122.022946, 36.962293], [-122.022772, 36.962173], [-122.022604, 36.962058], [-122.022045, 36.961682], [-122.021819, 36.961641], [-122.018911, 36.959671], [-122.018761, 36.959807], [-122.017414, 36.958893], [-122.017557, 36.958757], [-122.017582, 36.958734], [-122.017547, 36.958642], [-122.017517, 36.958561], [-122.017495, 36.958566], [-122.017425, 36.958388], [-122.017415, 36.958388], [-122.0174, 36.958347], [-122.017432, 36.958339], [-122.017404, 36.95826], [-122.017262, 36.957878], [-122.017287, 36.957872], [-122.017319, 36.957851], [-122.017091, 36.957253], [-122.017291, 36.957205], [-122.017341, 36.957193], [-122.017572, 36.9578], [-122.017658, 36.957781], [-122.017735, 36.957979], [-122.017791, 36.958007], [-122.017857, 36.958188], [-122.017872, 36.958188], [-122.017897, 36.958253], [-122.017934, 36.958347], [-122.018263, 36.958569], [-122.018306, 36.958704], [-122.018266, 36.958748], [-122.018607, 36.958978], [-122.01873, 36.959062], [-122.019126, 36.95933], [-122.019244, 36.95941], [-122.01928, 36.959434], [-122.019489, 36.959576], [-122.019558, 36.959622], [-122.019711, 36.959727], [-122.020153, 36.960026], [-122.020499, 36.960261], [-122.020576, 36.960263], [-122.020849, 36.960449], [-122.020933, 36.960505], [-122.02084, 36.960595], [-122.020787, 36.960645], [-122.021353, 36.961029], [-122.021356, 36.961031], [-122.021405, 36.961064], [-122.021449, 36.961093], [-122.021457, 36.961086], [-122.021513, 36.961032], [-122.021527, 36.961019], [-122.021527, 36.961019], [-122.021542, 36.961004], [-122.021713, 36.961121], [-122.02169, 36.961142], [-122.021625, 36.961202], [-122.021786, 36.961315], [-122.021796, 36.961304], [-122.022022, 36.961454], [-122.022002, 36.961472], [-122.022121, 36.961548], [-122.022894, 36.962074], [-122.022936, 36.962031], [-122.023013, 36.961953], [-122.023281, 36.961905], [-122.023382, 36.961936], [-122.023475, 36.961859], [-122.023582, 36.961666], [-122.023735, 36.961517], [-122.023855, 36.961426], [-122.024042, 36.961335], [-122.02453, 36.961061], [-122.024621, 36.96097], [-122.024688, 36.960904], [-122.024775, 36.960852], [-122.024858, 36.960797], [-122.024936, 36.960737], [-122.025369, 36.959924], [-122.025331, 36.959895], [-122.025324, 36.95989], [-122.025344, 36.959865], [-122.025358, 36.959847], [-122.025359, 36.959846], [-122.025375, 36.959822], [-122.025374, 36.959794], [-122.025374, 36.959782], [-122.025374, 36.959767], [-122.025375, 36.959764], [-122.025373, 36.959765], [-122.025371, 36.959766], [-122.025369, 36.959766], [-122.025366, 36.959766], [-122.025364, 36.959765], [-122.025362, 36.959764], [-122.02536, 36.959763], [-122.025359, 36.959762], [-122.025357, 36.959761], [-122.025356, 36.959759], [-122.025356, 36.959757], [-122.025355, 36.959755], [-122.025355, 36.959754], [-122.025356, 36.959752], [-122.025357, 36.95975], [-122.025393, 36.959688], [-122.025458, 36.959505], [-122.02551, 36.959522], [-122.025722, 36.959555], [-122.025669, 36.959865], [-122.025761, 36.960183], [-122.025712, 36.960435], [-122.025514, 36.961261], [-122.025381, 36.961599], [-122.025325, 36.961772], [-122.025238, 36.962096], [-122.025194, 36.962315], [-122.02518, 36.962437], [-122.025167, 36.962559], [-122.025143, 36.962768], [-122.025105, 36.963065], [-122.025121, 36.963142], [-122.025097, 36.963212], [-122.025089, 36.963238], [-122.025078, 36.963278], [-122.025066, 36.963369], [-122.025062, 36.963401], [-122.025041, 36.96361], [-122.025049, 36.963649], [-122.025071, 36.963689], [-122.025196, 36.963801], [-122.025456, 36.964033], [-122.025712, 36.964263], [-122.026129, 36.964618], [-122.026214, 36.964695], [-122.026257, 36.964756], [-122.026276, 36.964814], [-122.026275, 36.964856], [-122.026258, 36.964906], [-122.026233, 36.964941], [-122.026455, 36.965134], [-122.02668, 36.965329], [-122.026716, 36.965624], [-122.026762, 36.965911], [-122.026809, 36.966203], [-122.026896, 36.966748], [-122.027158, 36.968386], [-122.027246, 36.968932], [-122.027246, 36.968932], [-122.027246, 36.968932], [-122.027276, 36.969071], [-122.02731, 36.969213], [-122.027382, 36.969493], [-122.027481, 36.969873]]]}}, {"type": "Feature", "properties": {"id": 31300}, "geometry": {"type": "Polygon", "coordinates": [[[-122.025458, 36.959505], [-122.025482, 36.959436], [-122.025516, 36.959254], [-122.025526, 36.959248], [-122.025535, 36.959241], [-122.025542, 36.959233], [-122.025548, 36.959224], [-122.025552, 36.959214], [-122.025554, 36.959204], [-122.025571, 36.95915], [-122.025582, 36.959095], [-122.025588, 36.95904], [-122.025589, 36.958984], [-122.025648, 36.958879], [-122.025638, 36.958793], [-122.025682, 36.958727], [-122.0257, 36.958567], [-122.02577, 36.958343], [-122.025774, 36.958263], [-122.025784, 36.958244], [-122.02579, 36.958224], [-122.025793, 36.958203], [-122.025793, 36.958183], [-122.025784, 36.958043], [-122.025792, 36.957989], [-122.025793, 36.957936], [-122.025789, 36.957882], [-122.025767, 36.957845], [-122.025824, 36.95777], [-122.025884, 36.957691], [-122.025864, 36.957662], [-122.025863, 36.957661], [-122.025841, 36.957632], [-122.025841, 36.957632], [-122.02629, 36.957049], [-122.026429, 36.956869], [-122.027757, 36.956951], [-122.027774, 36.956776], [-122.028412, 36.956816], [-122.028405, 36.956885], [-122.028375, 36.957199], [-122.028368, 36.957268], [-122.028363, 36.95732], [-122.028351, 36.957443], [-122.028339, 36.957566], [-122.028326, 36.957703], [-122.028318, 36.95784], [-122.02828, 36.958224], [-122.028195, 36.958273], [-122.028157, 36.958658], [-122.028151, 36.958727], [-122.028136, 36.958726], [-122.028048, 36.95872], [-122.028041, 36.958789], [-122.028027, 36.958926], [-122.028013, 36.959063], [-122.028002, 36.959172], [-122.027997, 36.959227], [-122.027986, 36.959336], [-122.027958, 36.95961], [-122.027978, 36.959694], [-122.027861, 36.961001], [-122.027346, 36.961233], [-122.027415, 36.960476], [-122.026081, 36.960386], [-122.025761, 36.960183], [-122.025669, 36.959865], [-122.025722, 36.959555], [-122.02551, 36.959522], [-122.025458, 36.959505]]]}}, {"type": "Feature", "properties": {"id": 31420}, "geometry": {"type": "Polygon", "coordinates": [[[-122.034865, 36.968916], [-122.035694, 36.96914], [-122.036324, 36.96931], [-122.037292, 36.96957], [-122.037246, 36.969639], [-122.036632, 36.970581], [-122.036158, 36.971315], [-122.035443, 36.972412], [-122.034073, 36.972089], [-122.03273, 36.971794], [-122.032674, 36.971773], [-122.032135, 36.972322], [-122.031886, 36.972371], [-122.030648, 36.972613], [-122.030438, 36.971733], [-122.030352, 36.971495], [-122.030451, 36.971477], [-122.030618, 36.971446], [-122.030609, 36.971421], [-122.030777, 36.971393], [-122.030799, 36.971455], [-122.030966, 36.971424], [-122.031116, 36.971347], [-122.031241, 36.971323], [-122.031262, 36.971319], [-122.031282, 36.971315], [-122.031302, 36.971312], [-122.031364, 36.9713], [-122.031449, 36.971284], [-122.031462, 36.971282], [-122.031432, 36.971201], [-122.031442, 36.971199], [-122.031394, 36.971067], [-122.031275, 36.971018], [-122.030719, 36.969497], [-122.0304, 36.968648], [-122.030381, 36.968598], [-122.030464, 36.968589], [-122.032363, 36.968389], [-122.033732, 36.96845], [-122.034865, 36.968916]]]}}, {"type": "Feature", "properties": {"id": 51530}, "geometry": {"type": "Polygon", "coordinates": [[[-122.025264, 36.977854], [-122.026923, 36.976822], [-122.027186, 36.976937], [-122.028352, 36.97696], [-122.028956, 36.977178], [-122.029018, 36.977215], [-122.029085, 36.977248], [-122.029154, 36.977276], [-122.029239, 36.977306], [-122.029326, 36.977332], [-122.029415, 36.977352], [-122.029416, 36.977352], [-122.029506, 36.97737], [-122.029594, 36.977389], [-122.029685, 36.977402], [-122.029777, 36.977409], [-122.029869, 36.97741], [-122.029946, 36.977406], [-122.030022, 36.977398], [-122.030098, 36.977386], [-122.030172, 36.97737], [-122.031143, 36.977114], [-122.031275, 36.977073], [-122.031405, 36.977027], [-122.031532, 36.976976], [-122.031655, 36.976919], [-122.031774, 36.976857], [-122.031889, 36.97679], [-122.031858, 36.97718], [-122.03179, 36.978016], [-122.031783, 36.978105], [-122.031775, 36.978205], [-122.031767, 36.978301], [-122.03179, 36.978408], [-122.031861, 36.978746], [-122.03189, 36.978881], [-122.03194, 36.979122], [-122.032, 36.979404], [-122.032056, 36.979672], [-122.03213, 36.980021], [-122.032141, 36.980072], [-122.032156, 36.980118], [-122.032201, 36.980247], [-122.032202, 36.980251], [-122.032255, 36.980423], [-122.032304, 36.9806], [-122.032333, 36.980725], [-122.032339, 36.98076], [-122.032347, 36.980804], [-122.032352, 36.980829], [-122.032355, 36.98085], [-122.032371, 36.980977], [-122.03238, 36.981092], [-122.03238, 36.981096], [-122.032381, 36.981103], [-122.032383, 36.98123], [-122.032379, 36.981357], [-122.032366, 36.981502], [-122.032345, 36.981646], [-122.03233, 36.981718], [-122.03233, 36.981718], [-122.032316, 36.981789], [-122.032316, 36.98179], [-122.032281, 36.981921], [-122.03228, 36.981925], [-122.032278, 36.981931], [-122.032261, 36.981984], [-122.032254, 36.982006], [-122.032233, 36.982071], [-122.03218, 36.982208], [-122.03218, 36.982208], [-122.03218, 36.98221], [-122.032165, 36.982243], [-122.032149, 36.982278], [-122.032118, 36.982346], [-122.032118, 36.982346], [-122.032118, 36.982347], [-122.03205, 36.98248], [-122.032035, 36.982505], [-122.032019, 36.982532], [-122.031973, 36.982611], [-122.031971, 36.982614], [-122.031905, 36.982715], [-122.03189, 36.982738], [-122.03189, 36.982738], [-122.031889, 36.98274], [-122.03188, 36.982752], [-122.031861, 36.982779], [-122.031798, 36.982865], [-122.031727, 36.982953], [-122.031727, 36.982953], [-122.031727, 36.982954], [-122.0317, 36.982987], [-122.0317, 36.982987], [-122.0317, 36.982987], [-122.031691, 36.982997], [-122.03169, 36.982998], [-122.031639, 36.983055], [-122.031638, 36.983056], [-122.031602, 36.983097], [-122.031595, 36.983105], [-122.031595, 36.983105], [-122.031554, 36.983146], [-122.031515, 36.983186], [-122.031514, 36.983188], [-122.031495, 36.983207], [-122.031484, 36.983219], [-122.031408, 36.983292], [-122.031408, 36.983292], [-122.031397, 36.983303], [-122.031216, 36.983478], [-122.03121, 36.983484], [-122.03121, 36.983484], [-122.031204, 36.983489], [-122.031139, 36.983545], [-122.031139, 36.983545], [-122.031057, 36.983615], [-122.031056, 36.983616], [-122.031056, 36.983616], [-122.031036, 36.983632], [-122.031036, 36.983632], [-122.030905, 36.983736], [-122.030905, 36.983736], [-122.030903, 36.983737], [-122.030865, 36.983765], [-122.030863, 36.983767], [-122.030847, 36.983779], [-122.030746, 36.983853], [-122.030745, 36.983853], [-122.030745, 36.983854], [-122.030744, 36.983854], [-122.030714, 36.983874], [-122.030713, 36.983875], [-122.030712, 36.983875], [-122.030662, 36.983909], [-122.030662, 36.98391], [-122.030615, 36.983941], [-122.030614, 36.983942], [-122.030579, 36.983966], [-122.030562, 36.983976], [-122.030562, 36.983976], [-122.030481, 36.984027], [-122.030408, 36.984072], [-122.030396, 36.984079], [-122.030233, 36.984173], [-122.030094, 36.984246], [-122.030093, 36.984247], [-122.030052, 36.984268], [-122.029927, 36.984329], [-122.029926, 36.98433], [-122.029924, 36.98433], [-122.029867, 36.984358], [-122.029859, 36.984362], [-122.029859, 36.984362], [-122.029777, 36.984403], [-122.029764, 36.984408], [-122.029715, 36.984425], [-122.029684, 36.984439], [-122.029678, 36.984441], [-122.029485, 36.984519], [-122.029292, 36.984589], [-122.029291, 36.984589], [-122.029288, 36.98459], [-122.029088, 36.984656], [-122.028584, 36.984786], [-122.028058, 36.984921], [-122.027903, 36.984961], [-122.027748, 36.985001], [-122.027746, 36.984996], [-122.027629, 36.984751], [-122.027598, 36.984686], [-122.027423, 36.984319], [-122.026005, 36.981337], [-122.024344, 36.978468], [-122.024324, 36.978433], [-122.024907, 36.978057], [-122.024915, 36.978052], [-122.025257, 36.977857], [-122.025258, 36.977857], [-122.025264, 36.977854]]]}}, {"type": "Feature", "properties": {"id": 31240}, "geometry": {"type": "Polygon", "coordinates": [[[-121.99613, 36.981247], [-121.99617, 36.981215], [-121.996195, 36.981195], [-121.996229, 36.981188], [-121.996024, 36.980606], [-121.995769, 36.979883], [-121.995696, 36.979676], [-121.995687, 36.979649], [-121.995267, 36.979136], [-121.995808, 36.978317], [-121.996044, 36.977961], [-121.996365, 36.977476], [-121.996366, 36.97683], [-121.996366, 36.976703], [-121.996568, 36.97629], [-121.996569, 36.976288], [-121.996591, 36.976243], [-121.996711, 36.976006], [-121.996847, 36.975734], [-121.996888, 36.975653], [-121.996973, 36.975483], [-121.997048, 36.975308], [-121.997335, 36.974725], [-121.997444, 36.974503], [-121.997475, 36.974454], [-121.997823, 36.973785], [-121.997859, 36.973866], [-121.997992, 36.974159], [-121.998029, 36.974243], [-121.998279, 36.974702], [-121.99862, 36.975125], [-121.99869, 36.975181], [-121.999026, 36.975514], [-121.999331, 36.975663], [-121.999458, 36.975755], [-121.999871, 36.976001], [-122.000093, 36.976138], [-122.000159, 36.976064], [-122.000201, 36.976079], [-122.000961, 36.976345], [-122.001383, 36.976481], [-122.001384, 36.976481], [-122.001382, 36.976538], [-122.0014, 36.976621], [-122.0014, 36.976621], [-122.001429, 36.976756], [-122.001429, 36.976757], [-122.001429, 36.976758], [-122.001519, 36.976755], [-122.001588, 36.976753], [-122.00231, 36.97673], [-122.003462, 36.976694], [-122.003467, 36.976694], [-122.00347, 36.976694], [-122.003471, 36.976694], [-122.003472, 36.976694], [-122.003473, 36.976694], [-122.003476, 36.976695], [-122.003478, 36.976695], [-122.003481, 36.976695], [-122.003482, 36.976696], [-122.003484, 36.976696], [-122.003488, 36.976697], [-122.003491, 36.976699], [-122.003494, 36.9767], [-122.003496, 36.976701], [-122.003498, 36.976702], [-122.003502, 36.976705], [-122.003506, 36.976708], [-122.003507, 36.976709], [-122.003509, 36.976711], [-122.003511, 36.976713], [-122.003511, 36.976714], [-122.003512, 36.976715], [-122.003514, 36.976717], [-122.003516, 36.976721], [-122.003516, 36.976721], [-122.003508, 36.976687], [-122.003531, 36.976686], [-122.003597, 36.976683], [-122.004152, 36.978959], [-122.004153, 36.978964], [-122.00477, 36.981489], [-122.004304, 36.981502], [-122.004237, 36.981505], [-122.004056, 36.981507], [-122.003875, 36.981503], [-122.00359, 36.981493], [-122.001803, 36.98142], [-122.001687, 36.98143], [-121.998488, 36.981702], [-121.998319, 36.98172], [-121.998151, 36.981744], [-121.997984, 36.981775], [-121.99782, 36.981811], [-121.997658, 36.981854], [-121.997499, 36.981903], [-121.997342, 36.981958], [-121.997189, 36.982019], [-121.99704, 36.982085], [-121.996895, 36.982157], [-121.996695, 36.982271], [-121.996529, 36.982066], [-121.996471, 36.981988], [-121.99643, 36.981926], [-121.996402, 36.981878], [-121.99637, 36.981811], [-121.996351, 36.981765], [-121.996299, 36.981636], [-121.996216, 36.981441], [-121.99613, 36.981247]]]}}, {"type": "Feature", "properties": {"id": 31200}, "geometry": {"type": "Polygon", "coordinates": [[[-122.001429, 36.976756], [-122.0014, 36.976621], [-122.0014, 36.976621], [-122.001382, 36.976538], [-122.001384, 36.976481], [-122.001383, 36.976481], [-122.000961, 36.976345], [-122.000201, 36.976079], [-122.000159, 36.976064], [-122.000093, 36.976138], [-121.999871, 36.976001], [-121.999458, 36.975755], [-121.999331, 36.975663], [-121.999026, 36.975514], [-121.99869, 36.975181], [-121.99862, 36.975125], [-121.998279, 36.974702], [-121.998029, 36.974243], [-121.997992, 36.974159], [-121.997859, 36.973866], [-121.997823, 36.973785], [-121.9977, 36.973642], [-121.997644, 36.973576], [-121.997516, 36.973427], [-121.997518, 36.973427], [-121.997569, 36.973446], [-121.997726, 36.973504], [-121.997753, 36.973514], [-121.997784, 36.973455], [-121.998092, 36.972873], [-121.998216, 36.972639], [-121.99844, 36.972216], [-121.998543, 36.972138], [-121.998831, 36.971921], [-121.998904, 36.971866], [-121.998957, 36.971808], [-121.998966, 36.971798], [-121.999006, 36.971745], [-121.999052, 36.971686], [-121.999105, 36.971622], [-121.999191, 36.971518], [-121.999214, 36.971489], [-121.999254, 36.971389], [-121.999308, 36.971251], [-121.999386, 36.971053], [-121.999405, 36.971013], [-121.999426, 36.970967], [-121.999531, 36.970746], [-121.99974, 36.970302], [-121.999741, 36.970299], [-122.000278, 36.969161], [-122.000342, 36.969098], [-122.00088, 36.968577], [-122.001096, 36.968368], [-122.001164, 36.968364], [-122.002359, 36.968294], [-122.00241, 36.968211], [-122.002494, 36.968135], [-122.003364, 36.968278], [-122.00364, 36.968274], [-122.00376, 36.968465], [-122.003845, 36.9686], [-122.003874, 36.968648], [-122.003951, 36.969005], [-122.00401, 36.969277], [-122.00401, 36.969277], [-122.00401, 36.969277], [-122.004037, 36.969412], [-122.004066, 36.969552], [-122.004093, 36.969687], [-122.004095, 36.969823], [-122.004085, 36.969951], [-122.004075, 36.970086], [-122.004073, 36.970112], [-122.004064, 36.970224], [-122.004054, 36.97035], [-122.004054, 36.970359], [-122.004052, 36.970382], [-122.004043, 36.970495], [-122.004033, 36.97063], [-122.004032, 36.970648], [-122.004029, 36.970652], [-122.004014, 36.970678], [-122.003977, 36.970744], [-122.003968, 36.97076], [-122.003959, 36.970776], [-122.003895, 36.970889], [-122.003897, 36.970906], [-122.00393, 36.971137], [-122.003936, 36.971179], [-122.003946, 36.971249], [-122.003975, 36.971451], [-122.003976, 36.971456], [-122.003981, 36.971461], [-122.004075, 36.971561], [-122.004083, 36.971569], [-122.004192, 36.971684], [-122.004204, 36.971696], [-122.004205, 36.971698], [-122.004206, 36.971699], [-122.004214, 36.971707], [-122.004455, 36.971822], [-122.004499, 36.971874], [-122.004485, 36.971872], [-122.004634, 36.972047], [-122.004669, 36.972087], [-122.004765, 36.972201], [-122.004898, 36.972356], [-122.005019, 36.972498], [-122.005041, 36.972523], [-122.005057, 36.972542], [-122.005082, 36.972657], [-122.005108, 36.972773], [-122.005109, 36.972778], [-122.005112, 36.972792], [-122.005139, 36.972914], [-122.005129, 36.972915], [-122.00513, 36.972929], [-122.005135, 36.973054], [-122.005136, 36.973067], [-122.005142, 36.973206], [-122.005103, 36.973351], [-122.005136, 36.973611], [-122.005135, 36.973681], [-122.005134, 36.973748], [-122.005134, 36.973765], [-122.005132, 36.973885], [-122.00513, 36.97405], [-122.005095, 36.97405], [-122.005093, 36.974187], [-122.005091, 36.974352], [-122.00509, 36.974393], [-122.005089, 36.974503], [-122.005157, 36.974503], [-122.005155, 36.974654], [-122.004947, 36.974651], [-122.004957, 36.9747], [-122.00496, 36.974716], [-122.004976, 36.974801], [-122.00503, 36.975073], [-122.005043, 36.975142], [-122.005655, 36.974987], [-122.005822, 36.975403], [-122.005743, 36.975431], [-122.005349, 36.975569], [-122.0052, 36.975606], [-122.005197, 36.975607], [-122.005046, 36.975645], [-122.005015, 36.975653], [-122.004882, 36.975686], [-122.004876, 36.975688], [-122.004829, 36.9757], [-122.004736, 36.975724], [-122.004719, 36.975728], [-122.004713, 36.975729], [-122.004644, 36.975747], [-122.00455, 36.97577], [-122.004494, 36.975785], [-122.004458, 36.97579], [-122.004281, 36.975814], [-122.004271, 36.975817], [-122.004118, 36.975856], [-122.004098, 36.975861], [-122.003955, 36.975897], [-122.003925, 36.975904], [-122.003792, 36.975938], [-122.003517, 36.976008], [-122.003436, 36.976028], [-122.00357, 36.976574], [-122.003597, 36.976683], [-122.003531, 36.976686], [-122.003508, 36.976687], [-122.003516, 36.976721], [-122.003516, 36.976721], [-122.003514, 36.976717], [-122.003512, 36.976714], [-122.003511, 36.976713], [-122.003508, 36.97671], [-122.003507, 36.976709], [-122.003506, 36.976708], [-122.003502, 36.976705], [-122.003498, 36.976702], [-122.003496, 36.976701], [-122.003494, 36.9767], [-122.00349, 36.976698], [-122.003487, 36.976697], [-122.003484, 36.976696], [-122.003482, 36.976696], [-122.003481, 36.976695], [-122.003477, 36.976695], [-122.003475, 36.976694], [-122.003474, 36.976694], [-122.003472, 36.976694], [-122.00347, 36.976694], [-122.003468, 36.976694], [-122.003461, 36.976694], [-122.003455, 36.976694], [-122.00231, 36.97673], [-122.001588, 36.976753], [-122.001519, 36.976755], [-122.001429, 36.976758], [-122.001429, 36.976757], [-122.001429, 36.976756]]]}}, {"type": "Feature", "properties": {"id": 31205}, "geometry": {"type": "Polygon", "coordinates": [[[-122.018275, 36.973315], [-122.018275, 36.973315], [-122.019331, 36.972814], [-122.020478, 36.972269], [-122.020622, 36.972201], [-122.021506, 36.971781], [-122.021556, 36.971761], [-122.021701, 36.971703], [-122.021701, 36.971703], [-122.021839, 36.971648], [-122.021867, 36.971635], [-122.021867, 36.971635], [-122.022469, 36.971347], [-122.023023, 36.971081], [-122.023022, 36.97112], [-122.02302, 36.971315], [-122.02302, 36.971348], [-122.022996, 36.97315], [-122.022822, 36.973401], [-122.022831, 36.97356], [-122.022834, 36.973602], [-122.021407, 36.973886], [-122.020929, 36.973988], [-122.020554, 36.974072], [-122.019733, 36.974309], [-122.019626, 36.974345], [-122.01951, 36.974398], [-122.01937, 36.974443], [-122.019237, 36.974483], [-122.019068, 36.974528], [-122.018915, 36.974571], [-122.01883, 36.974345], [-122.018606, 36.97404], [-122.018541, 36.973929], [-122.018275, 36.973315]]]}}, {"type": "Feature", "properties": {"id": 31614}, "geometry": {"type": "Polygon", "coordinates": [[[-122.060237, 36.95823], [-122.06024, 36.960191], [-122.060094, 36.960189], [-122.060079, 36.961139], [-122.05895, 36.961058], [-122.056658, 36.960875], [-122.053344, 36.960611], [-122.050914, 36.960418], [-122.050744, 36.960406], [-122.050573, 36.960401], [-122.050401, 36.960403], [-122.05023, 36.960412], [-122.05006, 36.960427], [-122.049891, 36.960449], [-122.049724, 36.960477], [-122.049558, 36.960512], [-122.049395, 36.960554], [-122.049368, 36.960564], [-122.04816, 36.961], [-122.047131, 36.961362], [-122.0465, 36.961592], [-122.044923, 36.962145], [-122.043976, 36.962477], [-122.043928, 36.962503], [-122.043883, 36.962531], [-122.043841, 36.962562], [-122.043639, 36.961312], [-122.043539, 36.96069], [-122.043478, 36.960307], [-122.043477, 36.960302], [-122.044027, 36.960125], [-122.044578, 36.959984], [-122.045122, 36.959876], [-122.045819, 36.959764], [-122.047638, 36.959566], [-122.04811, 36.959522], [-122.048641, 36.959495], [-122.04918, 36.959438], [-122.050355, 36.959315], [-122.050784, 36.959231], [-122.053133, 36.958981], [-122.05351, 36.958947], [-122.053942, 36.958934], [-122.054158, 36.958911], [-122.055816, 36.958735], [-122.056208, 36.958693], [-122.056768, 36.958604], [-122.057661, 36.958502], [-122.058781, 36.95838], [-122.059879, 36.958267], [-122.060237, 36.95823]]]}}, {"type": "Feature", "properties": {"id": 31400}, "geometry": {"type": "Polygon", "coordinates": [[[-122.040257, 36.970941], [-122.041893, 36.969306], [-122.042342, 36.968857], [-122.042666, 36.968531], [-122.042777, 36.968421], [-122.042832, 36.968365], [-122.043, 36.968197], [-122.043057, 36.968142], [-122.043287, 36.96822], [-122.043338, 36.968238], [-122.043619, 36.968335], [-122.043912, 36.968438], [-122.043975, 36.96846], [-122.044205, 36.968541], [-122.044435, 36.968621], [-122.045127, 36.968861], [-122.045358, 36.968942], [-122.045473, 36.968988], [-122.045537, 36.969024], [-122.045564, 36.969039], [-122.045644, 36.969096], [-122.046005, 36.969386], [-122.046054, 36.969425], [-122.046165, 36.969503], [-122.046167, 36.969505], [-122.046165, 36.969505], [-122.046165, 36.969505], [-122.046104, 36.969558], [-122.046011, 36.96964], [-122.044708, 36.970868], [-122.044337, 36.971219], [-122.044309, 36.971245], [-122.044251, 36.971314], [-122.044176, 36.971417], [-122.043762, 36.97198], [-122.043684, 36.972089], [-122.043635, 36.972157], [-122.043227, 36.972727], [-122.043183, 36.972782], [-122.042617, 36.973399], [-122.042228, 36.974018], [-122.041814, 36.97469], [-122.041814, 36.97469], [-122.038153, 36.973045], [-122.040058, 36.97114], [-122.040257, 36.970941]]]}}, {"type": "Feature", "properties": {"id": 31615}, "geometry": {"type": "Polygon", "coordinates": [[[-122.060079, 36.961139], [-122.060094, 36.960189], [-122.06024, 36.960191], [-122.060237, 36.95823], [-122.061567, 36.958092], [-122.063645, 36.957875], [-122.064149, 36.957827], [-122.064793, 36.957788], [-122.065291, 36.957774], [-122.065293, 36.957858], [-122.065293, 36.957859], [-122.0653, 36.958996], [-122.062635, 36.959347], [-122.062628, 36.959348], [-122.062665, 36.960826], [-122.062665, 36.960826], [-122.062665, 36.960826], [-122.062665, 36.960838], [-122.062671, 36.961081], [-122.06267, 36.961084], [-122.062636, 36.961268], [-122.062577, 36.961319], [-122.060802, 36.961191], [-122.060102, 36.961141], [-122.060079, 36.961139], [-122.060079, 36.961139]]]}}, {"type": "Feature", "properties": {"id": 31221}, "geometry": {"type": "Polygon", "coordinates": [[[-122.022821, 36.97409], [-122.022768, 36.974067], [-122.022601, 36.974147], [-122.022219, 36.974357], [-122.021575, 36.974673], [-122.020301, 36.975257], [-122.020166, 36.975374], [-122.020055, 36.975528], [-122.020024, 36.975713], [-122.019993, 36.975954], [-122.019895, 36.976133], [-122.01975, 36.97626], [-122.019747, 36.976261], [-122.019683, 36.976162], [-122.019682, 36.976162], [-122.019477, 36.975848], [-122.019294, 36.975492], [-122.019167, 36.975183], [-122.019036, 36.974883], [-122.018915, 36.974571], [-122.019068, 36.974528], [-122.019237, 36.974483], [-122.01937, 36.974443], [-122.01951, 36.974398], [-122.019626, 36.974345], [-122.019733, 36.974309], [-122.020554, 36.974072], [-122.020929, 36.973988], [-122.021407, 36.973886], [-122.022834, 36.973602], [-122.022834, 36.973602], [-122.022841, 36.973732], [-122.02284, 36.973835], [-122.022825, 36.974048], [-122.022821, 36.97409]]]}}, {"type": "Feature", "properties": {"id": 31402}, "geometry": {"type": "Polygon", "coordinates": [[[-122.025105, 36.963063], [-122.025779, 36.963137], [-122.026002, 36.963212], [-122.026289, 36.963343], [-122.026515, 36.963505], [-122.026567, 36.963558], [-122.026885, 36.963882], [-122.027166, 36.964205], [-122.027278, 36.964335], [-122.027468, 36.964258], [-122.029275, 36.968551], [-122.029286, 36.968582], [-122.029321, 36.968678], [-122.029333, 36.96871], [-122.028273, 36.968823], [-122.028274, 36.968826], [-122.028269, 36.968827], [-122.027918, 36.968863], [-122.027676, 36.968889], [-122.02745, 36.968913], [-122.027246, 36.968932], [-122.027246, 36.968932], [-122.027158, 36.968386], [-122.026896, 36.966748], [-122.026809, 36.966203], [-122.026762, 36.965911], [-122.026716, 36.965624], [-122.02668, 36.965329], [-122.026455, 36.965134], [-122.026233, 36.964941], [-122.026258, 36.964906], [-122.026275, 36.964856], [-122.026276, 36.964814], [-122.026257, 36.964756], [-122.026214, 36.964695], [-122.026129, 36.964618], [-122.025712, 36.964263], [-122.025456, 36.964033], [-122.025196, 36.963801], [-122.025071, 36.963689], [-122.025049, 36.963649], [-122.025041, 36.96361], [-122.025062, 36.963401], [-122.025066, 36.963369], [-122.025078, 36.963278], [-122.025089, 36.963238], [-122.025097, 36.963212], [-122.025121, 36.963142], [-122.025105, 36.963065], [-122.025105, 36.963063]]]}}, {"type": "Feature", "properties": {"id": 31441}, "geometry": {"type": "Polygon", "coordinates": [[[-122.033317, 36.977903], [-122.033101, 36.977258], [-122.032977, 36.976904], [-122.034005, 36.976679], [-122.035023, 36.976456], [-122.035023, 36.976456], [-122.036051, 36.976231], [-122.037921, 36.975827], [-122.038268, 36.97575], [-122.038352, 36.975735], [-122.038439, 36.975727], [-122.038519, 36.975725], [-122.038608, 36.975728], [-122.038693, 36.975735], [-122.038765, 36.975743], [-122.038825, 36.975754], [-122.038877, 36.975766], [-122.038953, 36.97579], [-122.039023, 36.975816], [-122.03928, 36.975931], [-122.039351, 36.97596], [-122.039432, 36.975985], [-122.039456, 36.975992], [-122.039535, 36.976006], [-122.039626, 36.976015], [-122.039713, 36.97602], [-122.039799, 36.976019], [-122.039885, 36.976012], [-122.03997, 36.975999], [-122.040054, 36.975979], [-122.040183, 36.975949], [-122.0402, 36.975944], [-122.040971, 36.97574], [-122.041005, 36.975731], [-122.041095, 36.9757], [-122.041181, 36.975664], [-122.041263, 36.975621], [-122.04134, 36.975573], [-122.041411, 36.97552], [-122.041477, 36.975462], [-122.041536, 36.9754], [-122.041588, 36.975334], [-122.041632, 36.975264], [-122.041669, 36.975192], [-122.041698, 36.975117], [-122.04171, 36.975072], [-122.041719, 36.975041], [-122.041774, 36.974755], [-122.041814, 36.97469], [-122.041814, 36.97469], [-122.041886, 36.974727], [-122.0419, 36.974704], [-122.042362, 36.974922], [-122.04234, 36.974953], [-122.042822, 36.975174], [-122.043076, 36.975433], [-122.043089, 36.975447], [-122.043198, 36.975559], [-122.043212, 36.975573], [-122.043202, 36.97561], [-122.043307, 36.975671], [-122.043308, 36.975671], [-122.043607, 36.975844], [-122.043569, 36.975938], [-122.043807, 36.976182], [-122.043943, 36.976323], [-122.04405, 36.976434], [-122.044057, 36.976441], [-122.044231, 36.976618], [-122.044234, 36.976621], [-122.044405, 36.976795], [-122.044411, 36.976801], [-122.044579, 36.976971], [-122.044753, 36.977148], [-122.044928, 36.977325], [-122.044939, 36.977336], [-122.045119, 36.977519], [-122.045354, 36.977757], [-122.045395, 36.97776], [-122.045435, 36.977762], [-122.045542, 36.977943], [-122.045654, 36.978135], [-122.04571, 36.978228], [-122.045792, 36.978235], [-122.045806, 36.97825], [-122.045705, 36.978238], [-122.045399, 36.97819], [-122.044792, 36.978095], [-122.044527, 36.978049], [-122.043732, 36.977912], [-122.043468, 36.977867], [-122.043278, 36.977834], [-122.042711, 36.977735], [-122.042522, 36.977702], [-122.040086, 36.977284], [-122.039952, 36.977257], [-122.039827, 36.977227], [-122.039681, 36.977177], [-122.039547, 36.977143], [-122.039378, 36.977116], [-122.039216, 36.977105], [-122.038183, 36.977077], [-122.038187, 36.977004], [-122.038006, 36.976487], [-122.037844, 36.976523], [-122.037676, 36.976559], [-122.037713, 36.976665], [-122.037548, 36.976701], [-122.037383, 36.976738], [-122.037268, 36.976407], [-122.037256, 36.976409], [-122.037119, 36.97644], [-122.037165, 36.976572], [-122.036984, 36.976612], [-122.036961, 36.976546], [-122.036801, 36.976581], [-122.036811, 36.97661], [-122.036734, 36.976627], [-122.036651, 36.976645], [-122.036685, 36.976743], [-122.036686, 36.976746], [-122.036726, 36.97686], [-122.036574, 36.976946], [-122.036418, 36.976966], [-122.036391, 36.97697], [-122.036339, 36.976822], [-122.036162, 36.97686], [-122.036124, 36.976868], [-122.0361, 36.976799], [-122.035951, 36.976831], [-122.035886, 36.976846], [-122.035889, 36.976854], [-122.035728, 36.976889], [-122.035674, 36.976901], [-122.035695, 36.976962], [-122.035665, 36.976969], [-122.035497, 36.977005], [-122.035332, 36.977041], [-122.035233, 36.977063], [-122.035386, 36.977502], [-122.03332, 36.977902], [-122.033317, 36.977903]]]}}, {"type": "Feature", "properties": {"id": 31501}, "geometry": {"type": "Polygon", "coordinates": [[[-122.032977, 36.976904], [-122.033101, 36.977258], [-122.033317, 36.977903], [-122.03202, 36.978157], [-122.031775, 36.978205], [-122.031889, 36.97679], [-122.031981, 36.976732], [-122.032069, 36.97667], [-122.032154, 36.976605], [-122.032235, 36.976537], [-122.032512, 36.97629], [-122.032601, 36.976205], [-122.032602, 36.976203], [-122.032783, 36.976344], [-122.032803, 36.97637], [-122.032821, 36.976401], [-122.032871, 36.976553], [-122.032929, 36.976757], [-122.032977, 36.976904], [-122.032977, 36.976904]]]}}, {"type": "Feature", "properties": {"id": 51440}, "geometry": {"type": "Polygon", "coordinates": [[[-122.035353, 36.977509], [-122.035386, 36.977502], [-122.035233, 36.977063], [-122.035332, 36.977041], [-122.035497, 36.977005], [-122.035665, 36.976969], [-122.035695, 36.976962], [-122.035674, 36.976901], [-122.035728, 36.976889], [-122.035889, 36.976854], [-122.035886, 36.976846], [-122.035951, 36.976831], [-122.0361, 36.976799], [-122.036124, 36.976868], [-122.036162, 36.97686], [-122.036339, 36.976822], [-122.036391, 36.97697], [-122.036418, 36.976966], [-122.036574, 36.976946], [-122.036726, 36.97686], [-122.036686, 36.976746], [-122.036685, 36.976743], [-122.036651, 36.976645], [-122.036734, 36.976627], [-122.036811, 36.97661], [-122.036801, 36.976581], [-122.036961, 36.976546], [-122.036984, 36.976612], [-122.037165, 36.976572], [-122.037119, 36.97644], [-122.037256, 36.976409], [-122.037268, 36.976407], [-122.037383, 36.976738], [-122.037548, 36.976701], [-122.037713, 36.976665], [-122.037676, 36.976559], [-122.037844, 36.976523], [-122.038006, 36.976487], [-122.038187, 36.977004], [-122.038183, 36.977077], [-122.038182, 36.977077], [-122.037588, 36.977061], [-122.037412, 36.977059], [-122.037282, 36.977064], [-122.037181, 36.977074], [-122.036999, 36.977098], [-122.036905, 36.977121], [-122.036644, 36.977205], [-122.036478, 36.977273], [-122.036397, 36.977301], [-122.036314, 36.977323], [-122.035386, 36.977503], [-122.035354, 36.977509], [-122.035353, 36.977509]]]}}, {"type": "Feature", "properties": {"id": 31350}, "geometry": {"type": "Polygon", "coordinates": [[[-122.035027, 36.967286], [-122.035277, 36.964777], [-122.03532, 36.964343], [-122.035388, 36.964377], [-122.035601, 36.964502], [-122.035822, 36.964648], [-122.037295, 36.965627], [-122.03743, 36.965717], [-122.037787, 36.965954], [-122.037914, 36.965831], [-122.038299, 36.965465], [-122.038368, 36.9654], [-122.038423, 36.965339], [-122.03876, 36.964977], [-122.039775, 36.963891], [-122.040113, 36.96353], [-122.040068, 36.963505], [-122.039935, 36.963433], [-122.039891, 36.963409], [-122.040009, 36.963275], [-122.040364, 36.962874], [-122.040434, 36.962796], [-122.040479, 36.962738], [-122.040526, 36.962677], [-122.041008, 36.962121], [-122.041059, 36.962056], [-122.041059, 36.962056], [-122.041099, 36.962004], [-122.041642, 36.961379], [-122.041643, 36.961378], [-122.043265, 36.962265], [-122.04384, 36.96256], [-122.043841, 36.962562], [-122.043841, 36.962562], [-122.043897, 36.962682], [-122.043866, 36.962709], [-122.04388, 36.962721], [-122.043877, 36.962723], [-122.043875, 36.962724], [-122.043883, 36.962733], [-122.043842, 36.962757], [-122.043834, 36.962748], [-122.043775, 36.962787], [-122.043776, 36.962794], [-122.043766, 36.962802], [-122.043757, 36.962803], [-122.043737, 36.962819], [-122.043671, 36.962894], [-122.043568, 36.963012], [-122.043516, 36.963071], [-122.043504, 36.963087], [-122.043506, 36.963094], [-122.043499, 36.963104], [-122.04349, 36.963106], [-122.043478, 36.963122], [-122.043383, 36.963251], [-122.043337, 36.963293], [-122.043295, 36.963341], [-122.043297, 36.963349], [-122.043283, 36.963364], [-122.043263, 36.963351], [-122.043163, 36.963467], [-122.043173, 36.963474], [-122.043039, 36.963629], [-122.042985, 36.963699], [-122.042868, 36.963832], [-122.042864, 36.963836], [-122.042865, 36.963843], [-122.042855, 36.963851], [-122.042846, 36.963852], [-122.04282, 36.963874], [-122.042688, 36.96401], [-122.042701, 36.964019], [-122.04245, 36.964297], [-122.042352, 36.964428], [-122.042307, 36.964471], [-122.042236, 36.964553], [-122.042108, 36.964702], [-122.042027, 36.964647], [-122.040306, 36.966646], [-122.040259, 36.966701], [-122.039533, 36.967138], [-122.039049, 36.967438], [-122.038662, 36.967677], [-122.03855, 36.967658], [-122.038378, 36.967639], [-122.037507, 36.967543], [-122.037218, 36.967512], [-122.036779, 36.967466], [-122.035465, 36.967331], [-122.035027, 36.967286]]]}}, {"type": "Feature", "properties": {"id": 31203}, "geometry": {"type": "Polygon", "coordinates": [[[-122.016079, 36.97345], [-122.016032, 36.973468], [-122.016097, 36.973593], [-122.015887, 36.973677], [-122.015893, 36.973687], [-122.015953, 36.973805], [-122.016006, 36.973784], [-122.016071, 36.973911], [-122.01623, 36.973848], [-122.016359, 36.974096], [-122.016441, 36.974146], [-122.016441, 36.974146], [-122.015871, 36.974374], [-122.014859, 36.97242], [-122.013775, 36.970326], [-122.013567, 36.970396], [-122.01325, 36.970503], [-122.012604, 36.970722], [-122.012123, 36.970347], [-122.012096, 36.970321], [-122.012073, 36.970292], [-122.012055, 36.970262], [-122.01204, 36.970224], [-122.012028, 36.970186], [-122.012008, 36.970065], [-122.012013, 36.970034], [-122.011871, 36.969351], [-122.012201, 36.96889], [-122.012912, 36.967907], [-122.012938, 36.96787], [-122.01294, 36.967867], [-122.012938, 36.967862], [-122.012747, 36.967378], [-122.012665, 36.967171], [-122.01324, 36.96698], [-122.013321, 36.967084], [-122.013382, 36.967069], [-122.013535, 36.967029], [-122.014055, 36.967576], [-122.01406, 36.968348], [-122.014061, 36.968528], [-122.014721, 36.969577], [-122.014725, 36.970004], [-122.014844, 36.970168], [-122.014844, 36.970168], [-122.015168, 36.970075], [-122.015627, 36.971118], [-122.015684, 36.971264], [-122.015685, 36.971311], [-122.015712, 36.971347], [-122.015728, 36.971416], [-122.015734, 36.971414], [-122.015881, 36.971606], [-122.015902, 36.971634], [-122.015972, 36.971724], [-122.015999, 36.97176], [-122.016063, 36.971843], [-122.01612, 36.971918], [-122.016156, 36.971965], [-122.016249, 36.972086], [-122.016268, 36.97211], [-122.016343, 36.972209], [-122.016419, 36.972301], [-122.016419, 36.972301], [-122.016558, 36.972489], [-122.016434, 36.972537], [-122.0163, 36.972587], [-122.016156, 36.972642], [-122.016012, 36.972696], [-122.015868, 36.972751], [-122.015735, 36.972801], [-122.015803, 36.972933], [-122.015836, 36.972998], [-122.015895, 36.972976], [-122.015929, 36.973042], [-122.015999, 36.973179], [-122.016062, 36.973304], [-122.016125, 36.97328], [-122.016178, 36.973406], [-122.016078, 36.973448], [-122.016079, 36.97345]]]}}, {"type": "Feature", "properties": {"id": 31606}, "geometry": {"type": "Polygon", "coordinates": [[[-122.052713, 36.975409], [-122.052782, 36.975347], [-122.052793, 36.975356], [-122.052864, 36.975304], [-122.052918, 36.975271], [-122.052981, 36.97524], [-122.053045, 36.975213], [-122.053113, 36.975185], [-122.053188, 36.975163], [-122.053268, 36.975152], [-122.053717, 36.975109], [-122.055636, 36.974926], [-122.057284, 36.974772], [-122.057293, 36.974771], [-122.057293, 36.97477], [-122.057477, 36.974752], [-122.058391, 36.974662], [-122.058391, 36.974669], [-122.058386, 36.974923], [-122.058372, 36.975688], [-122.058368, 36.975943], [-122.058364, 36.976117], [-122.058356, 36.976639], [-122.058354, 36.976814], [-122.058348, 36.977048], [-122.058347, 36.977082], [-122.058342, 36.977281], [-122.058332, 36.97772], [-122.058328, 36.977889], [-122.058323, 36.978159], [-122.05831, 36.97841], [-122.058294, 36.978625], [-122.058284, 36.978666], [-122.058269, 36.978702], [-122.058229, 36.978766], [-122.058123, 36.97895], [-122.058114, 36.978945], [-122.05786, 36.978772], [-122.05774, 36.978689], [-122.05606, 36.977535], [-122.055957, 36.977486], [-122.055852, 36.977442], [-122.055743, 36.977402], [-122.055632, 36.977369], [-122.055518, 36.97734], [-122.055403, 36.977317], [-122.055286, 36.977299], [-122.054592, 36.977264], [-122.053636, 36.977192], [-122.053634, 36.977167], [-122.053613, 36.976867], [-122.053578, 36.976732], [-122.053536, 36.976599], [-122.053485, 36.976468], [-122.053428, 36.976339], [-122.053363, 36.976212], [-122.05329, 36.976087], [-122.053211, 36.975966], [-122.053124, 36.975847], [-122.053031, 36.975732], [-122.052932, 36.97562], [-122.052826, 36.975512], [-122.052713, 36.975409]]]}}, {"type": "Feature", "properties": {"id": 31691}, "geometry": {"type": "Polygon", "coordinates": [[[-122.056466, 36.985777], [-122.056317, 36.985692], [-122.056135, 36.985603], [-122.056036, 36.985555], [-122.055953, 36.98551], [-122.055801, 36.985415], [-122.055542, 36.985242], [-122.055459, 36.985168], [-122.055366, 36.985051], [-122.055228, 36.984839], [-122.055019, 36.984541], [-122.054811, 36.984277], [-122.054696, 36.984167], [-122.054483, 36.984013], [-122.054224, 36.983853], [-122.054043, 36.983733], [-122.053804, 36.983553], [-122.053509, 36.98335], [-122.053329, 36.983193], [-122.053263, 36.983098], [-122.053222, 36.983018], [-122.053197, 36.982937], [-122.053147, 36.982663], [-122.053127, 36.982501], [-122.053094, 36.982308], [-122.053027, 36.982081], [-122.05301, 36.981972], [-122.053011, 36.981913], [-122.05302, 36.981856], [-122.053047, 36.981788], [-122.053085, 36.981722], [-122.053149, 36.981651], [-122.053149, 36.981651], [-122.053149, 36.981651], [-122.053198, 36.981562], [-122.053297, 36.981424], [-122.053385, 36.981319], [-122.053519, 36.981163], [-122.053606, 36.981044], [-122.053656, 36.98096], [-122.053681, 36.980909], [-122.053777, 36.980632], [-122.053951, 36.980245], [-122.053968, 36.980209], [-122.05409, 36.979861], [-122.05413, 36.979762], [-122.054191, 36.979585], [-122.054229, 36.979428], [-122.054251, 36.979262], [-122.054254, 36.979077], [-122.054235, 36.978897], [-122.054191, 36.978717], [-122.054137, 36.978541], [-122.054065, 36.978366], [-122.05387, 36.977922], [-122.053793, 36.977774], [-122.053754, 36.977684], [-122.053678, 36.97744], [-122.053631, 36.9772], [-122.053536, 36.977197], [-122.053536, 36.977185], [-122.053636, 36.977192], [-122.054592, 36.977264], [-122.055286, 36.977299], [-122.055403, 36.977317], [-122.055518, 36.97734], [-122.055632, 36.977369], [-122.055743, 36.977402], [-122.055852, 36.977442], [-122.055957, 36.977486], [-122.05606, 36.977535], [-122.05774, 36.978689], [-122.05786, 36.978772], [-122.058114, 36.978945], [-122.058306, 36.979075], [-122.058418, 36.979152], [-122.058526, 36.979233], [-122.058629, 36.979318], [-122.058726, 36.979407], [-122.058819, 36.9795], [-122.058905, 36.979596], [-122.058986, 36.979695], [-122.059058, 36.979801], [-122.059138, 36.979904], [-122.059224, 36.980004], [-122.059316, 36.9801], [-122.059414, 36.980191], [-122.059519, 36.980279], [-122.059628, 36.980362], [-122.059941, 36.980617], [-122.059942, 36.980618], [-122.059972, 36.980648], [-122.060267, 36.980879], [-122.060268, 36.981005], [-122.060322, 36.986623], [-122.060351, 36.99033], [-122.060367, 36.992521], [-122.060308, 36.992496], [-122.060244, 36.992399], [-122.060206, 36.992303], [-122.060202, 36.992233], [-122.060222, 36.992044], [-122.060215, 36.991995], [-122.060195, 36.991934], [-122.060173, 36.99189], [-122.060131, 36.991827], [-122.060011, 36.991705], [-122.059785, 36.99151], [-122.059729, 36.991447], [-122.059684, 36.991374], [-122.059632, 36.991262], [-122.059581, 36.99112], [-122.059562, 36.991036], [-122.059522, 36.990795], [-122.059461, 36.990609], [-122.059241, 36.990229], [-122.059145, 36.989991], [-122.059095, 36.989902], [-122.059052, 36.989847], [-122.058996, 36.989789], [-122.058785, 36.989598], [-122.058407, 36.989215], [-122.058179, 36.989007], [-122.057869, 36.988736], [-122.057788, 36.988675], [-122.057628, 36.98857], [-122.057557, 36.98851], [-122.057445, 36.98839], [-122.057213, 36.988067], [-122.057135, 36.987945], [-122.057076, 36.987801], [-122.057035, 36.987671], [-122.056999, 36.987486], [-122.056966, 36.987247], [-122.056891, 36.98662], [-122.056848, 36.986293], [-122.056825, 36.986203], [-122.056785, 36.98612], [-122.056744, 36.986049], [-122.056692, 36.985973], [-122.056622, 36.985898], [-122.056549, 36.985834], [-122.056466, 36.985777]]]}}, {"type": "Feature", "properties": {"id": 31612}, "geometry": {"type": "Polygon", "coordinates": [[[-122.042553, 36.96088], [-122.042331, 36.960759], [-122.042331, 36.960759], [-122.042317, 36.960765], [-122.042071, 36.960881], [-122.041642, 36.961379], [-122.041588, 36.961349], [-122.041428, 36.961261], [-122.041375, 36.961232], [-122.041324, 36.961204], [-122.041323, 36.961202], [-122.040971, 36.961008], [-122.03976, 36.960345], [-122.039399, 36.960147], [-122.039355, 36.960127], [-122.039227, 36.960249], [-122.039142, 36.960318], [-122.039049, 36.96038], [-122.03903, 36.96039], [-122.03895, 36.960436], [-122.038845, 36.960484], [-122.038735, 36.960525], [-122.038621, 36.960558], [-122.038448, 36.960592], [-122.038328, 36.960605], [-122.038208, 36.960609], [-122.038087, 36.960605], [-122.037967, 36.960593], [-122.037849, 36.960572], [-122.037815, 36.960563], [-122.037733, 36.960543], [-122.037621, 36.960506], [-122.037514, 36.960461], [-122.037426, 36.960417], [-122.037839, 36.959941], [-122.037902, 36.959971], [-122.03797, 36.959995], [-122.03804, 36.960013], [-122.038112, 36.960024], [-122.038186, 36.960029], [-122.038259, 36.960027], [-122.038332, 36.960019], [-122.038404, 36.960004], [-122.038473, 36.959983], [-122.038538, 36.959957], [-122.0386, 36.959924], [-122.038656, 36.959886], [-122.038707, 36.959843], [-122.038751, 36.959796], [-122.038789, 36.959746], [-122.038819, 36.959694], [-122.038842, 36.959639], [-122.038857, 36.959583], [-122.038864, 36.959525], [-122.038864, 36.959467], [-122.038856, 36.95941], [-122.038839, 36.959352], [-122.038815, 36.959296], [-122.038783, 36.959242], [-122.038744, 36.959192], [-122.038698, 36.959146], [-122.038645, 36.959104], [-122.038588, 36.959066], [-122.038525, 36.959035], [-122.038459, 36.959009], [-122.038389, 36.958989], [-122.038317, 36.958976], [-122.038243, 36.958969], [-122.03818, 36.958968], [-122.038117, 36.958973], [-122.037934, 36.957873], [-122.037902, 36.957685], [-122.037791, 36.957018], [-122.037711, 36.956524], [-122.03786, 36.956501], [-122.037879, 36.956504], [-122.038176, 36.956464], [-122.038244, 36.956455], [-122.038413, 36.956432], [-122.038427, 36.9565], [-122.038553, 36.956483], [-122.038596, 36.956478], [-122.038764, 36.956455], [-122.038933, 36.956432], [-122.039101, 36.95641], [-122.03927, 36.956387], [-122.039365, 36.956375], [-122.039439, 36.956365], [-122.039608, 36.956342], [-122.039794, 36.956317], [-122.039778, 36.95625], [-122.039989, 36.956221], [-122.040322, 36.956177], [-122.040502, 36.956153], [-122.040667, 36.956131], [-122.040831, 36.956109], [-122.041, 36.956086], [-122.041014, 36.956154], [-122.041183, 36.956131], [-122.041352, 36.956108], [-122.041521, 36.956086], [-122.041689, 36.956063], [-122.041858, 36.956041], [-122.042027, 36.956018], [-122.042196, 36.955995], [-122.042364, 36.955973], [-122.042533, 36.95595], [-122.042702, 36.955928], [-122.042803, 36.955914], [-122.042905, 36.955901], [-122.042976, 36.956239], [-122.042967, 36.956324], [-122.042847, 36.95634], [-122.04297, 36.957113], [-122.043092, 36.957879], [-122.043172, 36.95838], [-122.043213, 36.958638], [-122.043342, 36.959447], [-122.043477, 36.960302], [-122.043478, 36.960307], [-122.043539, 36.96069], [-122.043639, 36.961312], [-122.043647, 36.961358], [-122.043483, 36.961354], [-122.043387, 36.961333], [-122.043344, 36.961313], [-122.042553, 36.96088]]]}}, {"type": "Feature", "properties": {"id": 31661}, "geometry": {"type": "Polygon", "coordinates": [[[-122.042331, 36.960759], [-122.042553, 36.96088], [-122.043344, 36.961313], [-122.043387, 36.961333], [-122.043483, 36.961354], [-122.043647, 36.961358], [-122.04384, 36.96256], [-122.043265, 36.962265], [-122.041643, 36.961378], [-122.042071, 36.960881], [-122.042317, 36.960765], [-122.042331, 36.960759], [-122.042331, 36.960759]]]}}, {"type": "Feature", "properties": {"id": 51510}, "geometry": {"type": "Polygon", "coordinates": [[[-122.038416, 36.998147], [-122.038649, 36.997614], [-122.038679, 36.997534], [-122.038701, 36.997453], [-122.038715, 36.997371], [-122.038722, 36.997288], [-122.03872, 36.997205], [-122.038711, 36.997123], [-122.038693, 36.997041], [-122.038668, 36.996961], [-122.038635, 36.996882], [-122.038595, 36.996806], [-122.038548, 36.996732], [-122.038494, 36.996661], [-122.038433, 36.996594], [-122.038365, 36.996531], [-122.038292, 36.996473], [-122.038214, 36.996419], [-122.037951, 36.996245], [-122.037858, 36.996188], [-122.037727, 36.996107], [-122.037631, 36.996046], [-122.037538, 36.995982], [-122.037448, 36.995915], [-122.037375, 36.995846], [-122.037308, 36.995773], [-122.037247, 36.995697], [-122.037192, 36.995618], [-122.037144, 36.995536], [-122.037101, 36.995452], [-122.037066, 36.995366], [-122.036905, 36.994989], [-122.036867, 36.994898], [-122.036776, 36.994681], [-122.036734, 36.994591], [-122.036685, 36.994503], [-122.03663, 36.994417], [-122.036568, 36.994334], [-122.036477, 36.994224], [-122.03638, 36.994117], [-122.036277, 36.994014], [-122.036178, 36.993918], [-122.036074, 36.993825], [-122.03599, 36.993757], [-122.035965, 36.993737], [-122.03585, 36.993652], [-122.035732, 36.993572], [-122.035608, 36.993497], [-122.035502, 36.993431], [-122.0354, 36.993361], [-122.035303, 36.993287], [-122.03521, 36.99321], [-122.035123, 36.993128], [-122.035043, 36.993047], [-122.034968, 36.992963], [-122.034897, 36.992876], [-122.034831, 36.992787], [-122.034771, 36.992696], [-122.034709, 36.992593], [-122.034652, 36.992489], [-122.0346, 36.992383], [-122.034554, 36.992275], [-122.03446, 36.992044], [-122.034431, 36.991973], [-122.034314, 36.99167], [-122.034313, 36.991668], [-122.034309, 36.991658], [-122.034295, 36.991622], [-122.033525, 36.989635], [-122.033525, 36.989633], [-122.033522, 36.989635], [-122.033425, 36.989685], [-122.033403, 36.989628], [-122.033257, 36.989247], [-122.033165, 36.989008], [-122.032927, 36.988388], [-122.032818, 36.988107], [-122.0328, 36.988058], [-122.032673, 36.987727], [-122.032578, 36.987488], [-122.032294, 36.986773], [-122.0322, 36.986535], [-122.032236, 36.986532], [-122.032346, 36.986524], [-122.032383, 36.986522], [-122.032368, 36.986377], [-122.032323, 36.985945], [-122.032309, 36.985801], [-122.032294, 36.985665], [-122.032251, 36.985257], [-122.032249, 36.985238], [-122.032252, 36.985121], [-122.032135, 36.985128], [-122.031785, 36.985152], [-122.031669, 36.98516], [-122.031547, 36.98485], [-122.031183, 36.98392], [-122.031108, 36.983729], [-122.031232, 36.983607], [-122.031166, 36.983522], [-122.031204, 36.983489], [-122.03121, 36.983484], [-122.03121, 36.983484], [-122.031216, 36.983478], [-122.031296, 36.9834], [-122.031296, 36.9834], [-122.031397, 36.983303], [-122.031408, 36.983292], [-122.031484, 36.983219], [-122.031495, 36.983207], [-122.031514, 36.983188], [-122.031515, 36.983186], [-122.031554, 36.983146], [-122.031595, 36.983105], [-122.031595, 36.983105], [-122.031602, 36.983097], [-122.031618, 36.98308], [-122.031638, 36.983056], [-122.031639, 36.983055], [-122.03169, 36.982998], [-122.031691, 36.982997], [-122.0317, 36.982987], [-122.0317, 36.982987], [-122.0317, 36.982987], [-122.031727, 36.982954], [-122.031727, 36.982953], [-122.031796, 36.982868], [-122.031798, 36.982865], [-122.031861, 36.982779], [-122.03188, 36.982752], [-122.031889, 36.98274], [-122.03189, 36.982738], [-122.03189, 36.982738], [-122.031905, 36.982715], [-122.031971, 36.982614], [-122.031973, 36.982611], [-122.032019, 36.982532], [-122.032035, 36.982505], [-122.03205, 36.98248], [-122.032118, 36.982347], [-122.032118, 36.982346], [-122.032118, 36.982346], [-122.032149, 36.982278], [-122.032165, 36.982243], [-122.03218, 36.98221], [-122.03218, 36.982208], [-122.03218, 36.982208], [-122.032189, 36.982187], [-122.032229, 36.982081], [-122.032233, 36.982071], [-122.032254, 36.982006], [-122.032261, 36.981984], [-122.032278, 36.981931], [-122.03228, 36.981925], [-122.032281, 36.981921], [-122.032313, 36.9818], [-122.032316, 36.98179], [-122.032316, 36.981789], [-122.03233, 36.981718], [-122.03233, 36.981718], [-122.032344, 36.981649], [-122.032345, 36.981646], [-122.032352, 36.981603], [-122.032366, 36.981502], [-122.032372, 36.981434], [-122.032374, 36.981411], [-122.032379, 36.981357], [-122.032383, 36.98123], [-122.032381, 36.981103], [-122.03238, 36.981096], [-122.03238, 36.981092], [-122.032371, 36.980977], [-122.032355, 36.98085], [-122.032352, 36.980829], [-122.032347, 36.980804], [-122.032339, 36.98076], [-122.032333, 36.980725], [-122.032304, 36.9806], [-122.032255, 36.980423], [-122.032202, 36.980251], [-122.032201, 36.980247], [-122.032156, 36.980118], [-122.032141, 36.980072], [-122.03213, 36.980021], [-122.032543, 36.97982], [-122.032781, 36.979705], [-122.032861, 36.979726], [-122.033002, 36.979762], [-122.033463, 36.979836], [-122.033476, 36.979838], [-122.033867, 36.979901], [-122.033908, 36.979909], [-122.034296, 36.979995], [-122.034239, 36.980069], [-122.034359, 36.980098], [-122.034766, 36.980195], [-122.035208, 36.980301], [-122.035492, 36.980217], [-122.03618, 36.980014], [-122.036202, 36.980008], [-122.036224, 36.980002], [-122.036532, 36.979911], [-122.036555, 36.980418], [-122.036979, 36.980623], [-122.037003, 36.980634], [-122.037026, 36.980645], [-122.036901, 36.980976], [-122.036573, 36.981098], [-122.036443, 36.981192], [-122.036702, 36.981341], [-122.036887, 36.981448], [-122.036916, 36.981441], [-122.037263, 36.981354], [-122.037706, 36.981242], [-122.0378, 36.981219], [-122.038036, 36.981856], [-122.038086, 36.981988], [-122.038154, 36.982173], [-122.038527, 36.982206], [-122.038717, 36.982245], [-122.038956, 36.982322], [-122.039054, 36.98236], [-122.039303, 36.982525], [-122.039589, 36.982677], [-122.039875, 36.982872], [-122.039928, 36.982909], [-122.039776, 36.983047], [-122.040116, 36.98328], [-122.040409, 36.983481], [-122.040663, 36.983654], [-122.040689, 36.983673], [-122.040703, 36.983682], [-122.041016, 36.983896], [-122.041807, 36.984363], [-122.042089, 36.984602], [-122.042282, 36.984782], [-122.042674, 36.985103], [-122.042687, 36.985114], [-122.043295, 36.98493], [-122.043929, 36.984915], [-122.044288, 36.984904], [-122.044304, 36.984904], [-122.044616, 36.984894], [-122.044959, 36.984883], [-122.045291, 36.984951], [-122.045623, 36.985018], [-122.045722, 36.985038], [-122.045854, 36.985169], [-122.046159, 36.985365], [-122.04718, 36.984513], [-122.047299, 36.984414], [-122.047547, 36.984205], [-122.047767, 36.984019], [-122.047771, 36.984016], [-122.048087, 36.983749], [-122.048899, 36.983064], [-122.048816, 36.982428], [-122.049915, 36.982413], [-122.050277, 36.982492], [-122.04918, 36.983059], [-122.048647, 36.983738], [-122.048567, 36.983839], [-122.048538, 36.98391], [-122.04838, 36.984291], [-122.048224, 36.984666], [-122.048073, 36.984888], [-122.047968, 36.985003], [-122.048766, 36.988911], [-122.048791, 36.989036], [-122.050259, 36.995975], [-122.050403, 36.996652], [-122.050473, 36.996958], [-122.05054, 36.997251], [-122.050605, 36.997573], [-122.050709, 36.998082], [-122.050784, 36.998454], [-122.050808, 36.998573], [-122.05107, 36.999867], [-122.051119, 37.000108], [-122.051203, 37.000878], [-122.051269, 37.001482], [-122.051302, 37.001639], [-122.051444, 37.002313], [-122.05292, 37.009308], [-122.050197, 37.010637], [-122.049963, 37.010751], [-122.04979, 37.010836], [-122.049789, 37.010794], [-122.049786, 37.010674], [-122.04978, 37.010345], [-122.049735, 37.010297], [-122.049735, 37.010297], [-122.049671, 37.010228], [-122.049671, 37.010228], [-122.049626, 37.01018], [-122.049578, 37.01013], [-122.049578, 37.01013], [-122.049392, 37.009931], [-122.049392, 37.009931], [-122.049383, 37.009921], [-122.04937, 37.009908], [-122.04937, 37.009908], [-122.049349, 37.009885], [-122.049349, 37.009885], [-122.049298, 37.009831], [-122.049298, 37.009831], [-122.049269, 37.0098], [-122.049162, 37.009685], [-122.049162, 37.009685], [-122.048625, 37.009112], [-122.048625, 37.009112], [-122.048087, 37.008538], [-122.048087, 37.008538], [-122.047955, 37.008397], [-122.04783, 37.008264], [-122.04783, 37.008264], [-122.047656, 37.008078], [-122.047627, 37.008048], [-122.047627, 37.008048], [-122.047537, 37.007951], [-122.047503, 37.007915], [-122.047503, 37.007915], [-122.047347, 37.007749], [-122.047325, 37.007725], [-122.047325, 37.007725], [-122.047307, 37.007706], [-122.047307, 37.007706], [-122.047073, 37.007456], [-122.045865, 37.006998], [-122.045909, 37.005973], [-122.044342, 37.006229], [-122.043592, 37.006052], [-122.043581, 37.006049], [-122.04358, 37.006037], [-122.043544, 37.005524], [-122.042956, 37.004652], [-122.042956, 37.004652], [-122.042193, 37.003314], [-122.042193, 37.003314], [-122.041522, 37.002537], [-122.041522, 37.002537], [-122.040694, 37.001058], [-122.040694, 37.001058], [-122.039647, 36.999513], [-122.039379, 36.999216], [-122.038753, 36.99852], [-122.038711, 36.998474], [-122.038599, 36.99835], [-122.038453, 36.998188], [-122.038416, 36.998147]]]}}, {"type": "Feature", "properties": {"id": 31403}, "geometry": {"type": "Polygon", "coordinates": [[[-122.027481, 36.969873], [-122.027481, 36.969873], [-122.027481, 36.969873], [-122.028099, 36.972262], [-122.028088, 36.972264], [-122.028076, 36.972267], [-122.027657, 36.972351], [-122.027034, 36.972475], [-122.027034, 36.972475], [-122.027028, 36.972373], [-122.027016, 36.97226], [-122.026992, 36.972018], [-122.026893, 36.971627], [-122.026841, 36.971419], [-122.026808, 36.97129], [-122.026711, 36.970903], [-122.026679, 36.970775], [-122.02664, 36.970621], [-122.026524, 36.970161], [-122.026486, 36.970008], [-122.026685, 36.969981], [-122.027281, 36.9699], [-122.027481, 36.969873]]]}}, {"type": "Feature", "properties": {"id": 51500}, "geometry": {"type": "Polygon", "coordinates": [[[-122.031788, 36.991484], [-122.031788, 36.991484], [-122.031841, 36.991186], [-122.03187, 36.991022], [-122.03185, 36.990835], [-122.031794, 36.990748], [-122.031682, 36.990686], [-122.031656, 36.990657], [-122.031481, 36.990464], [-122.031168, 36.99068], [-122.031066, 36.990643], [-122.030992, 36.990598], [-122.030923, 36.990549], [-122.03086, 36.990494], [-122.030803, 36.990435], [-122.030773, 36.990398], [-122.030749, 36.990358], [-122.030731, 36.990316], [-122.030719, 36.990272], [-122.030707, 36.990259], [-122.030591, 36.990093], [-122.030497, 36.989978], [-122.03012, 36.98968], [-122.030167, 36.989648], [-122.030096, 36.989581], [-122.03008, 36.989565], [-122.030034, 36.989514], [-122.029994, 36.98946], [-122.029961, 36.989404], [-122.029934, 36.989345], [-122.029913, 36.98929], [-122.029842, 36.989308], [-122.029827, 36.98927], [-122.029815, 36.989242], [-122.029681, 36.988913], [-122.029594, 36.9887], [-122.02948, 36.988421], [-122.029352, 36.988183], [-122.029346, 36.988172], [-122.029336, 36.988147], [-122.029306, 36.988072], [-122.02917, 36.987733], [-122.029068, 36.987728], [-122.029043, 36.987676], [-122.029074, 36.987612], [-122.029112, 36.987595], [-122.029011, 36.987381], [-122.029011, 36.987381], [-122.028839, 36.987045], [-122.028666, 36.986649], [-122.028613, 36.986509], [-122.028595, 36.986442], [-122.028585, 36.986406], [-122.028553, 36.986292], [-122.028467, 36.985979], [-122.028415, 36.985791], [-122.028253, 36.985285], [-122.028247, 36.985269], [-122.027963, 36.985285], [-122.027714, 36.985298], [-122.02721, 36.985142], [-122.027748, 36.985001], [-122.027903, 36.984961], [-122.028058, 36.984921], [-122.028584, 36.984786], [-122.029088, 36.984656], [-122.029288, 36.98459], [-122.029291, 36.984589], [-122.029292, 36.984589], [-122.029485, 36.984519], [-122.029678, 36.984441], [-122.029684, 36.984439], [-122.029715, 36.984425], [-122.029764, 36.984408], [-122.029777, 36.984403], [-122.029859, 36.984362], [-122.029859, 36.984362], [-122.029867, 36.984358], [-122.029924, 36.98433], [-122.029926, 36.98433], [-122.029927, 36.984329], [-122.030052, 36.984268], [-122.030093, 36.984247], [-122.030094, 36.984246], [-122.030233, 36.984173], [-122.030396, 36.984079], [-122.030408, 36.984072], [-122.030481, 36.984027], [-122.030562, 36.983976], [-122.030579, 36.983966], [-122.030614, 36.983942], [-122.030615, 36.983941], [-122.030662, 36.98391], [-122.030662, 36.983909], [-122.030712, 36.983875], [-122.030713, 36.983875], [-122.030714, 36.983874], [-122.030744, 36.983854], [-122.030745, 36.983854], [-122.030745, 36.983853], [-122.030746, 36.983853], [-122.030847, 36.983779], [-122.030863, 36.983767], [-122.030865, 36.983765], [-122.030903, 36.983737], [-122.030905, 36.983736], [-122.030905, 36.983736], [-122.031036, 36.983632], [-122.031036, 36.983632], [-122.031056, 36.983616], [-122.031056, 36.983616], [-122.031057, 36.983615], [-122.031139, 36.983545], [-122.031139, 36.983545], [-122.031166, 36.983522], [-122.031232, 36.983607], [-122.031108, 36.983729], [-122.031183, 36.98392], [-122.031547, 36.98485], [-122.031669, 36.98516], [-122.031785, 36.985152], [-122.032135, 36.985128], [-122.032252, 36.985121], [-122.032249, 36.985238], [-122.032251, 36.985257], [-122.032294, 36.985665], [-122.032309, 36.985801], [-122.032323, 36.985945], [-122.032368, 36.986377], [-122.032383, 36.986522], [-122.032346, 36.986524], [-122.032236, 36.986532], [-122.0322, 36.986535], [-122.032294, 36.986773], [-122.032578, 36.987488], [-122.032673, 36.987727], [-122.0328, 36.988058], [-122.032818, 36.988107], [-122.032927, 36.988388], [-122.033165, 36.989008], [-122.033257, 36.989247], [-122.033403, 36.989628], [-122.033425, 36.989685], [-122.033522, 36.989635], [-122.033525, 36.989633], [-122.033525, 36.989635], [-122.034295, 36.991622], [-122.034309, 36.991658], [-122.034313, 36.991668], [-122.034314, 36.99167], [-122.034431, 36.991973], [-122.03446, 36.992044], [-122.034554, 36.992275], [-122.0346, 36.992383], [-122.034652, 36.992489], [-122.034709, 36.992593], [-122.034771, 36.992696], [-122.034831, 36.992787], [-122.034897, 36.992876], [-122.034968, 36.992963], [-122.035043, 36.993047], [-122.035123, 36.993128], [-122.03521, 36.99321], [-122.035303, 36.993287], [-122.0354, 36.993361], [-122.035502, 36.993431], [-122.035608, 36.993497], [-122.035732, 36.993572], [-122.03585, 36.993652], [-122.035965, 36.993737], [-122.03599, 36.993757], [-122.036074, 36.993825], [-122.036178, 36.993918], [-122.036277, 36.994014], [-122.03638, 36.994117], [-122.036477, 36.994224], [-122.036568, 36.994334], [-122.03663, 36.994417], [-122.036685, 36.994503], [-122.036734, 36.994591], [-122.036776, 36.994681], [-122.036867, 36.994898], [-122.036905, 36.994989], [-122.037066, 36.995366], [-122.037101, 36.995452], [-122.037144, 36.995536], [-122.037192, 36.995618], [-122.037247, 36.995697], [-122.037308, 36.995773], [-122.037375, 36.995846], [-122.037448, 36.995915], [-122.037538, 36.995982], [-122.037631, 36.996046], [-122.037727, 36.996107], [-122.037858, 36.996188], [-122.037951, 36.996245], [-122.038214, 36.996419], [-122.038292, 36.996473], [-122.038365, 36.996531], [-122.038433, 36.996594], [-122.038494, 36.996661], [-122.038548, 36.996732], [-122.038595, 36.996806], [-122.038635, 36.996882], [-122.038668, 36.996961], [-122.038693, 36.997041], [-122.038711, 36.997123], [-122.03872, 36.997205], [-122.038722, 36.997288], [-122.038715, 36.997371], [-122.038701, 36.997453], [-122.038679, 36.997534], [-122.038649, 36.997614], [-122.038416, 36.998147], [-122.038416, 36.998147], [-122.038394, 36.998122], [-122.038382, 36.998109], [-122.038353, 36.998077], [-122.038322, 36.998042], [-122.038288, 36.998005], [-122.038196, 36.997902], [-122.037585, 36.998074], [-122.037195, 36.998169], [-122.037146, 36.998181], [-122.037028, 36.998173], [-122.036989, 36.99817], [-122.036585, 36.99814], [-122.036849, 36.996902], [-122.036849, 36.996902], [-122.03647, 36.996338], [-122.03623, 36.996357], [-122.035385, 36.996424], [-122.03537, 36.996414], [-122.03478, 36.996006], [-122.034354, 36.995713], [-122.034016, 36.99548], [-122.033727, 36.995281], [-122.033424, 36.995072], [-122.033308, 36.99474], [-122.033308, 36.99474], [-122.03329, 36.994689], [-122.03329, 36.994689], [-122.033156, 36.994305], [-122.033156, 36.994305], [-122.032963, 36.993452], [-122.03289, 36.99254], [-122.032863, 36.992208], [-122.032841, 36.991938], [-122.03284, 36.991918], [-122.032685, 36.991854], [-122.032194, 36.991652], [-122.032189, 36.99165], [-122.032027, 36.991583], [-122.032021, 36.99158], [-122.031849, 36.99151], [-122.031843, 36.991507], [-122.031801, 36.99149], [-122.031794, 36.991487], [-122.031788, 36.991484]]]}}, {"type": "Feature", "properties": {"id": 51501}, "geometry": {"type": "Polygon", "coordinates": [[[-122.027205, 36.991035], [-122.027109, 36.991096], [-122.026485, 36.991187], [-122.026373, 36.991204], [-122.026502, 36.991355], [-122.026155, 36.991364], [-122.025495, 36.991354], [-122.024445, 36.991451], [-122.024401, 36.991168], [-122.02337, 36.991269], [-122.022918, 36.991314], [-122.022611, 36.991316], [-122.022402, 36.991318], [-122.022251, 36.99132], [-122.020618, 36.99133], [-122.021041, 36.990815], [-122.021714, 36.989862], [-122.021819, 36.989708], [-122.022249, 36.989074], [-122.022506, 36.98872], [-122.022809, 36.988329], [-122.023009, 36.988053], [-122.023099, 36.987902], [-122.023182, 36.987747], [-122.023257, 36.98759], [-122.023324, 36.987431], [-122.023383, 36.98727], [-122.023434, 36.987107], [-122.023478, 36.986943], [-122.023513, 36.986777], [-122.023539, 36.986611], [-122.023558, 36.986443], [-122.023568, 36.986276], [-122.023674, 36.986204], [-122.023784, 36.986137], [-122.0239, 36.986075], [-122.024083, 36.986002], [-122.024267, 36.98593], [-122.024371, 36.985892], [-122.024466, 36.985861], [-122.024471, 36.985866], [-122.024779, 36.986162], [-122.025039, 36.986429], [-122.025281, 36.986678], [-122.025513, 36.986943], [-122.025674, 36.987127], [-122.025915, 36.987401], [-122.026143, 36.987693], [-122.026295, 36.987887], [-122.026443, 36.988085], [-122.026796, 36.988556], [-122.026831, 36.988609], [-122.026875, 36.988689], [-122.026884, 36.988704], [-122.026901, 36.98876], [-122.026924, 36.988875], [-122.026924, 36.98893], [-122.026914, 36.988989], [-122.026909, 36.989006], [-122.026865, 36.989191], [-122.026851, 36.98923], [-122.026846, 36.989248], [-122.026826, 36.989304], [-122.026761, 36.989495], [-122.026728, 36.989632], [-122.026721, 36.989665], [-122.026702, 36.989796], [-122.026695, 36.989935], [-122.026701, 36.990073], [-122.026724, 36.990222], [-122.026763, 36.990368], [-122.026818, 36.990511], [-122.026877, 36.990627], [-122.026889, 36.990649], [-122.026974, 36.990783], [-122.027073, 36.990909], [-122.027136, 36.99097], [-122.027162, 36.990995], [-122.027205, 36.991035]]]}}, {"type": "Feature", "properties": {"id": 31390}, "geometry": {"type": "Polygon", "coordinates": [[[-122.047155, 36.965107], [-122.047977, 36.964203], [-122.048265, 36.963926], [-122.048542, 36.963657], [-122.048691, 36.963534], [-122.049104, 36.963377], [-122.049431, 36.963213], [-122.049787, 36.963065], [-122.050447, 36.962995], [-122.050795, 36.96296], [-122.051429, 36.962975], [-122.051939, 36.962968], [-122.052088, 36.962898], [-122.052142, 36.96273], [-122.051935, 36.961399], [-122.052361, 36.961338], [-122.052299, 36.961428], [-122.052476, 36.962546], [-122.052494, 36.962655], [-122.052528, 36.96287], [-122.052613, 36.962861], [-122.052895, 36.963449], [-122.053025, 36.963481], [-122.052934, 36.96378], [-122.053218, 36.963933], [-122.053326, 36.964061], [-122.053478, 36.964242], [-122.053629, 36.964422], [-122.053631, 36.964457], [-122.05365, 36.964788], [-122.053651, 36.964806], [-122.053658, 36.964927], [-122.053675, 36.965232], [-122.053648, 36.965341], [-122.053537, 36.965781], [-122.053523, 36.965837], [-122.05351, 36.965886], [-122.053503, 36.965913], [-122.053328, 36.966002], [-122.053015, 36.966161], [-122.052902, 36.966218], [-122.052898, 36.96622], [-122.052597, 36.966373], [-122.052399, 36.966473], [-122.052201, 36.966574], [-122.05197, 36.966691], [-122.051865, 36.966689], [-122.051458, 36.966683], [-122.05102, 36.966677], [-122.051019, 36.966676], [-122.050743, 36.966572], [-122.050635, 36.966532], [-122.050528, 36.966491], [-122.05021, 36.966372], [-122.050102, 36.966331], [-122.050086, 36.966106], [-122.05004, 36.966146], [-122.050062, 36.966219], [-122.050132, 36.966445], [-122.050215, 36.966714], [-122.050322, 36.967062], [-122.050339, 36.967116], [-122.050405, 36.967329], [-122.050418, 36.967372], [-122.050485, 36.967589], [-122.050599, 36.967958], [-122.050506, 36.967967], [-122.050407, 36.967977], [-122.050408, 36.967976], [-122.048984, 36.967081], [-122.048743, 36.966891], [-122.048694, 36.966849], [-122.04865, 36.966803], [-122.048612, 36.966755], [-122.04824, 36.966241], [-122.04824, 36.965986], [-122.048234, 36.96594], [-122.048221, 36.965895], [-122.048201, 36.965852], [-122.048173, 36.965811], [-122.048139, 36.965774], [-122.048099, 36.965741], [-122.047155, 36.965107]]]}}, {"type": "Feature", "properties": {"id": 31391}, "geometry": {"type": "Polygon", "coordinates": [[[-122.052361, 36.961338], [-122.051935, 36.961399], [-122.052142, 36.96273], [-122.052088, 36.962898], [-122.051939, 36.962968], [-122.051429, 36.962975], [-122.050795, 36.96296], [-122.050447, 36.962995], [-122.049787, 36.963065], [-122.049431, 36.963213], [-122.049104, 36.963377], [-122.048691, 36.963534], [-122.048542, 36.963657], [-122.048265, 36.963926], [-122.047977, 36.964203], [-122.047155, 36.965107], [-122.046322, 36.964557], [-122.046237, 36.964501], [-122.044923, 36.962145], [-122.0465, 36.961592], [-122.047131, 36.961362], [-122.04816, 36.961], [-122.049368, 36.960564], [-122.049395, 36.960554], [-122.049558, 36.960512], [-122.049724, 36.960477], [-122.049891, 36.960449], [-122.05006, 36.960427], [-122.05023, 36.960412], [-122.050401, 36.960403], [-122.050573, 36.960401], [-122.050744, 36.960406], [-122.050914, 36.960418], [-122.052287, 36.960527], [-122.052307, 36.960673], [-122.052404, 36.961274], [-122.052361, 36.961338]]]}}, {"type": "Feature", "properties": {"id": 31620}, "geometry": {"type": "Polygon", "coordinates": [[[-122.042586, 36.954385], [-122.042553, 36.954223], [-122.042724, 36.9542], [-122.042893, 36.954177], [-122.043066, 36.954154], [-122.043234, 36.954131], [-122.043403, 36.954108], [-122.043572, 36.954086], [-122.043741, 36.954063], [-122.043909, 36.95404], [-122.044078, 36.954018], [-122.044247, 36.953995], [-122.044416, 36.953972], [-122.044584, 36.953949], [-122.044714, 36.953932], [-122.04462, 36.953522], [-122.044581, 36.953224], [-122.0446, 36.952958], [-122.044652, 36.952685], [-122.044706, 36.952485], [-122.044683, 36.952167], [-122.04456, 36.951797], [-122.044392, 36.950896], [-122.044316, 36.950781], [-122.044298, 36.950666], [-122.044292, 36.950626], [-122.044244, 36.950597], [-122.044257, 36.950522], [-122.044258, 36.950416], [-122.044278, 36.950403], [-122.044301, 36.950393], [-122.044325, 36.950386], [-122.04435, 36.950381], [-122.044375, 36.950379], [-122.044378, 36.95037], [-122.044381, 36.950361], [-122.044384, 36.950354], [-122.044387, 36.950348], [-122.04439, 36.950342], [-122.044392, 36.950338], [-122.044394, 36.950334], [-122.044397, 36.950331], [-122.044399, 36.950328], [-122.044402, 36.950326], [-122.044404, 36.950324], [-122.044407, 36.950322], [-122.044411, 36.95032], [-122.044414, 36.950319], [-122.044418, 36.950318], [-122.044423, 36.950317], [-122.044428, 36.950317], [-122.044433, 36.950316], [-122.04444, 36.950316], [-122.044447, 36.950317], [-122.044455, 36.950317], [-122.044463, 36.950318], [-122.044472, 36.950319], [-122.044481, 36.95032], [-122.044491, 36.950322], [-122.044501, 36.950324], [-122.044511, 36.950326], [-122.044521, 36.950328], [-122.044532, 36.950331], [-122.044542, 36.950334], [-122.044553, 36.950336], [-122.044563, 36.950339], [-122.044573, 36.950342], [-122.044582, 36.950344], [-122.044591, 36.950346], [-122.0446, 36.950348], [-122.044608, 36.950349], [-122.044616, 36.95035], [-122.044624, 36.950352], [-122.044628, 36.950352], [-122.044632, 36.950353], [-122.04464, 36.950355], [-122.044649, 36.950356], [-122.044657, 36.950358], [-122.044666, 36.95036], [-122.044675, 36.950362], [-122.044684, 36.950364], [-122.044693, 36.950366], [-122.044696, 36.950366], [-122.044702, 36.950367], [-122.044711, 36.950369], [-122.04472, 36.95037], [-122.044729, 36.950371], [-122.044735, 36.950372], [-122.044737, 36.950372], [-122.044739, 36.950372], [-122.044745, 36.950373], [-122.044753, 36.950373], [-122.04476, 36.950373], [-122.044767, 36.950373], [-122.044773, 36.950373], [-122.044779, 36.950372], [-122.044785, 36.950372], [-122.044789, 36.950372], [-122.044794, 36.950371], [-122.044798, 36.95037], [-122.044802, 36.95037], [-122.044806, 36.950369], [-122.04481, 36.950368], [-122.044814, 36.950367], [-122.044818, 36.950365], [-122.044822, 36.950364], [-122.044826, 36.950362], [-122.044831, 36.950361], [-122.044835, 36.950359], [-122.044839, 36.950356], [-122.044843, 36.950354], [-122.044847, 36.950351], [-122.044851, 36.950347], [-122.044854, 36.950344], [-122.044858, 36.95034], [-122.044861, 36.950336], [-122.044864, 36.950332], [-122.044867, 36.950328], [-122.04487, 36.950325], [-122.044873, 36.950322], [-122.044876, 36.950319], [-122.04488, 36.950317], [-122.044885, 36.950315], [-122.044916, 36.950261], [-122.044933, 36.950249], [-122.044945, 36.95024], [-122.044971, 36.950238], [-122.044993, 36.950251], [-122.04502, 36.950263], [-122.04505, 36.950272], [-122.045059, 36.950274], [-122.04507, 36.950276], [-122.045081, 36.950277], [-122.045082, 36.950277], [-122.045102, 36.950268], [-122.045111, 36.950263], [-122.045141, 36.950249], [-122.045152, 36.95025], [-122.04516, 36.95025], [-122.045181, 36.950252], [-122.04519, 36.950258], [-122.045219, 36.950237], [-122.045243, 36.950212], [-122.045264, 36.950184], [-122.045279, 36.950154], [-122.045303, 36.94994], [-122.045306, 36.949932], [-122.045312, 36.949923], [-122.045319, 36.949916], [-122.045327, 36.949909], [-122.045337, 36.949904], [-122.045347, 36.9499], [-122.045359, 36.949898], [-122.04537, 36.949897], [-122.045377, 36.949896], [-122.045384, 36.949896], [-122.04539, 36.949897], [-122.045396, 36.949899], [-122.045402, 36.949902], [-122.045407, 36.949905], [-122.045411, 36.949909], [-122.045414, 36.949914], [-122.045443, 36.950081], [-122.04545, 36.95007], [-122.045471, 36.950058], [-122.045532, 36.950068], [-122.045574, 36.950059], [-122.04562, 36.950064], [-122.045667, 36.950081], [-122.045683, 36.950084], [-122.045713, 36.950088], [-122.045749, 36.950076], [-122.045852, 36.950083], [-122.045852, 36.95006], [-122.045847, 36.950037], [-122.045839, 36.950017], [-122.045827, 36.949999], [-122.045813, 36.949982], [-122.045818, 36.94997], [-122.045833, 36.949961], [-122.04585, 36.949953], [-122.045868, 36.949947], [-122.045886, 36.949944], [-122.045905, 36.949943], [-122.045958, 36.949897], [-122.046064, 36.949861], [-122.046166, 36.949819], [-122.046265, 36.949771], [-122.04636, 36.949719], [-122.04639, 36.949681], [-122.046426, 36.949647], [-122.046467, 36.949617], [-122.046479, 36.949569], [-122.046442, 36.949465], [-122.046443, 36.949459], [-122.046446, 36.949454], [-122.046451, 36.949449], [-122.046456, 36.949445], [-122.046462, 36.949442], [-122.046468, 36.94944], [-122.046475, 36.949438], [-122.046504, 36.949441], [-122.046555, 36.949481], [-122.046627, 36.949485], [-122.046725, 36.949528], [-122.046885, 36.949461], [-122.046929, 36.949473], [-122.046994, 36.949562], [-122.047036, 36.949601], [-122.04722, 36.94964], [-122.047251, 36.949708], [-122.047273, 36.949757], [-122.047309, 36.949792], [-122.047339, 36.949832], [-122.047361, 36.949875], [-122.047387, 36.949879], [-122.047414, 36.949876], [-122.047445, 36.949868], [-122.047516, 36.949866], [-122.047516, 36.949867], [-122.047582, 36.949861], [-122.047616, 36.949843], [-122.047623, 36.94984], [-122.047867, 36.949756], [-122.048177, 36.949706], [-122.048394, 36.94962], [-122.048462, 36.949582], [-122.048541, 36.94948], [-122.04855, 36.949432], [-122.048569, 36.949386], [-122.048595, 36.949343], [-122.048629, 36.949303], [-122.048743, 36.949265], [-122.048829, 36.949264], [-122.048842, 36.949263], [-122.049015, 36.950337], [-122.04921, 36.951538], [-122.04922, 36.951609], [-122.049266, 36.951895], [-122.049288, 36.952031], [-122.04931, 36.952168], [-122.049332, 36.952304], [-122.049354, 36.95244], [-122.049682, 36.954075], [-122.049829, 36.954809], [-122.049866, 36.955038], [-122.049888, 36.955178], [-122.049911, 36.955319], [-122.049925, 36.955402], [-122.04994, 36.955498], [-122.048483, 36.95565], [-122.04736, 36.955766], [-122.046303, 36.955876], [-122.045709, 36.955938], [-122.045205, 36.95599], [-122.045134, 36.956033], [-122.042967, 36.956324], [-122.042976, 36.956239], [-122.042905, 36.955901], [-122.042833, 36.955562], [-122.042799, 36.955399], [-122.042771, 36.955264], [-122.042742, 36.955129], [-122.042728, 36.955061], [-122.042714, 36.954993], [-122.042685, 36.954858], [-122.042657, 36.954722], [-122.042646, 36.954671], [-122.042623, 36.95456], [-122.042586, 36.954385]]]}}, {"type": "Feature", "properties": {"id": 31302}, "geometry": {"type": "Polygon", "coordinates": [[[-122.033333, 36.968432], [-122.033334, 36.968355], [-122.033326, 36.968266], [-122.033318, 36.968191], [-122.033315, 36.968158], [-122.033302, 36.968026], [-122.033291, 36.967917], [-122.03328, 36.967807], [-122.03327, 36.967714], [-122.033263, 36.967639], [-122.033258, 36.967592], [-122.033247, 36.967479], [-122.033231, 36.967319], [-122.033224, 36.967254], [-122.033211, 36.967125], [-122.033207, 36.967077], [-122.03305, 36.967054], [-122.032756, 36.967013], [-122.032705, 36.967006], [-122.032357, 36.966957], [-122.032351, 36.9669], [-122.03227, 36.966106], [-122.032108, 36.966111], [-122.032103, 36.966112], [-122.032111, 36.966216], [-122.032113, 36.966246], [-122.031744, 36.966334], [-122.031449, 36.966404], [-122.031414, 36.966412], [-122.03139, 36.966418], [-122.031272, 36.966303], [-122.031173, 36.966209], [-122.031151, 36.966188], [-122.031131, 36.966134], [-122.031108, 36.966071], [-122.031078, 36.965991], [-122.031078, 36.965991], [-122.030927, 36.966027], [-122.03066, 36.96609], [-122.030643, 36.966094], [-122.03064, 36.966095], [-122.030523, 36.965765], [-122.030364, 36.965816], [-122.03046, 36.966079], [-122.0303, 36.96613], [-122.03014, 36.966181], [-122.02998, 36.966231], [-122.02982, 36.966282], [-122.029661, 36.966332], [-122.029498, 36.966384], [-122.029335, 36.966435], [-122.029173, 36.966487], [-122.029114, 36.966505], [-122.02901, 36.966538], [-122.028847, 36.96659], [-122.028817, 36.966599], [-122.028685, 36.966641], [-122.028495, 36.966697], [-122.027468, 36.964258], [-122.027278, 36.964335], [-122.027166, 36.964205], [-122.026885, 36.963882], [-122.026567, 36.963558], [-122.026515, 36.963505], [-122.026289, 36.963343], [-122.026002, 36.963212], [-122.025779, 36.963137], [-122.025105, 36.963063], [-122.025143, 36.962768], [-122.025167, 36.962559], [-122.02518, 36.962437], [-122.025194, 36.962315], [-122.025238, 36.962096], [-122.025325, 36.961772], [-122.025381, 36.961599], [-122.025514, 36.961261], [-122.025712, 36.960435], [-122.025761, 36.960183], [-122.026081, 36.960386], [-122.027415, 36.960476], [-122.027346, 36.961233], [-122.027861, 36.961001], [-122.028076, 36.960904], [-122.028352, 36.960782], [-122.02928, 36.96045], [-122.030203, 36.960408], [-122.030652, 36.960448], [-122.030737, 36.960457], [-122.030822, 36.960471], [-122.030904, 36.960492], [-122.030984, 36.960518], [-122.03146, 36.960692], [-122.032482, 36.961374], [-122.033326, 36.961939], [-122.03492, 36.963003], [-122.034973, 36.963039], [-122.03542, 36.963337], [-122.035383, 36.963709], [-122.035616, 36.963806], [-122.035824, 36.963848], [-122.035941, 36.963872], [-122.035979, 36.963876], [-122.036199, 36.963896], [-122.036512, 36.96389], [-122.036823, 36.963846], [-122.037131, 36.963758], [-122.03752, 36.963582], [-122.037538, 36.963571], [-122.037689, 36.963481], [-122.038187, 36.962944], [-122.038496, 36.962646], [-122.038632, 36.962721], [-122.038811, 36.962807], [-122.039667, 36.962293], [-122.039816, 36.962374], [-122.039825, 36.96238], [-122.040213, 36.962592], [-122.040164, 36.962648], [-122.039922, 36.962921], [-122.03998, 36.962953], [-122.039744, 36.963229], [-122.039686, 36.963297], [-122.039772, 36.963344], [-122.039711, 36.96341], [-122.039442, 36.963699], [-122.039374, 36.963658], [-122.039272, 36.963767], [-122.039169, 36.963877], [-122.039066, 36.963987], [-122.038964, 36.964097], [-122.038861, 36.964207], [-122.038758, 36.964317], [-122.038656, 36.964427], [-122.038553, 36.964537], [-122.03845, 36.964646], [-122.038518, 36.964688], [-122.038416, 36.964798], [-122.038476, 36.964835], [-122.038227, 36.965101], [-122.038165, 36.965167], [-122.038228, 36.965209], [-122.038163, 36.965272], [-122.037901, 36.965526], [-122.03765, 36.96577], [-122.037593, 36.965825], [-122.03743, 36.965716], [-122.03743, 36.965717], [-122.037295, 36.965627], [-122.035822, 36.964648], [-122.035601, 36.964502], [-122.035388, 36.964377], [-122.03532, 36.964343], [-122.035277, 36.964777], [-122.034865, 36.968916], [-122.033732, 36.96845], [-122.033333, 36.968432]]]}}, {"type": "Feature", "properties": {"id": 31303}, "geometry": {"type": "Polygon", "coordinates": [[[-122.028495, 36.966697], [-122.028685, 36.966641], [-122.028817, 36.966599], [-122.028847, 36.96659], [-122.02901, 36.966538], [-122.029114, 36.966505], [-122.029173, 36.966487], [-122.029335, 36.966435], [-122.029498, 36.966384], [-122.029661, 36.966332], [-122.02982, 36.966282], [-122.02998, 36.966231], [-122.03014, 36.966181], [-122.0303, 36.96613], [-122.03046, 36.966079], [-122.030364, 36.965816], [-122.030523, 36.965765], [-122.03064, 36.966095], [-122.030643, 36.966094], [-122.03066, 36.96609], [-122.030927, 36.966027], [-122.031078, 36.965991], [-122.031078, 36.965991], [-122.031108, 36.966071], [-122.031131, 36.966134], [-122.031151, 36.966188], [-122.031173, 36.966209], [-122.031272, 36.966303], [-122.03139, 36.966418], [-122.031414, 36.966412], [-122.031449, 36.966404], [-122.031744, 36.966334], [-122.032113, 36.966246], [-122.032111, 36.966216], [-122.032103, 36.966112], [-122.032108, 36.966111], [-122.03227, 36.966106], [-122.032351, 36.9669], [-122.032357, 36.966957], [-122.032705, 36.967006], [-122.032756, 36.967013], [-122.03305, 36.967054], [-122.033207, 36.967077], [-122.033211, 36.967125], [-122.033224, 36.967254], [-122.033231, 36.967319], [-122.033247, 36.967479], [-122.033258, 36.967592], [-122.033263, 36.967639], [-122.03327, 36.967714], [-122.03328, 36.967807], [-122.033291, 36.967917], [-122.033302, 36.968026], [-122.033315, 36.968158], [-122.033318, 36.968191], [-122.033326, 36.968266], [-122.033334, 36.968355], [-122.033333, 36.968432], [-122.032363, 36.968389], [-122.030464, 36.968589], [-122.030381, 36.968598], [-122.029339, 36.968709], [-122.029333, 36.96871], [-122.029321, 36.968678], [-122.029286, 36.968582], [-122.029275, 36.968551], [-122.028495, 36.966697]]]}}, {"type": "Feature", "properties": {"id": 31601}, "geometry": {"type": "Polygon", "coordinates": [[[-122.056732, 36.964027], [-122.05534, 36.96293], [-122.054936, 36.962935], [-122.054734, 36.9629], [-122.054554, 36.962854], [-122.054424, 36.962885], [-122.054331, 36.962962], [-122.054321, 36.963058], [-122.054418, 36.963171], [-122.054707, 36.963348], [-122.055566, 36.964062], [-122.055579, 36.965855], [-122.055652, 36.96592], [-122.055654, 36.966044], [-122.056957, 36.967543], [-122.058012, 36.967565], [-122.058068, 36.967625], [-122.058241, 36.968125], [-122.058412, 36.968616], [-122.058471, 36.968835], [-122.058478, 36.968889], [-122.058483, 36.968951], [-122.058462, 36.970011], [-122.058459, 36.970205], [-122.058468, 36.970856], [-122.058444, 36.971545], [-122.058455, 36.972084], [-122.05845, 36.972249], [-122.058436, 36.972452], [-122.058426, 36.972954], [-122.058415, 36.973465], [-122.058407, 36.973971], [-122.058391, 36.974662], [-122.057477, 36.974752], [-122.057293, 36.97477], [-122.057293, 36.974771], [-122.057284, 36.974772], [-122.055636, 36.974926], [-122.055252, 36.974963], [-122.055252, 36.974962], [-122.055432, 36.974876], [-122.055683, 36.974245], [-122.056092, 36.973225], [-122.05609, 36.973224], [-122.056101, 36.973204], [-122.056247, 36.972945], [-122.056248, 36.972943], [-122.056308, 36.972779], [-122.056547, 36.972539], [-122.056894, 36.971574], [-122.056887, 36.971549], [-122.056861, 36.971462], [-122.056743, 36.971064], [-122.056684, 36.970865], [-122.056712, 36.970725], [-122.056767, 36.970499], [-122.056754, 36.97038], [-122.056699, 36.970121], [-122.056654, 36.969737], [-122.056211, 36.969145], [-122.056081, 36.96897], [-122.056066, 36.968951], [-122.055901, 36.968431], [-122.055754, 36.967967], [-122.055484, 36.967601], [-122.055446, 36.967549], [-122.055289, 36.967336], [-122.055239, 36.967268], [-122.055231, 36.967262], [-122.054957, 36.967048], [-122.054682, 36.966833], [-122.054352, 36.966355], [-122.054319, 36.966307], [-122.054051, 36.965917], [-122.053994, 36.965915], [-122.053997, 36.9659], [-122.053503, 36.965913], [-122.05351, 36.965886], [-122.053523, 36.965837], [-122.053537, 36.965781], [-122.053648, 36.965341], [-122.053675, 36.965232], [-122.053658, 36.964927], [-122.053651, 36.964806], [-122.05365, 36.964788], [-122.053631, 36.964457], [-122.053629, 36.964422], [-122.053478, 36.964242], [-122.053326, 36.964061], [-122.053218, 36.963933], [-122.052941, 36.963784], [-122.052934, 36.96378], [-122.053025, 36.963481], [-122.052895, 36.963449], [-122.052613, 36.962861], [-122.052528, 36.96287], [-122.052494, 36.962655], [-122.052485, 36.962598], [-122.052476, 36.962546], [-122.052299, 36.961428], [-122.052404, 36.961274], [-122.052307, 36.960673], [-122.052287, 36.960527], [-122.053344, 36.960611], [-122.056658, 36.960875], [-122.05666, 36.960876], [-122.056668, 36.96124], [-122.056677, 36.961712], [-122.056715, 36.962043], [-122.056805, 36.962834], [-122.056866, 36.963369], [-122.056866, 36.963439], [-122.05686, 36.963511], [-122.056839, 36.963626], [-122.056736, 36.96401], [-122.056732, 36.964027]]]}}, {"type": "Feature", "properties": {"id": 31607}, "geometry": {"type": "Polygon", "coordinates": [[[-122.056732, 36.964027], [-122.056715, 36.964099], [-122.0567, 36.96421], [-122.056645, 36.964872], [-122.056624, 36.965119], [-122.056587, 36.965788], [-122.056599, 36.965884], [-122.056619, 36.965979], [-122.056734, 36.96613], [-122.056945, 36.966372], [-122.057213, 36.966674], [-122.05757, 36.967071], [-122.058012, 36.967565], [-122.056957, 36.967543], [-122.055654, 36.966044], [-122.055652, 36.96592], [-122.055579, 36.965855], [-122.055566, 36.964062], [-122.054707, 36.963348], [-122.054418, 36.963171], [-122.054321, 36.963058], [-122.054331, 36.962962], [-122.054424, 36.962885], [-122.054554, 36.962854], [-122.054734, 36.9629], [-122.054936, 36.962935], [-122.05534, 36.96293], [-122.056732, 36.964027]]]}}, {"type": "Feature", "properties": {"id": 31380}, "geometry": {"type": "Polygon", "coordinates": [[[-122.037787, 36.965954], [-122.03743, 36.965717], [-122.03743, 36.965716], [-122.037593, 36.965825], [-122.03765, 36.96577], [-122.037901, 36.965526], [-122.038163, 36.965272], [-122.038228, 36.965209], [-122.038165, 36.965167], [-122.038227, 36.965101], [-122.038476, 36.964835], [-122.038416, 36.964798], [-122.038518, 36.964688], [-122.03845, 36.964646], [-122.038553, 36.964537], [-122.038656, 36.964427], [-122.038758, 36.964317], [-122.038861, 36.964207], [-122.038964, 36.964097], [-122.039066, 36.963987], [-122.039169, 36.963877], [-122.039272, 36.963767], [-122.039374, 36.963658], [-122.039442, 36.963699], [-122.039711, 36.96341], [-122.039772, 36.963344], [-122.039686, 36.963297], [-122.039744, 36.963229], [-122.03998, 36.962953], [-122.039922, 36.962921], [-122.040164, 36.962648], [-122.040213, 36.962592], [-122.039825, 36.96238], [-122.039816, 36.962374], [-122.039667, 36.962293], [-122.038811, 36.962807], [-122.038632, 36.962721], [-122.038496, 36.962646], [-122.038187, 36.962944], [-122.037689, 36.963481], [-122.037538, 36.963571], [-122.03752, 36.963582], [-122.037131, 36.963758], [-122.036823, 36.963846], [-122.036512, 36.96389], [-122.036199, 36.963896], [-122.035979, 36.963876], [-122.035941, 36.963872], [-122.035824, 36.963848], [-122.035616, 36.963806], [-122.035383, 36.963709], [-122.035383, 36.963709], [-122.03542, 36.963337], [-122.034973, 36.963039], [-122.03492, 36.963003], [-122.033326, 36.961939], [-122.033327, 36.961853], [-122.033408, 36.96101], [-122.033853, 36.961037], [-122.03386, 36.960969], [-122.033866, 36.960901], [-122.033873, 36.96083], [-122.03388, 36.960762], [-122.033886, 36.960693], [-122.033893, 36.960624], [-122.033899, 36.960556], [-122.033906, 36.960485], [-122.033913, 36.960419], [-122.033919, 36.960351], [-122.033926, 36.960282], [-122.033932, 36.960214], [-122.033939, 36.960145], [-122.033947, 36.960063], [-122.034391, 36.96009], [-122.034425, 36.959733], [-122.034527, 36.959739], [-122.034749, 36.959754], [-122.034724, 36.959614], [-122.034713, 36.959542], [-122.034704, 36.959475], [-122.034725, 36.959477], [-122.03473, 36.959512], [-122.034759, 36.959512], [-122.034885, 36.959511], [-122.034887, 36.959411], [-122.03489, 36.959355], [-122.03502, 36.959361], [-122.035022, 36.959342], [-122.035022, 36.959333], [-122.035023, 36.959323], [-122.035025, 36.959305], [-122.035027, 36.959286], [-122.035029, 36.959268], [-122.035036, 36.959212], [-122.035036, 36.959211], [-122.035037, 36.959209], [-122.035049, 36.959137], [-122.035049, 36.959137], [-122.035049, 36.959136], [-122.035063, 36.959065], [-122.035063, 36.959064], [-122.035065, 36.959058], [-122.035081, 36.958992], [-122.035083, 36.958983], [-122.035086, 36.958973], [-122.035117, 36.958866], [-122.035141, 36.958802], [-122.035347, 36.958848], [-122.035486, 36.95888], [-122.035624, 36.958911], [-122.036041, 36.959005], [-122.036179, 36.959037], [-122.036163, 36.959085], [-122.036126, 36.95923], [-122.036126, 36.95923], [-122.036838, 36.959323], [-122.036838, 36.959325], [-122.036838, 36.959325], [-122.036825, 36.959412], [-122.036821, 36.959509], [-122.036825, 36.959587], [-122.036827, 36.959605], [-122.036844, 36.959701], [-122.036872, 36.959796], [-122.03691, 36.959888], [-122.036957, 36.959978], [-122.037014, 36.960064], [-122.03708, 36.960145], [-122.037155, 36.960222], [-122.037206, 36.960265], [-122.037238, 36.960293], [-122.037328, 36.960358], [-122.037425, 36.960416], [-122.037426, 36.960417], [-122.037514, 36.960461], [-122.037621, 36.960506], [-122.037733, 36.960543], [-122.037815, 36.960563], [-122.037849, 36.960572], [-122.037967, 36.960593], [-122.038087, 36.960605], [-122.038208, 36.960609], [-122.038328, 36.960605], [-122.038448, 36.960592], [-122.038621, 36.960558], [-122.038735, 36.960525], [-122.038845, 36.960484], [-122.03895, 36.960436], [-122.03903, 36.96039], [-122.039049, 36.96038], [-122.039142, 36.960318], [-122.039227, 36.960249], [-122.039355, 36.960127], [-122.039399, 36.960147], [-122.03976, 36.960345], [-122.040971, 36.961008], [-122.041323, 36.961202], [-122.041324, 36.961204], [-122.041375, 36.961232], [-122.041428, 36.961261], [-122.041588, 36.961349], [-122.041642, 36.961379], [-122.041642, 36.961379], [-122.041099, 36.962004], [-122.041059, 36.962056], [-122.041008, 36.962121], [-122.040526, 36.962677], [-122.040479, 36.962738], [-122.040434, 36.962796], [-122.040364, 36.962874], [-122.040009, 36.963275], [-122.039891, 36.963409], [-122.039935, 36.963433], [-122.040068, 36.963505], [-122.040113, 36.96353], [-122.039775, 36.963891], [-122.03876, 36.964977], [-122.038423, 36.965339], [-122.038368, 36.9654], [-122.038299, 36.965465], [-122.037914, 36.965831], [-122.037787, 36.965954]]]}}, {"type": "Feature", "properties": {"id": 31220}, "geometry": {"type": "Polygon", "coordinates": [[[-122.009043, 36.976528], [-122.008563, 36.9753], [-122.008674, 36.975279], [-122.011056, 36.975104], [-122.011627, 36.975062], [-122.013065, 36.974956], [-122.013423, 36.974926], [-122.013923, 36.974881], [-122.014822, 36.974646], [-122.015278, 36.974529], [-122.015861, 36.974378], [-122.015869, 36.974375], [-122.015871, 36.974374], [-122.016977, 36.973932], [-122.017486, 36.97369], [-122.018268, 36.973319], [-122.018275, 36.973315], [-122.018541, 36.973929], [-122.018606, 36.97404], [-122.01883, 36.974345], [-122.018915, 36.974571], [-122.019036, 36.974883], [-122.019167, 36.975183], [-122.019294, 36.975492], [-122.019477, 36.975848], [-122.019682, 36.976162], [-122.019533, 36.976218], [-122.019435, 36.976255], [-122.019369, 36.976263], [-122.019372, 36.976271], [-122.019194, 36.976286], [-122.019044, 36.976277], [-122.019044, 36.976277], [-122.019014, 36.976209], [-122.018697, 36.9763], [-122.018565, 36.976371], [-122.018497, 36.976393], [-122.018322, 36.976481], [-122.018179, 36.97636], [-122.018114, 36.976306], [-122.018051, 36.976253], [-122.01805, 36.976252], [-122.017998, 36.976209], [-122.017882, 36.976112], [-122.017732, 36.975986], [-122.017672, 36.975936], [-122.017507, 36.975797], [-122.01741, 36.975715], [-122.017316, 36.975821], [-122.01711, 36.976054], [-122.016915, 36.97627], [-122.016866, 36.976325], [-122.016789, 36.976385], [-122.016788, 36.976386], [-122.016575, 36.976552], [-122.01649, 36.976618], [-122.01596, 36.976914], [-122.015844, 36.976985], [-122.014234, 36.977869], [-122.014144, 36.977918], [-122.013522, 36.97826], [-122.012421, 36.978835], [-122.01242, 36.978836], [-122.01188, 36.979119], [-122.011439, 36.979349], [-122.010655, 36.979757], [-122.010652, 36.979759], [-122.009687, 36.980196], [-122.009649, 36.980105], [-122.009649, 36.980105], [-122.009377, 36.979459], [-122.009372, 36.979449], [-122.009346, 36.979386], [-122.009319, 36.979323], [-122.009293, 36.97926], [-122.00928, 36.979232], [-122.009204, 36.97905], [-122.009201, 36.979043], [-122.009146, 36.978906], [-122.009093, 36.978768], [-122.009046, 36.978647], [-122.009038, 36.978627], [-122.008996, 36.978519], [-122.008993, 36.978512], [-122.008946, 36.97839], [-122.008909, 36.978296], [-122.008896, 36.978262], [-122.008846, 36.978133], [-122.008796, 36.978005], [-122.008746, 36.977877], [-122.008809, 36.977717], [-122.008756, 36.97758], [-122.008702, 36.977443], [-122.008649, 36.977307], [-122.00862, 36.977234], [-122.008595, 36.97717], [-122.008581, 36.977133], [-122.008541, 36.977032], [-122.008539, 36.977026], [-122.008489, 36.976897], [-122.008488, 36.976895], [-122.008432, 36.976753], [-122.008407, 36.976688], [-122.009043, 36.976528]]]}}, {"type": "Feature", "properties": {"id": 31280}, "geometry": {"type": "Polygon", "coordinates": [[[-122.012569, 36.966051], [-122.012629, 36.966005], [-122.012696, 36.966073], [-122.012711, 36.966089], [-122.01295, 36.966506], [-122.012966, 36.966549], [-122.01302, 36.966695], [-122.01324, 36.96698], [-122.012665, 36.967171], [-122.012747, 36.967378], [-122.012938, 36.967862], [-122.01294, 36.967867], [-122.012938, 36.96787], [-122.012912, 36.967907], [-122.012201, 36.96889], [-122.011871, 36.969351], [-122.011319, 36.970122], [-122.011173, 36.970319], [-122.011172, 36.970321], [-122.011115, 36.970385], [-122.011052, 36.970447], [-122.010984, 36.970504], [-122.010663, 36.970741], [-122.01015, 36.97112], [-122.01, 36.971314], [-122.010013, 36.971438], [-122.010015, 36.971451], [-122.008044, 36.971609], [-122.00805, 36.971201], [-122.007948, 36.9712], [-122.007616, 36.971197], [-122.007537, 36.971196], [-122.007539, 36.971058], [-122.00754, 36.971017], [-122.007541, 36.970921], [-122.007541, 36.970899], [-122.007542, 36.97085], [-122.007244, 36.97083], [-122.007245, 36.970802], [-122.007245, 36.970687], [-122.007248, 36.970626], [-122.00725, 36.970571], [-122.007252, 36.970489], [-122.007254, 36.970421], [-122.007255, 36.970348], [-122.006933, 36.970315], [-122.006934, 36.970243], [-122.006848, 36.970234], [-122.006763, 36.970225], [-122.006602, 36.970208], [-122.006568, 36.970205], [-122.006429, 36.97019], [-122.006425, 36.97019], [-122.006255, 36.970172], [-122.006085, 36.970154], [-122.006084, 36.970154], [-122.005916, 36.970136], [-122.005911, 36.970136], [-122.005746, 36.970119], [-122.005738, 36.970118], [-122.005634, 36.970107], [-122.005617, 36.970105], [-122.005545, 36.970097], [-122.005215, 36.970063], [-122.005042, 36.970044], [-122.004085, 36.969951], [-122.004095, 36.969823], [-122.004093, 36.969687], [-122.004066, 36.969552], [-122.004037, 36.969412], [-122.00401, 36.969277], [-122.00401, 36.969277], [-122.00401, 36.969277], [-122.003951, 36.969005], [-122.003874, 36.968648], [-122.003845, 36.9686], [-122.00376, 36.968465], [-122.00364, 36.968274], [-122.004387, 36.96816], [-122.004532, 36.968136], [-122.004905, 36.968081], [-122.00625, 36.96779], [-122.007385, 36.967561], [-122.007771, 36.967462], [-122.007872, 36.967439], [-122.00789, 36.967434], [-122.007973, 36.967418], [-122.008066, 36.967399], [-122.008539, 36.967302], [-122.008935, 36.967221], [-122.00907, 36.967193], [-122.009358, 36.967135], [-122.009719, 36.967061], [-122.009984, 36.967007], [-122.010083, 36.966984], [-122.010495, 36.96689], [-122.010794, 36.96682], [-122.010976, 36.966774], [-122.010977, 36.966773], [-122.011156, 36.966722], [-122.011313, 36.966672], [-122.011314, 36.966672], [-122.011468, 36.966618], [-122.011469, 36.966617], [-122.01162, 36.966559], [-122.011626, 36.966556], [-122.011628, 36.966556], [-122.011631, 36.966554], [-122.011731, 36.966512], [-122.011733, 36.966511], [-122.01183, 36.966469], [-122.011917, 36.966431], [-122.012003, 36.966391], [-122.012084, 36.966352], [-122.012163, 36.96631], [-122.012172, 36.966306], [-122.012218, 36.96628], [-122.012338, 36.966209], [-122.012454, 36.966133], [-122.012566, 36.966054], [-122.012569, 36.966051]]]}}, {"type": "Feature", "properties": {"id": 31602}, "geometry": {"type": "Polygon", "coordinates": [[[-122.060694, 36.977878], [-122.060876, 36.97742], [-122.060957, 36.976855], [-122.061129, 36.976669], [-122.061136, 36.976669], [-122.061485, 36.97667], [-122.061432, 36.975783], [-122.061444, 36.975783], [-122.06142, 36.975394], [-122.061396, 36.975395], [-122.061372, 36.975006], [-122.061385, 36.975005], [-122.061351, 36.974442], [-122.06135, 36.974425], [-122.061347, 36.974381], [-122.061279, 36.974388], [-122.060436, 36.974469], [-122.060147, 36.974497], [-122.060146, 36.974489], [-122.060145, 36.974441], [-122.06014, 36.974304], [-122.060129, 36.973952], [-122.060099, 36.973055], [-122.060065, 36.972017], [-122.060064, 36.972007], [-122.060064, 36.970513], [-122.060064, 36.969223], [-122.060064, 36.967623], [-122.060064, 36.966331], [-122.060064, 36.96519], [-122.060064, 36.964447], [-122.060064, 36.964008], [-122.060064, 36.963504], [-122.060064, 36.963074], [-122.060064, 36.961397], [-122.060072, 36.961264], [-122.060079, 36.961139], [-122.060102, 36.961141], [-122.060802, 36.961191], [-122.062577, 36.961319], [-122.062636, 36.961268], [-122.065377, 36.961484], [-122.065411, 36.961827], [-122.066321, 36.964994], [-122.066365, 36.964994], [-122.068298, 36.964968], [-122.069095, 36.967858], [-122.069437, 36.968743], [-122.070868, 36.972434], [-122.070309, 36.977564], [-122.064841, 36.977466], [-122.064838, 36.977953], [-122.064076, 36.977959], [-122.063925, 36.97796], [-122.063778, 36.977961], [-122.063729, 36.977961], [-122.063608, 36.977962], [-122.063366, 36.977963], [-122.063344, 36.977963], [-122.063259, 36.977963], [-122.062632, 36.977966], [-122.062606, 36.977966], [-122.062167, 36.977967], [-122.061284, 36.977971], [-122.0611, 36.977972], [-122.060835, 36.977973], [-122.060792, 36.977973], [-122.060767, 36.977973], [-122.060739, 36.977973], [-122.060694, 36.977878]]]}}, {"type": "Feature", "properties": {"id": 31202}, "geometry": {"type": "Polygon", "coordinates": [[[-122.016155, 36.968029], [-122.016505, 36.96806], [-122.019012, 36.968208], [-122.021066, 36.968293], [-122.021787, 36.968601], [-122.02201, 36.968696], [-122.022717, 36.969576], [-122.022782, 36.969758], [-122.022783, 36.96976], [-122.023031, 36.970461], [-122.023023, 36.971081], [-122.022469, 36.971347], [-122.021867, 36.971635], [-122.021867, 36.971635], [-122.021839, 36.971648], [-122.021701, 36.971703], [-122.021701, 36.971703], [-122.021556, 36.971761], [-122.021506, 36.971781], [-122.020622, 36.972201], [-122.020478, 36.972269], [-122.019331, 36.972814], [-122.018275, 36.973315], [-122.018275, 36.973315], [-122.018268, 36.973319], [-122.018268, 36.973319], [-122.018055, 36.972842], [-122.017418, 36.971413], [-122.017206, 36.970937], [-122.017094, 36.970678], [-122.016878, 36.970173], [-122.016757, 36.969903], [-122.016642, 36.969646], [-122.016557, 36.969455], [-122.016303, 36.968885], [-122.016219, 36.968695], [-122.016155, 36.968029]]]}}, {"type": "Feature", "properties": {"id": 31605}, "geometry": {"type": "Polygon", "coordinates": [[[-122.060172, 36.980624], [-122.060092, 36.980624], [-122.059972, 36.980648], [-122.059942, 36.980618], [-122.059941, 36.980617], [-122.059628, 36.980362], [-122.059519, 36.980279], [-122.059414, 36.980191], [-122.059316, 36.9801], [-122.059224, 36.980004], [-122.059138, 36.979904], [-122.059058, 36.979801], [-122.058986, 36.979695], [-122.058905, 36.979596], [-122.058819, 36.9795], [-122.058726, 36.979407], [-122.058629, 36.979318], [-122.058526, 36.979233], [-122.058418, 36.979152], [-122.058306, 36.979075], [-122.058123, 36.97895], [-122.058229, 36.978766], [-122.058269, 36.978702], [-122.058284, 36.978666], [-122.058294, 36.978625], [-122.05831, 36.97841], [-122.058323, 36.978159], [-122.058328, 36.977889], [-122.058332, 36.97772], [-122.058342, 36.977281], [-122.058347, 36.977082], [-122.058348, 36.977048], [-122.058354, 36.976814], [-122.058356, 36.976639], [-122.058364, 36.976117], [-122.058368, 36.975943], [-122.058372, 36.975688], [-122.058386, 36.974923], [-122.058391, 36.974669], [-122.058391, 36.974662], [-122.058407, 36.973971], [-122.058415, 36.973465], [-122.058426, 36.972954], [-122.058436, 36.972452], [-122.05845, 36.972249], [-122.058455, 36.972084], [-122.058444, 36.971545], [-122.058468, 36.970856], [-122.058459, 36.970205], [-122.058462, 36.970011], [-122.058483, 36.968951], [-122.058478, 36.968889], [-122.058471, 36.968835], [-122.058412, 36.968616], [-122.058241, 36.968125], [-122.058068, 36.967625], [-122.058012, 36.967565], [-122.05757, 36.967071], [-122.057213, 36.966674], [-122.056945, 36.966372], [-122.056734, 36.96613], [-122.056619, 36.965979], [-122.056599, 36.965884], [-122.056587, 36.965788], [-122.056624, 36.965119], [-122.056645, 36.964872], [-122.0567, 36.96421], [-122.056715, 36.964099], [-122.056736, 36.96401], [-122.056839, 36.963626], [-122.05686, 36.963511], [-122.056866, 36.963439], [-122.056866, 36.963369], [-122.056805, 36.962834], [-122.056715, 36.962043], [-122.056677, 36.961712], [-122.056668, 36.96124], [-122.05666, 36.960876], [-122.057299, 36.960926], [-122.057466, 36.96094], [-122.05895, 36.961058], [-122.060079, 36.961139], [-122.060072, 36.961264], [-122.060064, 36.961397], [-122.060064, 36.963074], [-122.060064, 36.963504], [-122.060064, 36.964008], [-122.060064, 36.964447], [-122.060064, 36.96519], [-122.060064, 36.966331], [-122.060064, 36.967623], [-122.060064, 36.969223], [-122.060064, 36.970513], [-122.060064, 36.972007], [-122.060065, 36.972017], [-122.060099, 36.973055], [-122.060129, 36.973952], [-122.06014, 36.974304], [-122.060145, 36.974441], [-122.060146, 36.974489], [-122.060147, 36.974497], [-122.060436, 36.974469], [-122.061279, 36.974388], [-122.061347, 36.974381], [-122.06135, 36.974425], [-122.061351, 36.974442], [-122.061385, 36.975005], [-122.061372, 36.975006], [-122.061396, 36.975395], [-122.06142, 36.975394], [-122.061444, 36.975783], [-122.061432, 36.975783], [-122.061485, 36.97667], [-122.061136, 36.976669], [-122.061129, 36.976669], [-122.060957, 36.976855], [-122.060876, 36.97742], [-122.060694, 36.977878], [-122.060739, 36.977973], [-122.06126, 36.979086], [-122.061262, 36.97909], [-122.061263, 36.979095], [-122.061303, 36.979197], [-122.061295, 36.979214], [-122.061266, 36.979287], [-122.061234, 36.979369], [-122.061134, 36.979621], [-122.061076, 36.979688], [-122.061041, 36.979776], [-122.061046, 36.979815], [-122.061053, 36.979866], [-122.061054, 36.979869], [-122.061055, 36.979881], [-122.061066, 36.979953], [-122.061076, 36.980025], [-122.061094, 36.980156], [-122.061096, 36.980173], [-122.061118, 36.98033], [-122.061139, 36.980477], [-122.061153, 36.980561], [-122.061168, 36.980649], [-122.061166, 36.980649], [-122.060782, 36.980638], [-122.060583, 36.980634], [-122.060572, 36.980633], [-122.060421, 36.980629], [-122.060274, 36.980624], [-122.060264, 36.980624], [-122.060227, 36.980624], [-122.060172, 36.980624]]]}}, {"type": "Feature", "properties": {"id": 31212}, "geometry": {"type": "Polygon", "coordinates": [[[-122.016155, 36.968029], [-122.016219, 36.968695], [-122.016303, 36.968885], [-122.016557, 36.969455], [-122.016642, 36.969646], [-122.016757, 36.969903], [-122.016878, 36.970173], [-122.017094, 36.970678], [-122.017206, 36.970937], [-122.017418, 36.971413], [-122.018055, 36.972842], [-122.018268, 36.973319], [-122.017486, 36.97369], [-122.016977, 36.973932], [-122.016596, 36.974084], [-122.016441, 36.974146], [-122.016441, 36.974146], [-122.016359, 36.974096], [-122.01623, 36.973848], [-122.016071, 36.973911], [-122.016006, 36.973784], [-122.015953, 36.973805], [-122.015893, 36.973687], [-122.015887, 36.973677], [-122.016097, 36.973593], [-122.016032, 36.973468], [-122.016079, 36.97345], [-122.016078, 36.973448], [-122.016178, 36.973406], [-122.016125, 36.97328], [-122.016062, 36.973304], [-122.015999, 36.973179], [-122.015929, 36.973042], [-122.015895, 36.972976], [-122.015836, 36.972998], [-122.015803, 36.972933], [-122.015735, 36.972801], [-122.015868, 36.972751], [-122.016012, 36.972696], [-122.016156, 36.972642], [-122.0163, 36.972587], [-122.016434, 36.972537], [-122.016558, 36.972489], [-122.016419, 36.972301], [-122.016343, 36.972209], [-122.016268, 36.97211], [-122.016249, 36.972086], [-122.016156, 36.971965], [-122.01612, 36.971918], [-122.016063, 36.971843], [-122.015999, 36.97176], [-122.015972, 36.971724], [-122.015902, 36.971634], [-122.015881, 36.971606], [-122.015734, 36.971414], [-122.015728, 36.971416], [-122.015712, 36.971347], [-122.015685, 36.971311], [-122.015684, 36.971264], [-122.015627, 36.971118], [-122.015168, 36.970075], [-122.014844, 36.970168], [-122.014844, 36.970168], [-122.014725, 36.970004], [-122.014721, 36.969577], [-122.014061, 36.968528], [-122.01406, 36.968348], [-122.014055, 36.967576], [-122.014156, 36.967682], [-122.014209, 36.967716], [-122.01447, 36.967882], [-122.016155, 36.968029]]]}}, {"type": "Feature", "properties": {"id": 31411}, "geometry": {"type": "Polygon", "coordinates": [[[-122.037292, 36.96957], [-122.036324, 36.96931], [-122.035694, 36.96914], [-122.034865, 36.968916], [-122.035027, 36.967288], [-122.035027, 36.967286], [-122.035465, 36.967331], [-122.036779, 36.967466], [-122.037218, 36.967512], [-122.037507, 36.967543], [-122.038378, 36.967639], [-122.03855, 36.967658], [-122.038662, 36.967677], [-122.038667, 36.967678], [-122.038803, 36.96771], [-122.038743, 36.967751], [-122.038684, 36.967791], [-122.038645, 36.967823], [-122.038642, 36.96784], [-122.038636, 36.967845], [-122.038627, 36.967845], [-122.038581, 36.967883], [-122.038541, 36.967926], [-122.03855, 36.967931], [-122.038501, 36.967987], [-122.038456, 36.968045], [-122.038459, 36.968054], [-122.038457, 36.968058], [-122.038445, 36.968052], [-122.038348, 36.968191], [-122.038251, 36.968329], [-122.038168, 36.968447], [-122.038085, 36.968565], [-122.037962, 36.968761], [-122.037922, 36.968807], [-122.037879, 36.968874], [-122.0378, 36.968996], [-122.037713, 36.96913], [-122.037722, 36.969133], [-122.037712, 36.969149], [-122.03771, 36.969151], [-122.037693, 36.969177], [-122.037684, 36.969173], [-122.037592, 36.969315], [-122.037501, 36.969455], [-122.037427, 36.969566], [-122.037395, 36.969614], [-122.037292, 36.96957]]]}}, {"type": "Feature", "properties": {"id": 31370}, "geometry": {"type": "Polygon", "coordinates": [[[-122.042108, 36.964702], [-122.042236, 36.964553], [-122.042307, 36.964471], [-122.042352, 36.964428], [-122.04245, 36.964297], [-122.042701, 36.964019], [-122.042688, 36.96401], [-122.04282, 36.963874], [-122.042846, 36.963852], [-122.042855, 36.963851], [-122.042865, 36.963843], [-122.042864, 36.963836], [-122.042868, 36.963832], [-122.042985, 36.963699], [-122.043039, 36.963629], [-122.043173, 36.963474], [-122.043163, 36.963467], [-122.043263, 36.963351], [-122.043283, 36.963364], [-122.043297, 36.963349], [-122.043295, 36.963341], [-122.043337, 36.963293], [-122.043383, 36.963251], [-122.043478, 36.963122], [-122.04349, 36.963106], [-122.043499, 36.963104], [-122.043506, 36.963094], [-122.043504, 36.963087], [-122.043516, 36.963071], [-122.043568, 36.963012], [-122.043671, 36.962894], [-122.043737, 36.962819], [-122.043757, 36.962803], [-122.043766, 36.962802], [-122.043776, 36.962794], [-122.043775, 36.962787], [-122.043834, 36.962748], [-122.043842, 36.962757], [-122.043883, 36.962733], [-122.043875, 36.962724], [-122.043877, 36.962723], [-122.04388, 36.962721], [-122.043866, 36.962709], [-122.043897, 36.962682], [-122.043841, 36.962562], [-122.043883, 36.962531], [-122.043928, 36.962503], [-122.043976, 36.962477], [-122.044923, 36.962145], [-122.046237, 36.964501], [-122.046322, 36.964557], [-122.047155, 36.965107], [-122.046244, 36.966104], [-122.046203, 36.966162], [-122.046167, 36.966221], [-122.046136, 36.966282], [-122.046109, 36.966345], [-122.046074, 36.966424], [-122.046031, 36.966501], [-122.045982, 36.966575], [-122.045926, 36.966646], [-122.045864, 36.966713], [-122.045532, 36.967077], [-122.045466, 36.967033], [-122.045333, 36.966945], [-122.045293, 36.966989], [-122.045283, 36.967], [-122.045149, 36.966911], [-122.045017, 36.966824], [-122.044962, 36.966884], [-122.044835, 36.9668], [-122.04477, 36.966872], [-122.044501, 36.966693], [-122.044422, 36.966641], [-122.044623, 36.96642], [-122.044545, 36.966366], [-122.044245, 36.966162], [-122.044157, 36.966101], [-122.044115, 36.966073], [-122.044039, 36.966021], [-122.043984, 36.965984], [-122.043921, 36.96594], [-122.043822, 36.965873], [-122.043803, 36.96586], [-122.043692, 36.965784], [-122.043671, 36.96577], [-122.043561, 36.965695], [-122.043431, 36.965606], [-122.043311, 36.965524], [-122.043301, 36.965517], [-122.04317, 36.965428], [-122.04304, 36.965339], [-122.042951, 36.965278], [-122.04291, 36.96525], [-122.04282, 36.965189], [-122.04278, 36.965161], [-122.042657, 36.965077], [-122.042515, 36.96498], [-122.04248, 36.964956], [-122.0424, 36.964901], [-122.042108, 36.964702]]]}}, {"type": "Feature", "properties": {"id": 31621}, "geometry": {"type": "Polygon", "coordinates": [[[-122.042277, 36.951613], [-122.042371, 36.951548], [-122.042401, 36.951455], [-122.04249, 36.951401], [-122.042608, 36.951278], [-122.042719, 36.951236], [-122.04275, 36.951236], [-122.042809, 36.951212], [-122.042893, 36.951199], [-122.042897, 36.951198], [-122.0429, 36.951196], [-122.042903, 36.951193], [-122.042905, 36.951191], [-122.042907, 36.951187], [-122.042907, 36.951184], [-122.042908, 36.951181], [-122.042907, 36.951177], [-122.042906, 36.951174], [-122.042904, 36.951171], [-122.042902, 36.951168], [-122.042926, 36.951141], [-122.043104, 36.951131], [-122.043258, 36.951048], [-122.043271, 36.951035], [-122.043251, 36.950968], [-122.043271, 36.950858], [-122.043297, 36.950858], [-122.043321, 36.950861], [-122.043345, 36.950867], [-122.043368, 36.950877], [-122.043464, 36.950845], [-122.043477, 36.950851], [-122.043491, 36.950854], [-122.043506, 36.950855], [-122.043521, 36.950855], [-122.043536, 36.950852], [-122.043593, 36.950821], [-122.043604, 36.950813], [-122.043614, 36.950804], [-122.043622, 36.950793], [-122.043627, 36.950782], [-122.043631, 36.95077], [-122.043632, 36.950758], [-122.043633, 36.950734], [-122.043629, 36.950709], [-122.043621, 36.950686], [-122.043608, 36.950664], [-122.043591, 36.950643], [-122.043601, 36.95062], [-122.043619, 36.950618], [-122.043637, 36.950618], [-122.043655, 36.950621], [-122.043672, 36.950627], [-122.043687, 36.950635], [-122.043704, 36.950642], [-122.043719, 36.950652], [-122.043732, 36.950663], [-122.043743, 36.950675], [-122.043752, 36.950689], [-122.043758, 36.950704], [-122.043787, 36.950712], [-122.043867, 36.950695], [-122.043878, 36.950685], [-122.043887, 36.950674], [-122.043895, 36.950662], [-122.043899, 36.950649], [-122.043902, 36.950636], [-122.043902, 36.950622], [-122.043899, 36.950609], [-122.043924, 36.950596], [-122.043928, 36.950596], [-122.043932, 36.950597], [-122.043935, 36.950599], [-122.043938, 36.950601], [-122.043941, 36.950603], [-122.043943, 36.950606], [-122.043944, 36.950609], [-122.043945, 36.950612], [-122.043945, 36.950615], [-122.043944, 36.950618], [-122.043943, 36.950621], [-122.043957, 36.950613], [-122.043959, 36.950629], [-122.043965, 36.950646], [-122.043973, 36.950661], [-122.043985, 36.950675], [-122.043999, 36.950687], [-122.044015, 36.950698], [-122.044066, 36.950687], [-122.044128, 36.950654], [-122.044168, 36.95062], [-122.044206, 36.950674], [-122.044215, 36.950668], [-122.044224, 36.950661], [-122.04423, 36.950653], [-122.044235, 36.950644], [-122.044239, 36.950634], [-122.04424, 36.950625], [-122.044244, 36.950597], [-122.044292, 36.950626], [-122.044298, 36.950666], [-122.044316, 36.950781], [-122.044392, 36.950896], [-122.04456, 36.951797], [-122.044683, 36.952167], [-122.044706, 36.952485], [-122.044652, 36.952685], [-122.0446, 36.952958], [-122.044581, 36.953224], [-122.04462, 36.953522], [-122.044714, 36.953932], [-122.044584, 36.953949], [-122.044416, 36.953972], [-122.044247, 36.953995], [-122.044078, 36.954018], [-122.043909, 36.95404], [-122.043741, 36.954063], [-122.043572, 36.954086], [-122.043403, 36.954108], [-122.043234, 36.954131], [-122.043066, 36.954154], [-122.042893, 36.954177], [-122.042724, 36.9542], [-122.042553, 36.954223], [-122.042482, 36.953884], [-122.042449, 36.953722], [-122.042379, 36.953384], [-122.042308, 36.953045], [-122.042274, 36.952883], [-122.042241, 36.95272], [-122.042204, 36.952544], [-122.042163, 36.952347], [-122.042247, 36.952238], [-122.042298, 36.952184], [-122.042265, 36.951934], [-122.04227, 36.951804], [-122.042232, 36.95178], [-122.042225, 36.951739], [-122.042229, 36.951711], [-122.042257, 36.951671], [-122.042276, 36.951649], [-122.042277, 36.951613]]]}}, {"type": "Feature", "properties": {"id": 51511}, "geometry": {"type": "Polygon", "coordinates": [[[-122.02721, 36.985142], [-122.027714, 36.985298], [-122.027963, 36.985285], [-122.028247, 36.985269], [-122.028253, 36.985285], [-122.028415, 36.985791], [-122.028467, 36.985979], [-122.028553, 36.986292], [-122.028585, 36.986406], [-122.028595, 36.986442], [-122.028613, 36.986509], [-122.028666, 36.986649], [-122.028839, 36.987045], [-122.029011, 36.987381], [-122.029011, 36.987381], [-122.029112, 36.987595], [-122.029074, 36.987612], [-122.029043, 36.987676], [-122.029068, 36.987728], [-122.02917, 36.987733], [-122.029306, 36.988072], [-122.029336, 36.988147], [-122.029346, 36.988172], [-122.029352, 36.988183], [-122.02948, 36.988421], [-122.029594, 36.9887], [-122.029681, 36.988913], [-122.029815, 36.989242], [-122.029827, 36.98927], [-122.029842, 36.989308], [-122.029913, 36.98929], [-122.029934, 36.989345], [-122.029961, 36.989404], [-122.029994, 36.98946], [-122.030034, 36.989514], [-122.03008, 36.989565], [-122.030096, 36.989581], [-122.030167, 36.989648], [-122.03012, 36.98968], [-122.030497, 36.989978], [-122.030591, 36.990093], [-122.030707, 36.990259], [-122.030719, 36.990272], [-122.030731, 36.990316], [-122.030749, 36.990358], [-122.030773, 36.990398], [-122.030803, 36.990435], [-122.03086, 36.990494], [-122.030923, 36.990549], [-122.030992, 36.990598], [-122.031066, 36.990643], [-122.031168, 36.99068], [-122.031481, 36.990464], [-122.031656, 36.990657], [-122.031682, 36.990686], [-122.031794, 36.990748], [-122.03185, 36.990835], [-122.03187, 36.991022], [-122.031841, 36.991186], [-122.031788, 36.991484], [-122.031788, 36.991484], [-122.031532, 36.991379], [-122.031524, 36.991375], [-122.03148, 36.991357], [-122.031203, 36.991423], [-122.031201, 36.991423], [-122.0312, 36.991424], [-122.029254, 36.991914], [-122.029062, 36.991923], [-122.029062, 36.991923], [-122.029034, 36.99193], [-122.028753, 36.992008], [-122.028222, 36.992153], [-122.028129, 36.992177], [-122.028112, 36.992182], [-122.028101, 36.992095], [-122.028084, 36.992023], [-122.028066, 36.991979], [-122.028053, 36.991947], [-122.027969, 36.991793], [-122.027906, 36.991711], [-122.027826, 36.991618], [-122.027714, 36.991498], [-122.027652, 36.991442], [-122.027483, 36.991291], [-122.027465, 36.991274], [-122.027412, 36.991226], [-122.027395, 36.99121], [-122.02733, 36.99115], [-122.027238, 36.991066], [-122.027162, 36.990995], [-122.027136, 36.99097], [-122.027073, 36.990909], [-122.026974, 36.990783], [-122.026889, 36.990649], [-122.026877, 36.990627], [-122.026818, 36.990511], [-122.026763, 36.990368], [-122.026724, 36.990222], [-122.026701, 36.990073], [-122.026695, 36.989935], [-122.026702, 36.989796], [-122.026721, 36.989665], [-122.026728, 36.989632], [-122.026761, 36.989495], [-122.026826, 36.989304], [-122.026846, 36.989248], [-122.026851, 36.98923], [-122.026865, 36.989191], [-122.026909, 36.989006], [-122.026914, 36.988989], [-122.026924, 36.98893], [-122.026924, 36.988875], [-122.026901, 36.98876], [-122.026884, 36.988704], [-122.026875, 36.988689], [-122.026831, 36.988609], [-122.026796, 36.988556], [-122.026443, 36.988085], [-122.026295, 36.987887], [-122.026143, 36.987693], [-122.025915, 36.987401], [-122.025674, 36.987127], [-122.025513, 36.986943], [-122.025281, 36.986678], [-122.025039, 36.986429], [-122.024779, 36.986162], [-122.024471, 36.985866], [-122.024466, 36.985861], [-122.024475, 36.985857], [-122.026948, 36.98521], [-122.02721, 36.985142]]]}}, {"type": "Feature", "properties": {"id": 51200}, "geometry": {"type": "Polygon", "coordinates": [[[-122.014514, 36.980327], [-122.015321, 36.978486], [-122.015967, 36.977011], [-122.01596, 36.976914], [-122.01649, 36.976618], [-122.016575, 36.976552], [-122.016788, 36.976386], [-122.016789, 36.976385], [-122.016866, 36.976325], [-122.016915, 36.97627], [-122.01711, 36.976054], [-122.017316, 36.975821], [-122.01741, 36.975715], [-122.017507, 36.975797], [-122.017672, 36.975936], [-122.017732, 36.975986], [-122.017882, 36.976112], [-122.017998, 36.976209], [-122.01805, 36.976252], [-122.018051, 36.976253], [-122.018114, 36.976306], [-122.018179, 36.97636], [-122.018322, 36.976481], [-122.018327, 36.976504], [-122.018256, 36.976553], [-122.018095, 36.976664], [-122.018076, 36.976684], [-122.018009, 36.976755], [-122.017922, 36.976897], [-122.017828, 36.977061], [-122.017792, 36.977256], [-122.017778, 36.977312], [-122.017653, 36.977835], [-122.017581, 36.978112], [-122.017577, 36.978127], [-122.017477, 36.97841], [-122.017383, 36.978688], [-122.017334, 36.978835], [-122.017261, 36.978813], [-122.017199, 36.978996], [-122.017268, 36.979015], [-122.017249, 36.979074], [-122.017237, 36.979111], [-122.017233, 36.979126], [-122.017231, 36.979142], [-122.017231, 36.979143], [-122.017227, 36.979175], [-122.017226, 36.979183], [-122.017225, 36.979185], [-122.017225, 36.979194], [-122.017225, 36.979204], [-122.017225, 36.97921], [-122.017224, 36.979216], [-122.017224, 36.979218], [-122.017224, 36.979218], [-122.017224, 36.97923], [-122.017224, 36.979231], [-122.017226, 36.979274], [-122.017227, 36.979286], [-122.017228, 36.979296], [-122.017232, 36.979326], [-122.017233, 36.979331], [-122.017234, 36.979334], [-122.017234, 36.979336], [-122.017235, 36.979341], [-122.017237, 36.979347], [-122.017237, 36.97935], [-122.017237, 36.979351], [-122.017238, 36.979354], [-122.017239, 36.97936], [-122.01724, 36.979365], [-122.017248, 36.979394], [-122.017249, 36.979397], [-122.017261, 36.979489], [-122.017323, 36.979626], [-122.017432, 36.97977], [-122.017619, 36.979883], [-122.017936, 36.979972], [-122.018137, 36.980014], [-122.018284, 36.980047], [-122.018331, 36.980059], [-122.018332, 36.980059], [-122.018376, 36.980078], [-122.018376, 36.980078], [-122.018416, 36.980102], [-122.018431, 36.980113], [-122.018431, 36.980114], [-122.018444, 36.980127], [-122.018444, 36.980127], [-122.018453, 36.980141], [-122.01846, 36.980157], [-122.01846, 36.980157], [-122.018463, 36.980173], [-122.018463, 36.980174], [-122.018462, 36.98019], [-122.018442, 36.980395], [-122.018457, 36.980438], [-122.018495, 36.980554], [-122.018429, 36.98058], [-122.018332, 36.980619], [-122.018233, 36.980653], [-122.01813, 36.98068], [-122.017934, 36.980713], [-122.017078, 36.980872], [-122.017073, 36.980873], [-122.016843, 36.980913], [-122.016611, 36.980946], [-122.016372, 36.980981], [-122.016134, 36.981022], [-122.015898, 36.981068], [-122.015452, 36.981164], [-122.015321, 36.981194], [-122.015191, 36.981226], [-122.015063, 36.981262], [-122.014834, 36.981308], [-122.014603, 36.981346], [-122.01437, 36.981378], [-122.014136, 36.981402], [-122.01404, 36.98141], [-122.014514, 36.980327]]]}}, {"type": "Feature", "properties": {"id": 31201}, "geometry": {"type": "Polygon", "coordinates": [[[-122.012861, 36.981431], [-122.0127, 36.981428], [-122.012211, 36.981419], [-122.012048, 36.981417], [-122.011827, 36.981415], [-122.011457, 36.981412], [-122.011167, 36.981404], [-122.010947, 36.981399], [-122.010845, 36.981396], [-122.010291, 36.981397], [-122.010083, 36.981395], [-122.009462, 36.981389], [-122.009255, 36.981388], [-122.009046, 36.981384], [-122.008419, 36.981375], [-122.008211, 36.981372], [-122.007939, 36.981371], [-122.007123, 36.98137], [-122.006852, 36.98137], [-122.006848, 36.98137], [-122.006843, 36.981355], [-122.006991, 36.981251], [-122.007856, 36.981014], [-122.007909, 36.981], [-122.0095, 36.980281], [-122.009662, 36.980207], [-122.009687, 36.980196], [-122.010652, 36.979759], [-122.010655, 36.979757], [-122.011439, 36.979349], [-122.01188, 36.979119], [-122.01242, 36.978836], [-122.012421, 36.978835], [-122.013522, 36.97826], [-122.014144, 36.977918], [-122.014234, 36.977869], [-122.015844, 36.976985], [-122.01596, 36.976914], [-122.015967, 36.977011], [-122.015321, 36.978486], [-122.014514, 36.980327], [-122.01404, 36.98141], [-122.013831, 36.981423], [-122.013621, 36.98143], [-122.013412, 36.981432], [-122.012864, 36.981426], [-122.012861, 36.981431]]]}}]}